2025-05-29 08:46:02 INFO  main [mitsuba.cpp:274] Mitsuba version 0.6.0 (Linux, 64 bit), Copyright (c) 2017 Wenzel Jakob
2025-05-29 08:46:02 INFO  main [mitsuba.cpp:377] Parsing scene description from "scene/dining-room/dining-room.xml" ..
2025-05-29 08:46:02 INFO  main [scenehandler.cpp:675] In file "/mitsuba/scene/dining-room/dining-room.xml" (near line 18): Parsing included file "pmm_focal_recursive.xml" ..
2025-05-29 08:46:02 INFO  main [PluginManager] Loading plugin "plugins/pmm_focal_recursive.so" ..
2025-05-29 08:46:02 INFO  main [octree.h:534] root weight: 8.000e-20 (0.000000)
2025-05-29 08:46:02 INFO  main [octree.h:535] splitting threshold: 8.000e-23 (0.000000)
2025-05-29 08:46:02 INFO  main [octree.h:550] node count: 1 -> 585 -> 585

2025-05-29 08:46:02 INFO  main [octree.h:534] root weight: 8.000e-20 (0.000000)
2025-05-29 08:46:02 INFO  main [octree.h:535] splitting threshold: 8.000e-23 (0.000000)
2025-05-29 08:46:02 INFO  main [octree.h:550] node count: 1 -> 585 -> 585

2025-05-29 08:46:02 INFO  main [MIFocalGuidingPathTracer] Final render will have 128 spp, m_budget will not be taken into account.
2025-05-29 08:46:02 INFO  main [MIFocalGuidingPathTracer] budget: 1800
2025-05-29 08:46:02 INFO  main [MIFocalGuidingPathTracer] dumpPrimaryRays: false
2025-05-29 08:46:02 INFO  main [MIFocalGuidingPathTracer] dumpScene: false
2025-05-29 08:46:02 INFO  main [MIFocalGuidingPathTracer] finalSpp: 128
2025-05-29 08:46:02 INFO  main [MIFocalGuidingPathTracer] gmm.alpha: 0.5
2025-05-29 08:46:02 INFO  main [MIFocalGuidingPathTracer] gmm.initMethod: KMeans
2025-05-29 08:46:02 INFO  main [MIFocalGuidingPathTracer] gmm.maxNumComp: 10
2025-05-29 08:46:02 INFO  main [MIFocalGuidingPathTracer] gmm.mergingThreshold: 0.7
2025-05-29 08:46:02 INFO  main [MIFocalGuidingPathTracer] gmm.minNumComp: 3
2025-05-29 08:46:02 INFO  main [MIFocalGuidingPathTracer] gmm.splittingThreshold: 1000
2025-05-29 08:46:02 INFO  main [MIFocalGuidingPathTracer] iterationBudget: 10
2025-05-29 08:46:02 INFO  main [MIFocalGuidingPathTracer] iterationCount: 15
2025-05-29 08:46:02 INFO  main [MIFocalGuidingPathTracer] maxDepth: 40
2025-05-29 08:46:02 INFO  main [MIFocalGuidingPathTracer] minSamplesToStartFitting: 10
2025-05-29 08:46:02 INFO  main [MIFocalGuidingPathTracer] normalBinning: disabled
2025-05-29 08:46:02 INFO  main [MIFocalGuidingPathTracer] renderMaxSeconds: 36000
2025-05-29 08:46:02 INFO  main [MIFocalGuidingPathTracer] rrDepth: 14
2025-05-29 08:46:02 INFO  main [MIFocalGuidingPathTracer] samplingMode: 2
2025-05-29 08:46:02 INFO  main [MIFocalGuidingPathTracer] shouldPretrain: false
2025-05-29 08:46:02 INFO  main [MIFocalGuidingPathTracer] strictNormals: true
2025-05-29 08:46:02 INFO  main [MIFocalGuidingPathTracer] trainingSamples: 4
2025-05-29 08:46:02 INFO  main [MIFocalGuidingPathTracer] tree.threshold: 0.001
2025-05-29 08:46:02 INFO  main [MIFocalGuidingPathTracer] unboundedSplatting: true
2025-05-29 08:46:02 INFO  main [PluginManager] Loading plugin "plugins/independent.so" ..
2025-05-29 08:46:02 INFO  main [PluginManager] Loading plugin "plugins/box.so" ..
2025-05-29 08:46:02 INFO  main [PluginManager] Loading plugin "plugins/hdrfilm.so" ..
2025-05-29 08:46:02 INFO  main [PluginManager] Loading plugin "plugins/perspective.so" ..
2025-05-29 08:46:02 INFO  main [PluginManager] Loading plugin "plugins/roughplastic.so" ..
2025-05-29 08:46:02 INFO  main [PluginManager] Loading plugin "plugins/twosided.so" ..
2025-05-29 08:46:02 INFO  main [PluginManager] Loading plugin "plugins/roughconductor.so" ..
2025-05-29 08:46:02 INFO  main [spectrum.cpp:599] "Cu.eta.spd": loaded a spectral power distribution with 55 entries (between 302.400421 and 885.601257 nm)
2025-05-29 08:46:02 INFO  main [spectrum.cpp:599] "Cu.k.spd": loaded a spectral power distribution with 55 entries (between 302.400421 and 885.601257 nm)
2025-05-29 08:46:02 INFO  main [PluginManager] Loading plugin "plugins/diffuse.so" ..
2025-05-29 08:46:02 INFO  main [PluginManager] Loading plugin "plugins/bitmap.so" ..
2025-05-29 08:46:02 INFO  main [BitmapTexture] Loading texture "picture3.jpg"
2025-05-29 08:46:02 INFO  main [PluginManager] Loading plugin "plugins/lanczos.so" ..
2025-05-29 08:46:02 INFO  main [MIPMap] Generating MIP map cache file "/mitsuba/scene/dining-room/textures/picture3.mip" ..
2025-05-29 08:46:03 INFO  main [BitmapTexture] Loading texture "Tiles.jpg"
2025-05-29 08:46:03 INFO  main [spectrum.cpp:599] "Cu.eta.spd": loaded a spectral power distribution with 55 entries (between 302.400421 and 885.601257 nm)
2025-05-29 08:46:03 INFO  main [spectrum.cpp:599] "Cu.k.spd": loaded a spectral power distribution with 55 entries (between 302.400421 and 885.601257 nm)
2025-05-29 08:46:03 INFO  main [spectrum.cpp:599] "Cu.eta.spd": loaded a spectral power distribution with 55 entries (between 302.400421 and 885.601257 nm)
2025-05-29 08:46:03 INFO  main [spectrum.cpp:599] "Cu.k.spd": loaded a spectral power distribution with 55 entries (between 302.400421 and 885.601257 nm)
2025-05-29 08:46:03 INFO  main [PluginManager] Loading plugin "plugins/conductor.so" ..
2025-05-29 08:46:03 INFO  main [spectrum.cpp:599] "Ir.eta.spd": loaded a spectral power distribution with 28 entries (between 302.389984 and 885.570984 nm)
2025-05-29 08:46:03 INFO  main [spectrum.cpp:599] "Ir.k.spd": loaded a spectral power distribution with 28 entries (between 302.389984 and 885.570984 nm)
2025-05-29 08:46:03 INFO  main [spectrum.cpp:599] "Cu.eta.spd": loaded a spectral power distribution with 55 entries (between 302.400421 and 885.601257 nm)
2025-05-29 08:46:03 INFO  main [spectrum.cpp:599] "Cu.k.spd": loaded a spectral power distribution with 55 entries (between 302.400421 and 885.601257 nm)
2025-05-29 08:46:03 INFO  main [BitmapTexture] Loading texture "Teacup.png"
2025-05-29 08:46:03 INFO  main [spectrum.cpp:599] "Cu.eta.spd": loaded a spectral power distribution with 55 entries (between 302.400421 and 885.601257 nm)
2025-05-29 08:46:03 INFO  main [spectrum.cpp:599] "Cu.k.spd": loaded a spectral power distribution with 55 entries (between 302.400421 and 885.601257 nm)
2025-05-29 08:46:03 INFO  main [PluginManager] Loading plugin "plugins/area.so" ..
2025-05-29 08:46:03 INFO  main [PluginManager] Loading plugin "plugins/disk.so" ..
2025-05-29 08:46:03 INFO  main [PluginManager] Loading plugin "plugins/ply.so" ..
2025-05-29 08:46:03 INFO  main [PLYLoader] Loading geometry from "parabol1.ply" ..
2025-05-29 08:46:03 INFO  main [PLYLoader] "parabol1": Loaded 25856 triangles, 13057 vertices (456.0 KiB in 4 ms).
2025-05-29 08:46:03 INFO  main [PLYLoader] Loading geometry from "parabol2.ply" ..
2025-05-29 08:46:03 INFO  main [PLYLoader] "parabol2": Loaded 25856 triangles, 13057 vertices (456.0 KiB in 3 ms).
2025-05-29 08:46:03 INFO  main [PluginManager] Loading plugin "plugins/obj.so" ..
2025-05-29 08:46:03 INFO  main [WavefrontOBJ] Loading geometry from "Mesh013.obj" ..
2025-05-29 08:46:03 INFO  main [WavefrontOBJ] Mesh013: 1056 triangles, 577 vertices (merged 2591 vertices).
2025-05-29 08:46:03 INFO  main [WavefrontOBJ] Done with "Mesh013.obj" (took 3 ms)
2025-05-29 08:46:03 INFO  main [WavefrontOBJ] Loading geometry from "Mesh016.obj" ..
2025-05-29 08:46:03 INFO  main [WavefrontOBJ] Mesh016: 384 triangles, 768 vertices (merged 384 vertices).
2025-05-29 08:46:03 INFO  main [WavefrontOBJ] Done with "Mesh016.obj" (took 2 ms)
2025-05-29 08:46:03 INFO  main [WavefrontOBJ] Loading geometry from "Mesh015.obj" ..
2025-05-29 08:46:03 INFO  main [WavefrontOBJ] Mesh015: 3136 triangles, 1680 vertices (merged 7728 vertices).
2025-05-29 08:46:03 INFO  main [WavefrontOBJ] Done with "Mesh015.obj" (took 8 ms)
2025-05-29 08:46:03 INFO  main [WavefrontOBJ] Loading geometry from "Mesh023.obj" ..
2025-05-29 08:46:03 INFO  main [WavefrontOBJ] Mesh023: 1056 triangles, 577 vertices (merged 2591 vertices).
2025-05-29 08:46:03 INFO  main [WavefrontOBJ] Done with "Mesh023.obj" (took 2 ms)
2025-05-29 08:46:03 INFO  main [WavefrontOBJ] Loading geometry from "Mesh020.obj" ..
2025-05-29 08:46:03 INFO  main [WavefrontOBJ] Mesh020: 384 triangles, 768 vertices (merged 384 vertices).
2025-05-29 08:46:03 INFO  main [WavefrontOBJ] Done with "Mesh020.obj" (took 2 ms)
2025-05-29 08:46:03 INFO  main [WavefrontOBJ] Loading geometry from "Mesh017.obj" ..
2025-05-29 08:46:03 INFO  main [WavefrontOBJ] Mesh017: 3136 triangles, 1680 vertices (merged 7728 vertices).
2025-05-29 08:46:03 INFO  main [WavefrontOBJ] Done with "Mesh017.obj" (took 8 ms)
2025-05-29 08:46:03 INFO  main [WavefrontOBJ] Loading geometry from "Mesh024.obj" ..
2025-05-29 08:46:03 INFO  main [WavefrontOBJ] Mesh024: 34 triangles, 68 vertices (merged 34 vertices).
2025-05-29 08:46:03 INFO  main [WavefrontOBJ] Done with "Mesh024.obj" (took 0 ms)
2025-05-29 08:46:03 INFO  main [WavefrontOBJ] Loading geometry from "Mesh041.obj" ..
2025-05-29 08:46:03 INFO  main [WavefrontOBJ] Mesh041: 8 triangles, 16 vertices (merged 8 vertices).
2025-05-29 08:46:03 INFO  main [WavefrontOBJ] Done with "Mesh041.obj" (took 0 ms)
2025-05-29 08:46:03 INFO  main [WavefrontOBJ] Loading geometry from "Mesh011.obj" ..
2025-05-29 08:46:03 INFO  main [WavefrontOBJ] Mesh011: 8992 triangles, 4544 vertices (merged 22432 vertices).
2025-05-29 08:46:03 INFO  main [WavefrontOBJ] Done with "Mesh011.obj" (took 19 ms)
2025-05-29 08:46:03 INFO  main [PluginManager] Loading plugin "plugins/homogeneous.so" ..
2025-05-29 08:46:03 INFO  main [PluginManager] Loading plugin "plugins/isotropic.so" ..
2025-05-29 08:46:03 INFO  main [WavefrontOBJ] Loading geometry from "Mesh026.obj" ..
2025-05-29 08:46:03 INFO  main [WavefrontOBJ] Mesh026: 7624 triangles, 4070 vertices (merged 18802 vertices).
2025-05-29 08:46:03 INFO  main [WavefrontOBJ] Done with "Mesh026.obj" (took 17 ms)
2025-05-29 08:46:03 INFO  main [WavefrontOBJ] Loading geometry from "Mesh018.obj" ..
2025-05-29 08:46:03 INFO  main [WavefrontOBJ] Mesh018: 2016 triangles, 1260 vertices (merged 4788 vertices).
2025-05-29 08:46:03 INFO  main [WavefrontOBJ] Done with "Mesh018.obj" (took 4 ms)
2025-05-29 08:46:03 INFO  main [WavefrontOBJ] Loading geometry from "Mesh007.obj" ..
2025-05-29 08:46:03 INFO  main [WavefrontOBJ] Mesh007: 4352 triangles, 2178 vertices (merged 10878 vertices).
2025-05-29 08:46:03 INFO  main [WavefrontOBJ] Done with "Mesh007.obj" (took 9 ms)
2025-05-29 08:46:03 INFO  main [WavefrontOBJ] Loading geometry from "Mesh005.obj" ..
2025-05-29 08:46:03 INFO  main [WavefrontOBJ] Mesh005: 160 triangles, 144 vertices (merged 336 vertices).
2025-05-29 08:46:03 INFO  main [WavefrontOBJ] Done with "Mesh005.obj" (took 0 ms)
2025-05-29 08:46:03 INFO  main [WavefrontOBJ] Loading geometry from "Mesh019.obj" ..
2025-05-29 08:46:03 INFO  main [WavefrontOBJ] Mesh019: 560 triangles, 400 vertices (merged 1280 vertices).
2025-05-29 08:46:03 INFO  main [WavefrontOBJ] Done with "Mesh019.obj" (took 1 ms)
2025-05-29 08:46:03 INFO  main [WavefrontOBJ] Loading geometry from "Mesh021.obj" ..
2025-05-29 08:46:03 INFO  main [WavefrontOBJ] Mesh021: 720 triangles, 482 vertices (merged 1678 vertices).
2025-05-29 08:46:03 INFO  main [WavefrontOBJ] Done with "Mesh021.obj" (took 1 ms)
2025-05-29 08:46:03 INFO  main [WavefrontOBJ] Loading geometry from "Mesh037.obj" ..
2025-05-29 08:46:03 INFO  main [WavefrontOBJ] Mesh037: 7624 triangles, 4070 vertices (merged 18802 vertices).
2025-05-29 08:46:03 INFO  main [WavefrontOBJ] Done with "Mesh037.obj" (took 17 ms)
2025-05-29 08:46:03 INFO  main [WavefrontOBJ] Loading geometry from "Mesh004.obj" ..
2025-05-29 08:46:03 INFO  main [WavefrontOBJ] Mesh004: 2016 triangles, 1260 vertices (merged 4788 vertices).
2025-05-29 08:46:03 INFO  main [WavefrontOBJ] Done with "Mesh004.obj" (took 4 ms)
2025-05-29 08:46:03 INFO  main [WavefrontOBJ] Loading geometry from "Mesh014.obj" ..
2025-05-29 08:46:03 INFO  main [WavefrontOBJ] Mesh014: 160 triangles, 144 vertices (merged 336 vertices).
2025-05-29 08:46:03 INFO  main [WavefrontOBJ] Done with "Mesh014.obj" (took 0 ms)
2025-05-29 08:46:03 INFO  main [WavefrontOBJ] Loading geometry from "Mesh012.obj" ..
2025-05-29 08:46:03 INFO  main [WavefrontOBJ] Mesh012: 560 triangles, 400 vertices (merged 1280 vertices).
2025-05-29 08:46:03 INFO  main [WavefrontOBJ] Done with "Mesh012.obj" (took 1 ms)
2025-05-29 08:46:03 INFO  main [WavefrontOBJ] Loading geometry from "Mesh028.obj" ..
2025-05-29 08:46:03 INFO  main [WavefrontOBJ] Mesh028: 720 triangles, 482 vertices (merged 1678 vertices).
2025-05-29 08:46:03 INFO  main [WavefrontOBJ] Done with "Mesh028.obj" (took 1 ms)
2025-05-29 08:46:03 INFO  main [WavefrontOBJ] Loading geometry from "Mesh025.obj" ..
2025-05-29 08:46:03 INFO  main [WavefrontOBJ] Mesh025: 4352 triangles, 2178 vertices (merged 10878 vertices).
2025-05-29 08:46:03 INFO  main [WavefrontOBJ] Done with "Mesh025.obj" (took 10 ms)
2025-05-29 08:46:03 INFO  main [WavefrontOBJ] Loading geometry from "Mesh008.obj" ..
2025-05-29 08:46:03 INFO  main [WavefrontOBJ] Mesh008: 6320 triangles, 3270 vertices (merged 15690 vertices).
2025-05-29 08:46:03 INFO  main [WavefrontOBJ] Done with "Mesh008.obj" (took 13 ms)
2025-05-29 08:46:03 INFO  main [WavefrontOBJ] Loading geometry from "Mesh032.obj" ..
2025-05-29 08:46:03 INFO  main [WavefrontOBJ] Mesh032: 13248 triangles, 6686 vertices (merged 33058 vertices).
2025-05-29 08:46:03 INFO  main [WavefrontOBJ] Done with "Mesh032.obj" (took 29 ms)
2025-05-29 08:46:03 INFO  main [WavefrontOBJ] Loading geometry from "Mesh035.obj" ..
2025-05-29 08:46:03 INFO  main [WavefrontOBJ] Mesh035: 14480 triangles, 7404 vertices (merged 36036 vertices).
2025-05-29 08:46:03 INFO  main [WavefrontOBJ] Done with "Mesh035.obj" (took 31 ms)
2025-05-29 08:46:03 INFO  main [WavefrontOBJ] Loading geometry from "Mesh042.obj" ..
2025-05-29 08:46:03 INFO  main [WavefrontOBJ] Mesh042: 2320 triangles, 1492 vertices (merged 5468 vertices).
2025-05-29 08:46:03 INFO  main [WavefrontOBJ] Done with "Mesh042.obj" (took 5 ms)
2025-05-29 08:46:03 INFO  main [WavefrontOBJ] Loading geometry from "Mesh010.obj" ..
2025-05-29 08:46:03 INFO  main [WavefrontOBJ] Mesh010: 13248 triangles, 6686 vertices (merged 33058 vertices).
2025-05-29 08:46:03 INFO  main [WavefrontOBJ] Done with "Mesh010.obj" (took 28 ms)
2025-05-29 08:46:03 INFO  main [WavefrontOBJ] Loading geometry from "Mesh036.obj" ..
2025-05-29 08:46:03 INFO  main [WavefrontOBJ] Mesh036: 14480 triangles, 7404 vertices (merged 36036 vertices).
2025-05-29 08:46:03 INFO  main [WavefrontOBJ] Done with "Mesh036.obj" (took 30 ms)
2025-05-29 08:46:03 INFO  main [WavefrontOBJ] Loading geometry from "Mesh027.obj" ..
2025-05-29 08:46:03 INFO  main [WavefrontOBJ] Mesh027: 2320 triangles, 1492 vertices (merged 5468 vertices).
2025-05-29 08:46:03 INFO  main [WavefrontOBJ] Done with "Mesh027.obj" (took 6 ms)
2025-05-29 08:46:03 INFO  main [WavefrontOBJ] Loading geometry from "Mesh043.obj" ..
2025-05-29 08:46:03 INFO  main [WavefrontOBJ] Mesh043: 13248 triangles, 6686 vertices (merged 33058 vertices).
2025-05-29 08:46:03 INFO  main [WavefrontOBJ] Done with "Mesh043.obj" (took 28 ms)
2025-05-29 08:46:03 INFO  main [WavefrontOBJ] Loading geometry from "Mesh044.obj" ..
2025-05-29 08:46:03 INFO  main [WavefrontOBJ] Mesh044: 14480 triangles, 7404 vertices (merged 36036 vertices).
2025-05-29 08:46:03 INFO  main [WavefrontOBJ] Done with "Mesh044.obj" (took 30 ms)
2025-05-29 08:46:03 INFO  main [WavefrontOBJ] Loading geometry from "Mesh031.obj" ..
2025-05-29 08:46:03 INFO  main [WavefrontOBJ] Mesh031: 2320 triangles, 1492 vertices (merged 5468 vertices).
2025-05-29 08:46:03 INFO  main [WavefrontOBJ] Done with "Mesh031.obj" (took 5 ms)
2025-05-29 08:46:03 INFO  main [WavefrontOBJ] Loading geometry from "Mesh022.obj" ..
2025-05-29 08:46:03 INFO  main [WavefrontOBJ] Mesh022: 13248 triangles, 6686 vertices (merged 33058 vertices).
2025-05-29 08:46:03 INFO  main [WavefrontOBJ] Done with "Mesh022.obj" (took 29 ms)
2025-05-29 08:46:03 INFO  main [WavefrontOBJ] Loading geometry from "Mesh038.obj" ..
2025-05-29 08:46:03 INFO  main [WavefrontOBJ] Mesh038: 14480 triangles, 7404 vertices (merged 36036 vertices).
2025-05-29 08:46:03 INFO  main [WavefrontOBJ] Done with "Mesh038.obj" (took 31 ms)
2025-05-29 08:46:03 INFO  main [WavefrontOBJ] Loading geometry from "Mesh030.obj" ..
2025-05-29 08:46:03 INFO  main [WavefrontOBJ] Mesh030: 2320 triangles, 1492 vertices (merged 5468 vertices).
2025-05-29 08:46:03 INFO  main [WavefrontOBJ] Done with "Mesh030.obj" (took 5 ms)
2025-05-29 08:46:03 INFO  main [WavefrontOBJ] Loading geometry from "Mesh046.obj" ..
2025-05-29 08:46:03 INFO  main [WavefrontOBJ] Mesh046: 13248 triangles, 6686 vertices (merged 33058 vertices).
2025-05-29 08:46:03 INFO  main [WavefrontOBJ] Done with "Mesh046.obj" (took 28 ms)
2025-05-29 08:46:03 INFO  main [WavefrontOBJ] Loading geometry from "Mesh047.obj" ..
2025-05-29 08:46:03 INFO  main [WavefrontOBJ] Mesh047: 14480 triangles, 7404 vertices (merged 36036 vertices).
2025-05-29 08:46:03 INFO  main [WavefrontOBJ] Done with "Mesh047.obj" (took 30 ms)
2025-05-29 08:46:03 INFO  main [WavefrontOBJ] Loading geometry from "Mesh034.obj" ..
2025-05-29 08:46:03 INFO  main [WavefrontOBJ] Mesh034: 2320 triangles, 1492 vertices (merged 5468 vertices).
2025-05-29 08:46:03 INFO  main [WavefrontOBJ] Done with "Mesh034.obj" (took 5 ms)
2025-05-29 08:46:03 INFO  main [WavefrontOBJ] Loading geometry from "Mesh033.obj" ..
2025-05-29 08:46:03 INFO  main [WavefrontOBJ] Mesh033: 44 triangles, 96 vertices (merged 36 vertices).
2025-05-29 08:46:03 INFO  main [WavefrontOBJ] Done with "Mesh033.obj" (took 0 ms)
2025-05-29 08:46:03 INFO  main [WavefrontOBJ] Loading geometry from "Mesh006.obj" ..
2025-05-29 08:46:03 INFO  main [WavefrontOBJ] Mesh006: 4 triangles, 6 vertices (merged 6 vertices).
2025-05-29 08:46:03 INFO  main [WavefrontOBJ] Done with "Mesh006.obj" (took 0 ms)
2025-05-29 08:46:03 INFO  main [WavefrontOBJ] Loading geometry from "Mesh048.obj" ..
2025-05-29 08:46:03 INFO  main [WavefrontOBJ] Mesh048: 30 triangles, 38 vertices (merged 52 vertices).
2025-05-29 08:46:03 INFO  main [WavefrontOBJ] Done with "Mesh048.obj" (took 0 ms)
2025-05-29 08:46:03 INFO  main [WavefrontOBJ] Loading geometry from "Mesh049.obj" ..
2025-05-29 08:46:03 INFO  main [WavefrontOBJ] Mesh049: 13248 triangles, 6686 vertices (merged 33058 vertices).
2025-05-29 08:46:03 INFO  main [WavefrontOBJ] Done with "Mesh049.obj" (took 28 ms)
2025-05-29 08:46:03 INFO  main [WavefrontOBJ] Loading geometry from "Mesh051.obj" ..
2025-05-29 08:46:03 INFO  main [WavefrontOBJ] Mesh051: 14480 triangles, 7404 vertices (merged 36036 vertices).
2025-05-29 08:46:03 INFO  main [WavefrontOBJ] Done with "Mesh051.obj" (took 30 ms)
2025-05-29 08:46:03 INFO  main [WavefrontOBJ] Loading geometry from "Mesh040.obj" ..
2025-05-29 08:46:03 INFO  main [WavefrontOBJ] Mesh040: 2320 triangles, 1492 vertices (merged 5468 vertices).
2025-05-29 08:46:03 INFO  main [WavefrontOBJ] Done with "Mesh040.obj" (took 5 ms)
2025-05-29 08:46:03 INFO  main [WavefrontOBJ] Loading geometry from "Mesh003.obj" ..
2025-05-29 08:46:03 INFO  main [WavefrontOBJ] Mesh003: 18176 triangles, 9150 vertices (merged 45378 vertices).
2025-05-29 08:46:03 INFO  main [WavefrontOBJ] Done with "Mesh003.obj" (took 38 ms)
2025-05-29 08:46:03 INFO  main [WavefrontOBJ] Loading geometry from "Mesh002.obj" ..
2025-05-29 08:46:03 INFO  main [WavefrontOBJ] Mesh002: 7624 triangles, 4070 vertices (merged 18802 vertices).
2025-05-29 08:46:03 INFO  main [WavefrontOBJ] Done with "Mesh002.obj" (took 17 ms)
2025-05-29 08:46:03 INFO  main [WavefrontOBJ] Loading geometry from "Mesh009.obj" ..
2025-05-29 08:46:03 INFO  main [WavefrontOBJ] Mesh009: 2016 triangles, 1260 vertices (merged 4788 vertices).
2025-05-29 08:46:03 INFO  main [WavefrontOBJ] Done with "Mesh009.obj" (took 5 ms)
2025-05-29 08:46:03 INFO  main [WavefrontOBJ] Loading geometry from "Mesh045.obj" ..
2025-05-29 08:46:03 INFO  main [WavefrontOBJ] Mesh045: 4352 triangles, 2178 vertices (merged 10878 vertices).
2025-05-29 08:46:03 INFO  main [WavefrontOBJ] Done with "Mesh045.obj" (took 9 ms)
2025-05-29 08:46:03 INFO  main [WavefrontOBJ] Loading geometry from "Mesh029.obj" ..
2025-05-29 08:46:03 INFO  main [WavefrontOBJ] Mesh029: 160 triangles, 144 vertices (merged 336 vertices).
2025-05-29 08:46:03 INFO  main [WavefrontOBJ] Done with "Mesh029.obj" (took 0 ms)
2025-05-29 08:46:03 INFO  main [WavefrontOBJ] Loading geometry from "Mesh039.obj" ..
2025-05-29 08:46:03 INFO  main [WavefrontOBJ] Mesh039: 560 triangles, 400 vertices (merged 1280 vertices).
2025-05-29 08:46:03 INFO  main [WavefrontOBJ] Done with "Mesh039.obj" (took 1 ms)
2025-05-29 08:46:03 INFO  main [WavefrontOBJ] Loading geometry from "Mesh050.obj" ..
2025-05-29 08:46:03 INFO  main [WavefrontOBJ] Mesh050: 720 triangles, 482 vertices (merged 1678 vertices).
2025-05-29 08:46:03 INFO  main [WavefrontOBJ] Done with "Mesh050.obj" (took 1 ms)
2025-05-29 08:46:03 INFO  main [WavefrontOBJ] Loading geometry from "Mesh001.obj" ..
2025-05-29 08:46:03 INFO  main [WavefrontOBJ] Mesh001: 170 triangles, 340 vertices (merged 170 vertices).
2025-05-29 08:46:03 INFO  main [WavefrontOBJ] Done with "Mesh001.obj" (took 1 ms)
2025-05-29 08:46:03 INFO  main [WavefrontOBJ] Loading geometry from "Mesh000.obj" ..
2025-05-29 08:46:03 INFO  main [WavefrontOBJ] Mesh000: 22 triangles, 44 vertices (merged 22 vertices).
2025-05-29 08:46:03 INFO  main [WavefrontOBJ] Done with "Mesh000.obj" (took 0 ms)
2025-05-29 08:46:03 INFO  main [PluginManager] Loading plugin "plugins/rectangle.so" ..
2025-05-29 08:46:03 INFO  ren0 [KDTreeBase] Constructing a SAH kd-tree (321251 primitives) ..
2025-05-29 08:46:04 INFO  ren0 [KDTreeBase] Finished -- took 754 ms.
2025-05-29 08:46:04 INFO  ren0 [octree.h:534] root weight: 8.000e-20 (0.000000)
2025-05-29 08:46:04 INFO  ren0 [octree.h:535] splitting threshold: 8.000e-23 (0.000000)
2025-05-29 08:46:04 INFO  ren0 [octree.h:550] node count: 1 -> 585 -> 585

2025-05-29 08:46:04 INFO  ren0 [octree.h:534] root weight: 4.096e-17 (0.000000)
2025-05-29 08:46:04 INFO  ren0 [octree.h:535] splitting threshold: 4.096e-20 (0.000000)
2025-05-29 08:46:04 INFO  ren0 [octree.h:550] node count: 585 -> 585 -> 585

2025-05-29 08:46:04 INFO  ren0 [octree.h:534] root weight: 8.000e-20 (0.000000)
2025-05-29 08:46:04 INFO  ren0 [octree.h:535] splitting threshold: 8.000e-23 (0.000000)
2025-05-29 08:46:04 INFO  ren0 [octree.h:550] node count: 1 -> 585 -> 585

2025-05-29 08:46:04 INFO  ren0 [octree.h:534] root weight: 8.000e-20 (0.000000)
2025-05-29 08:46:04 INFO  ren0 [octree.h:535] splitting threshold: 8.000e-23 (0.000000)
2025-05-29 08:46:04 INFO  ren0 [octree.h:550] node count: 1 -> 585 -> 585

2025-05-29 08:46:04 INFO  ren0 [octree.h:534] root weight: 4.096e-17 (0.000000)
2025-05-29 08:46:04 INFO  ren0 [octree.h:535] splitting threshold: 4.096e-20 (0.000000)
2025-05-29 08:46:04 INFO  ren0 [octree.h:550] node count: 585 -> 585 -> 585

2025-05-29 08:46:04 INFO  ren0 [octree.h:534] root weight: 8.000e-20 (0.000000)
2025-05-29 08:46:04 INFO  ren0 [octree.h:535] splitting threshold: 8.000e-23 (0.000000)
2025-05-29 08:46:04 INFO  ren0 [octree.h:550] node count: 1 -> 585 -> 585

2025-05-29 08:46:04 INFO  ren0 [MIFocalGuidingPathTracer] AABB3[min=[-6.3658, -1.5274, -4.73046], max=[5.27597, 8.04131, 10.0598]]
2025-05-29 08:46:04 INFO  ren0 [MIFocalGuidingPathTracer] Starting render job (1280x720, 12 cores, SSE2 enabled) ..
2025-05-29 08:46:04 INFO  ren0 [MIFocalGuidingPathTracer] ITERATION 0, until 10.0 seconds
2025-05-29 08:46:15 INFO  ren0 [MIFocalGuidingPathTracer]   10.56 seconds elapsed, passes this iteration: 5, total passes: 5
2025-05-29 08:46:15 INFO  ren0 [MIFocalGuidingPathTracer] Got 1613078 non-zero samples
2025-05-29 08:46:15 INFO  ren0 [gaussian_mixture_model.h:821] Processing mega batch of size 1613078
2025-05-29 08:46:15 INFO  ren0 [gaussian_mixture_model.h:828] will process 17 batches
2025-05-29 08:46:15 INFO  ren0 [gaussian_mixture_model.h:557] KMeans
2025-05-29 08:46:15 INFO  ren0 [gaussian_mixture_model.h:560] GMM[
weight = 0.06283 mean = [-2.32767 5.81897 7.922] covariance = [[4.65814 0.426292 0.381205][0.426292 1.94623 -0.158504][0.381205 -0.158504 1.55371]]
weight = 0.2015 mean = [0.345915 3.94 -2.28666] covariance = [[3.12925 0.169764 -0.267269][0.169764 2.8516 -0.603402][-0.267269 -0.603402 1.63041]]
weight = 0.06326 mean = [-3.92911 0.612008 6.99688] covariance = [[2.42022 -0.612475 0.504456][-0.612475 1.98782 0.509798][0.504456 0.509798 3.42149]]
weight = 0.12217 mean = [-4.40815 4.95231 0.780325] covariance = [[1.3637 -0.00554499 -0.185664][-0.00554499 3.15889 -1.79705][-0.185664 -1.79705 6.48128]]
weight = 0.06601 mean = [-0.515053 6.29444 2.07809] covariance = [[2.21517 0.337775 -0.864778][0.337775 1.31009 -0.554946][-0.864778 -0.554946 3.82569]]
weight = 0.07124 mean = [2.03718 -0.138214 -2.4375] covariance = [[3.25667 0.412891 -0.178768][0.412891 0.719741 -0.309506][-0.178768 -0.309506 2.01088]]
weight = 0.02574 mean = [3.79992 6.57674 2.99072] covariance = [[0.758488 0.0141022 -0.269845][0.0141022 0.817243 -0.0985014][-0.269845 -0.0985014 4.77878]]
weight = 0.11329 mean = [1.80434 1.4181 2.42247] covariance = [[3.88775 0.14646 -0.863186][0.14646 3.01037 -0.682709][-0.863186 -0.682709 2.56892]]
weight = 0.10563 mean = [2.21565 2.76336 7.26608] covariance = [[3.35007 0.659807 0.366482][0.659807 5.05966 -0.400702][0.366482 -0.400702 2.08526]]
weight = 0.16833 mean = [-3.60945 1.14744 -1.84025] covariance = [[1.95074 -0.0945607 0.204105][-0.0945607 2.75207 -0.957907][0.204105 -0.957907 3.38162]]
]
2025-05-29 08:46:15 INFO  ren0 [gaussian_mixture_model.h:215] Before splitting
2025-05-29 08:46:15 INFO  ren0 [gaussian_mixture_model.h:216] GMM[
weight = 0.0345034 mean = [-1.96556 5.70014 7.456] covariance = [[4.34512 1.05371 -0.364334][1.05371 2.45801 -0.482788][-0.364334 -0.482788 1.5039]]
weight = 0.326059 mean = [0.37805 3.44545 -2.35297] covariance = [[3.7801 -0.178997 -0.499755][-0.178997 1.34383 0.229761][-0.499755 0.229761 1.82058]]
weight = 0.0355067 mean = [-4.1557 0.655854 7.20982] covariance = [[2.69596 -0.750866 -0.870699][-0.750866 1.88722 1.55562][-0.870699 1.55562 6.0987]]
weight = 0.0978077 mean = [-4.38363 4.51728 -0.319252] covariance = [[1.83708 -0.0599717 0.35793][-0.0599717 2.60101 -1.69049][0.35793 -1.69049 5.99356]]
weight = 0.0431223 mean = [-0.783049 5.40867 2.34684] covariance = [[1.88308 0.499408 -1.0778][0.499408 1.44971 -0.441008][-1.0778 -0.441008 4.48097]]
weight = 0.0944498 mean = [3.1942 0.360471 -3.0289] covariance = [[3.81055 0.728395 0.25293][0.728395 1.31152 -0.0848054][0.25293 -0.0848054 1.63669]]
weight = 0.0168483 mean = [4.08323 6.26199 2.64132] covariance = [[0.613017 0.0663621 -0.0760167][0.0663621 1.01476 0.184019][-0.0760167 0.184019 6.97755]]
weight = 0.0816847 mean = [1.75121 2.23007 1.68982] covariance = [[5.19733 0.26203 -0.866424][0.26203 2.96586 -0.770038][-0.866424 -0.770038 2.52763]]
weight = 0.0524431 mean = [1.92107 2.64274 7.90076] covariance = [[3.42622 0.250862 -0.0139758][0.250862 5.48308 -1.33999][-0.0139758 -1.33999 2.59178]]
weight = 0.217575 mean = [-4.06565 1.91921 -2.71412] covariance = [[2.58176 0.453465 0.255151][0.453465 2.39222 -0.529121][0.255151 -0.529121 3.15989]]
]
2025-05-29 08:46:15 INFO  ren0 [gaussian_mixture_model.h:218] Before merging
2025-05-29 08:46:15 INFO  ren0 [gaussian_mixture_model.h:219] GMM[
weight = 0.0345034 mean = [-1.96556 5.70014 7.456] covariance = [[4.34512 1.05371 -0.364334][1.05371 2.45801 -0.482788][-0.364334 -0.482788 1.5039]]
weight = 0.326059 mean = [0.37805 3.44545 -2.35297] covariance = [[3.7801 -0.178997 -0.499755][-0.178997 1.34383 0.229761][-0.499755 0.229761 1.82058]]
weight = 0.0355067 mean = [-4.1557 0.655854 7.20982] covariance = [[2.69596 -0.750866 -0.870699][-0.750866 1.88722 1.55562][-0.870699 1.55562 6.0987]]
weight = 0.0978077 mean = [-4.38363 4.51728 -0.319252] covariance = [[1.83708 -0.0599717 0.35793][-0.0599717 2.60101 -1.69049][0.35793 -1.69049 5.99356]]
weight = 0.0431223 mean = [-0.783049 5.40867 2.34684] covariance = [[1.88308 0.499408 -1.0778][0.499408 1.44971 -0.441008][-1.0778 -0.441008 4.48097]]
weight = 0.0944498 mean = [3.1942 0.360471 -3.0289] covariance = [[3.81055 0.728395 0.25293][0.728395 1.31152 -0.0848054][0.25293 -0.0848054 1.63669]]
weight = 0.0168483 mean = [4.08323 6.26199 2.64132] covariance = [[0.613017 0.0663621 -0.0760167][0.0663621 1.01476 0.184019][-0.0760167 0.184019 6.97755]]
weight = 0.0816847 mean = [1.75121 2.23007 1.68982] covariance = [[5.19733 0.26203 -0.866424][0.26203 2.96586 -0.770038][-0.866424 -0.770038 2.52763]]
weight = 0.0524431 mean = [1.92107 2.64274 7.90076] covariance = [[3.42622 0.250862 -0.0139758][0.250862 5.48308 -1.33999][-0.0139758 -1.33999 2.59178]]
weight = 0.217575 mean = [-4.06565 1.91921 -2.71412] covariance = [[2.58176 0.453465 0.255151][0.453465 2.39222 -0.529121][0.255151 -0.529121 3.15989]]
]
2025-05-29 08:46:15 INFO  ren0 [gaussian_mixture_model.h:215] Before splitting
2025-05-29 08:46:15 INFO  ren0 [gaussian_mixture_model.h:216] GMM[
weight = 0.0290631 mean = [-1.8523 5.74627 7.67803] covariance = [[5.22837 0.722078 -0.16536][0.722078 2.2464 -0.227907][-0.16536 -0.227907 1.47074]]
weight = 0.377082 mean = [0.391704 3.388 -2.96287] covariance = [[5.55408 -0.0688328 -0.768762][-0.0688328 1.08805 0.342477][-0.768762 0.342477 2.23162]]
weight = 0.0241148 mean = [-3.7454 0.552473 6.72338] covariance = [[3.77472 -0.874944 -1.19645][-0.874944 1.81845 1.44977][-1.19645 1.44977 6.34734]]
weight = 0.0337929 mean = [-0.522948 5.37127 2.29812] covariance = [[2.48602 0.316901 -0.919918][0.316901 1.43327 -0.664032][-0.919918 -0.664032 4.99612]]
weight = 0.0748991 mean = [2.99432 0.606496 -3.15522] covariance = [[3.91437 1.00636 0.0296662][1.00636 1.8925 -0.673406][0.0296662 -0.673406 1.87915]]
weight = 0.0150107 mean = [3.98154 6.16383 1.81697] covariance = [[0.633736 0.161749 -0.175029][0.161749 1.31355 -0.229491][-0.175029 -0.229491 9.45568]]
weight = 0.0712699 mean = [1.69754 2.37756 1.88742] covariance = [[4.75718 0.752974 -1.14035][0.752974 3.69942 -1.00845][-1.14035 -1.00845 3.31334]]
weight = 0.0540768 mean = [1.66455 2.57548 7.59343] covariance = [[2.85295 0.618236 0.520989][0.618236 5.88086 -0.292889][0.520989 -0.292889 2.9457]]
weight = 0.320691 mean = [-3.93822 2.51282 -2.41593] covariance = [[2.5186 0.494666 -0.654247][0.494666 3.57112 -0.327271][-0.654247 -0.327271 3.53892]]
]
2025-05-29 08:46:15 INFO  ren0 [gaussian_mixture_model.h:218] Before merging
2025-05-29 08:46:15 INFO  ren0 [gaussian_mixture_model.h:219] GMM[
weight = 0.0145315 mean = [-0.72169 6.00923 7.61529] covariance = [[2.6718 0.12748 -0.0234781][0.12748 2.10812 -0.194908][-0.0234781 -0.194908 1.46288]]
weight = 0.377082 mean = [0.391704 3.388 -2.96287] covariance = [[5.55408 -0.0688328 -0.768762][-0.0688328 1.08805 0.342477][-0.768762 0.342477 2.23162]]
weight = 0.0241148 mean = [-3.7454 0.552473 6.72338] covariance = [[3.77472 -0.874944 -1.19645][-0.874944 1.81845 1.44977][-1.19645 1.44977 6.34734]]
weight = 0.0145315 mean = [-2.98292 5.48332 7.74078] covariance = [[2.6718 0.12748 -0.0234781][0.12748 2.10812 -0.194908][-0.0234781 -0.194908 1.46288]]
weight = 0.0337929 mean = [-0.522948 5.37127 2.29812] covariance = [[2.48602 0.316901 -0.919918][0.316901 1.43327 -0.664032][-0.919918 -0.664032 4.99612]]
weight = 0.0748991 mean = [2.99432 0.606496 -3.15522] covariance = [[3.91437 1.00636 0.0296662][1.00636 1.8925 -0.673406][0.0296662 -0.673406 1.87915]]
weight = 0.0150107 mean = [3.98154 6.16383 1.81697] covariance = [[0.633736 0.161749 -0.175029][0.161749 1.31355 -0.229491][-0.175029 -0.229491 9.45568]]
weight = 0.0712699 mean = [1.69754 2.37756 1.88742] covariance = [[4.75718 0.752974 -1.14035][0.752974 3.69942 -1.00845][-1.14035 -1.00845 3.31334]]
weight = 0.0540768 mean = [1.66455 2.57548 7.59343] covariance = [[2.85295 0.618236 0.520989][0.618236 5.88086 -0.292889][0.520989 -0.292889 2.9457]]
weight = 0.320691 mean = [-3.93822 2.51282 -2.41593] covariance = [[2.5186 0.494666 -0.654247][0.494666 3.57112 -0.327271][-0.654247 -0.327271 3.53892]]
]
2025-05-29 08:46:15 INFO  ren0 [gaussian_mixture_model.h:215] Before splitting
2025-05-29 08:46:15 INFO  ren0 [gaussian_mixture_model.h:216] GMM[
weight = 0.021542 mean = [-1.65599 5.75071 7.5017] covariance = [[5.20394 0.618403 -0.359779][0.618403 2.17791 -0.22971][-0.359779 -0.22971 1.8522]]
weight = 0.0326142 mean = [-4.10499 0.0418523 5.72553] covariance = [[3.42833 -0.269387 -0.171236][-0.269387 1.97879 2.09426][-0.171236 2.09426 7.37557]]
weight = 0.00418463 mean = [-3.72547 5.66142 7.33882] covariance = [[3.5028 -0.524239 -0.997631][-0.524239 2.36635 -0.131468][-0.997631 -0.131468 3.00446]]
weight = 0.066597 mean = [-0.719442 5.84631 2.86352] covariance = [[2.27051 -0.101761 -0.375846][-0.101761 1.79391 -0.469048][-0.375846 -0.469048 3.97905]]
weight = 0.082857 mean = [3.09225 0.539059 -3.21072] covariance = [[3.444 0.627097 0.0081357][0.627097 1.70759 -0.544207][0.0081357 -0.544207 1.96521]]
weight = 0.0268516 mean = [4.14565 5.78708 1.41087] covariance = [[0.574416 -0.0578592 -0.423423][-0.0578592 1.00549 0.597327][-0.423423 0.597327 8.65159]]
weight = 0.0895629 mean = [1.98696 2.6396 1.71648] covariance = [[5.38795 1.20452 -1.41172][1.20452 4.51236 -1.18377][-1.41172 -1.18377 3.55787]]
weight = 0.0556554 mean = [1.63138 2.64677 7.2544] covariance = [[2.94868 0.484281 0.520786][0.484281 6.62212 -1.31416][0.520786 -1.31416 3.30851]]
weight = 0.620135 mean = [-2.55281 3.06644 -2.37235] covariance = [[8.3968 1.25645 -0.701256][1.25645 2.99713 0.0816441][-0.701256 0.0816441 2.61]]
]
2025-05-29 08:46:15 INFO  ren0 [gaussian_mixture_model.h:218] Before merging
2025-05-29 08:46:15 INFO  ren0 [gaussian_mixture_model.h:219] GMM[
weight = 0.010771 mean = [-0.527432 5.97869 7.37141] covariance = [[2.65666 0.103818 -0.065689][0.103818 2.07397 -0.1703][-0.065689 -0.1703 1.81825]]
weight = 0.010771 mean = [-2.78455 5.52272 7.632] covariance = [[2.65666 0.103818 -0.065689][0.103818 2.07397 -0.1703][-0.065689 -0.1703 1.81825]]
weight = 0.0326142 mean = [-4.10499 0.0418523 5.72553] covariance = [[3.42833 -0.269387 -0.171236][-0.269387 1.97879 2.09426][-0.171236 2.09426 7.37557]]
weight = 0.00418463 mean = [-3.72547 5.66142 7.33882] covariance = [[3.5028 -0.524239 -0.997631][-0.524239 2.36635 -0.131468][-0.997631 -0.131468 3.00446]]
weight = 0.066597 mean = [-0.719442 5.84631 2.86352] covariance = [[2.27051 -0.101761 -0.375846][-0.101761 1.79391 -0.469048][-0.375846 -0.469048 3.97905]]
weight = 0.082857 mean = [3.09225 0.539059 -3.21072] covariance = [[3.444 0.627097 0.0081357][0.627097 1.70759 -0.544207][0.0081357 -0.544207 1.96521]]
weight = 0.0268516 mean = [4.14565 5.78708 1.41087] covariance = [[0.574416 -0.0578592 -0.423423][-0.0578592 1.00549 0.597327][-0.423423 0.597327 8.65159]]
weight = 0.0895629 mean = [1.98696 2.6396 1.71648] covariance = [[5.38795 1.20452 -1.41172][1.20452 4.51236 -1.18377][-1.41172 -1.18377 3.55787]]
weight = 0.0556554 mean = [1.63138 2.64677 7.2544] covariance = [[2.94868 0.484281 0.520786][0.484281 6.62212 -1.31416][0.520786 -1.31416 3.30851]]
weight = 0.620135 mean = [-2.55281 3.06644 -2.37235] covariance = [[8.3968 1.25645 -0.701256][1.25645 2.99713 0.0816441][-0.701256 0.0816441 2.61]]
]
2025-05-29 08:46:15 INFO  ren0 [gaussian_mixture_model.h:215] Before splitting
2025-05-29 08:46:15 INFO  ren0 [gaussian_mixture_model.h:216] GMM[
weight = 0.0154046 mean = [-1.35793 5.72098 7.16915] covariance = [[3.71732 0.197428 -0.241593][0.197428 1.7025 -0.108808][-0.241593 -0.108808 1.8601]]
weight = 0.00751964 mean = [-2.46088 5.82837 6.8786] covariance = [[2.0286 -0.465712 0.0400284][-0.465712 1.41696 -0.196356][0.0400284 -0.196356 1.7012]]
weight = 0.0282662 mean = [-3.9472 0.0937277 4.87472] covariance = [[4.99697 -1.18864 -0.10384][-1.18864 1.80851 1.12167][-0.10384 1.12167 7.60333]]
weight = 0.00465942 mean = [-3.38741 5.95502 6.76781] covariance = [[3.0408 -0.623542 -0.756208][-0.623542 1.96844 -0.105073][-0.756208 -0.105073 2.69876]]
weight = 0.0863347 mean = [2.89404 1.0459 -3.52927] covariance = [[2.95792 0.080957 0.42016][0.080957 2.08387 -0.919328][0.42016 -0.919328 1.90939]]
weight = 0.0175739 mean = [4.13834 5.90836 1.53739] covariance = [[0.520415 -0.085424 -0.419355][-0.085424 1.39182 1.33814][-0.419355 1.33814 9.81428]]
weight = 0.137722 mean = [0.650645 2.40635 2.63757] covariance = [[6.85036 -2.52763 -1.60292][-2.52763 8.46225 -0.454037][-1.60292 -0.454037 3.75832]]
weight = 0.057598 mean = [2.03129 2.1105 7.21176] covariance = [[3.28192 -0.762428 0.727486][-0.762428 6.70302 -1.04561][0.727486 -1.04561 3.03689]]
weight = 0.644921 mean = [-1.92917 3.0018 -2.66762] covariance = [[8.16285 1.01532 -1.29429][1.01532 2.68662 0.181029][-1.29429 0.181029 2.60303]]
]
2025-05-29 08:46:15 INFO  ren0 [gaussian_mixture_model.h:218] Before merging
2025-05-29 08:46:15 INFO  ren0 [gaussian_mixture_model.h:219] GMM[
weight = 0.00770232 mean = [-0.400488 5.8191 7.04242] covariance = [[1.88394 0.0095414 0.00108539][0.0095414 1.68325 -0.0839382][0.00108539 -0.0839382 1.82799]]
weight = 0.00751964 mean = [-2.46088 5.82837 6.8786] covariance = [[2.0286 -0.465712 0.0400284][-0.465712 1.41696 -0.196356][0.0400284 -0.196356 1.7012]]
weight = 0.0282662 mean = [-3.9472 0.0937277 4.87472] covariance = [[4.99697 -1.18864 -0.10384][-1.18864 1.80851 1.12167][-0.10384 1.12167 7.60333]]
weight = 0.00465942 mean = [-3.38741 5.95502 6.76781] covariance = [[3.0408 -0.623542 -0.756208][-0.623542 1.96844 -0.105073][-0.756208 -0.105073 2.69876]]
weight = 0.00770232 mean = [-2.31537 5.62286 7.29588] covariance = [[1.88394 0.0095414 0.00108539][0.0095414 1.68325 -0.0839382][0.00108539 -0.0839382 1.82799]]
weight = 0.0863347 mean = [2.89404 1.0459 -3.52927] covariance = [[2.95792 0.080957 0.42016][0.080957 2.08387 -0.919328][0.42016 -0.919328 1.90939]]
weight = 0.0175739 mean = [4.13834 5.90836 1.53739] covariance = [[0.520415 -0.085424 -0.419355][-0.085424 1.39182 1.33814][-0.419355 1.33814 9.81428]]
weight = 0.137722 mean = [0.650645 2.40635 2.63757] covariance = [[6.85036 -2.52763 -1.60292][-2.52763 8.46225 -0.454037][-1.60292 -0.454037 3.75832]]
weight = 0.057598 mean = [2.03129 2.1105 7.21176] covariance = [[3.28192 -0.762428 0.727486][-0.762428 6.70302 -1.04561][0.727486 -1.04561 3.03689]]
weight = 0.644921 mean = [-1.92917 3.0018 -2.66762] covariance = [[8.16285 1.01532 -1.29429][1.01532 2.68662 0.181029][-1.29429 0.181029 2.60303]]
]
2025-05-29 08:46:15 INFO  ren0 [gaussian_mixture_model.h:215] Before splitting
2025-05-29 08:46:15 INFO  ren0 [gaussian_mixture_model.h:216] GMM[
weight = 0.0278974 mean = [-3.95218 0.0799845 4.80233] covariance = [[3.68668 -0.444797 0.511324][-0.444797 1.79492 1.64927][0.511324 1.64927 10.013]]
weight = 0.0256684 mean = [-2.68426 5.40158 6.61483] covariance = [[2.46093 -0.264076 0.345631][-0.264076 1.46627 -0.676387][0.345631 -0.676387 2.95208]]
weight = 0.0926572 mean = [3.4423 1.1914 -3.13882] covariance = [[3.10653 0.177481 0.742947][0.177481 1.58026 -0.56915][0.742947 -0.56915 1.66964]]
weight = 0.016873 mean = [4.13249 5.80619 1.5788] covariance = [[0.501232 -0.109406 -0.301665][-0.109406 1.66084 1.7325][-0.301665 1.7325 9.3497]]
weight = 0.133687 mean = [0.414797 2.89901 2.58891] covariance = [[7.64089 -2.70574 -2.44966][-2.70574 7.01555 0.267412][-2.44966 0.267412 4.31053]]
weight = 0.0531776 mean = [1.68688 2.29643 7.71769] covariance = [[2.92696 -0.691687 0.395205][-0.691687 5.22191 -1.20283][0.395205 -1.20283 3.86425]]
weight = 0.650039 mean = [-2.11628 2.94433 -2.63609] covariance = [[9.15416 1.77195 -0.433791][1.77195 3.45566 0.277381][-0.433791 0.277381 2.12153]]
]
2025-05-29 08:46:15 INFO  ren0 [gaussian_mixture_model.h:218] Before merging
2025-05-29 08:46:15 INFO  ren0 [gaussian_mixture_model.h:219] GMM[
weight = 0.0139487 mean = [-4.05322 -0.218695 3.22433] covariance = [[3.66627 -0.50515 0.192466][-0.50515 1.61651 0.706639][0.192466 0.706639 5.03291]]
weight = 0.0128342 mean = [-3.06085 5.72471 5.83768] covariance = [[2.17731 -0.0207027 -0.239701][-0.0207027 1.25745 -0.174143][-0.239701 -0.174143 1.74415]]
weight = 0.0139487 mean = [-3.85115 0.378664 6.38032] covariance = [[3.66627 -0.50515 0.192466][-0.50515 1.61651 0.706639][0.192466 0.706639 5.03291]]
weight = 0.0463286 mean = [2.59477 1.22389 -3.50836] covariance = [[1.66993 0.23256 0.11657][0.23256 1.57815 -0.545135][0.11657 -0.545135 1.39655]]
weight = 0.0128342 mean = [-2.30768 5.07845 7.39198] covariance = [[2.17731 -0.0207027 -0.239701][-0.0207027 1.25745 -0.174143][-0.239701 -0.174143 1.74415]]
weight = 0.0463286 mean = [4.28983 1.15891 -2.76929] covariance = [[1.66993 0.23256 0.11657][0.23256 1.57815 -0.545135][0.11657 -0.545135 1.39655]]
weight = 0.016873 mean = [4.13249 5.80619 1.5788] covariance = [[0.501232 -0.109406 -0.301665][-0.109406 1.66084 1.7325][-0.301665 1.7325 9.3497]]
weight = 0.133687 mean = [0.414797 2.89901 2.58891] covariance = [[7.64089 -2.70574 -2.44966][-2.70574 7.01555 0.267412][-2.44966 0.267412 4.31053]]
weight = 0.0531776 mean = [1.68688 2.29643 7.71769] covariance = [[2.92696 -0.691687 0.395205][-0.691687 5.22191 -1.20283][0.395205 -1.20283 3.86425]]
weight = 0.650039 mean = [-2.11628 2.94433 -2.63609] covariance = [[9.15416 1.77195 -0.433791][1.77195 3.45566 0.277381][-0.433791 0.277381 2.12153]]
]
2025-05-29 08:46:15 INFO  ren0 [gaussian_mixture_model.h:215] Before splitting
2025-05-29 08:46:15 INFO  ren0 [gaussian_mixture_model.h:216] GMM[
weight = 0.0030202 mean = [-4.25624 0.156689 3.49498] covariance = [[3.25607 -0.743238 -1.31219][-0.743238 1.88141 -0.55965][-1.31219 -0.55965 10.3824]]
weight = 0.00280354 mean = [-2.62358 5.59048 4.9538] covariance = [[2.15849 -0.387212 -0.893492][-0.387212 0.830117 0.16935][-0.893492 0.16935 2.11798]]
weight = 0.0306118 mean = [-4.32877 -0.0136902 5.92286] covariance = [[3.51824 -0.0514551 -0.993338][-0.0514551 1.55679 0.801038][-0.993338 0.801038 11.1423]]
weight = 0.0170006 mean = [2.6818 1.79919 -3.7704] covariance = [[1.35683 0.118126 0.33501][0.118126 1.15329 -0.328725][0.33501 -0.328725 0.720043]]
weight = 0.0219148 mean = [-2.66961 5.38931 6.68303] covariance = [[2.47392 -0.265817 0.243912][-0.265817 1.45673 -0.619987][0.243912 -0.619987 3.04783]]
weight = 0.0903459 mean = [3.62938 1.2035 -3.03541] covariance = [[2.85203 0.0816564 0.804298][0.0816564 1.52913 -0.529547][0.804298 -0.529547 1.63714]]
weight = 0.0171215 mean = [4.02405 5.6919 1.5404] covariance = [[0.533585 -0.0676229 -0.359165][-0.0676229 1.66331 1.91742][-0.359165 1.91742 9.45703]]
weight = 0.0911373 mean = [0.693132 2.84849 5.08521] covariance = [[5.32947 -1.49962 2.25411][-1.49962 5.00175 -1.92763][2.25411 -1.92763 11.8557]]
weight = 0.726044 mean = [-2.11052 2.99413 -2.51768] covariance = [[8.82176 1.50597 -0.580327][1.50597 3.11454 0.344605][-0.580327 0.344605 2.33903]]
]
2025-05-29 08:46:15 INFO  ren0 [gaussian_mixture_model.h:218] Before merging
2025-05-29 08:46:15 INFO  ren0 [gaussian_mixture_model.h:219] GMM[
weight = 0.0015101 mean = [-3.97885 0.235735 1.88999] covariance = [[3.10219 -0.787091 -0.421783][-0.787091 1.86892 -0.305916][-0.421783 -0.305916 5.23041]]
weight = 0.00280354 mean = [-2.62358 5.59048 4.9538] covariance = [[2.15849 -0.387212 -0.893492][-0.387212 0.830117 0.16935][-0.893492 0.16935 2.11798]]
weight = 0.0306118 mean = [-4.32877 -0.0136902 5.92286] covariance = [[3.51824 -0.0514551 -0.993338][-0.0514551 1.55679 0.801038][-0.993338 0.801038 11.1423]]
weight = 0.0170006 mean = [2.6818 1.79919 -3.7704] covariance = [[1.35683 0.118126 0.33501][0.118126 1.15329 -0.328725][0.33501 -0.328725 0.720043]]
weight = 0.0219148 mean = [-2.66961 5.38931 6.68303] covariance = [[2.47392 -0.265817 0.243912][-0.265817 1.45673 -0.619987][0.243912 -0.619987 3.04783]]
weight = 0.0903459 mean = [3.62938 1.2035 -3.03541] covariance = [[2.85203 0.0816564 0.804298][0.0816564 1.52913 -0.529547][0.804298 -0.529547 1.63714]]
weight = 0.0171215 mean = [4.02405 5.6919 1.5404] covariance = [[0.533585 -0.0676229 -0.359165][-0.0676229 1.66331 1.91742][-0.359165 1.91742 9.45703]]
weight = 0.0015101 mean = [-4.53362 0.0776442 5.09997] covariance = [[3.10219 -0.787091 -0.421783][-0.787091 1.86892 -0.305916][-0.421783 -0.305916 5.23041]]
weight = 0.0911373 mean = [0.693132 2.84849 5.08521] covariance = [[5.32947 -1.49962 2.25411][-1.49962 5.00175 -1.92763][2.25411 -1.92763 11.8557]]
weight = 0.726044 mean = [-2.11052 2.99413 -2.51768] covariance = [[8.82176 1.50597 -0.580327][1.50597 3.11454 0.344605][-0.580327 0.344605 2.33903]]
]
2025-05-29 08:46:15 INFO  ren0 [gaussian_mixture_model.h:215] Before splitting
2025-05-29 08:46:15 INFO  ren0 [gaussian_mixture_model.h:216] GMM[
weight = 0.0021841 mean = [-3.98625 0.264995 2.45154] covariance = [[3.15634 -1.01655 -1.12045][-1.01655 2.14821 -0.150498][-1.12045 -0.150498 7.44835]]
weight = 0.0216545 mean = [-3.96461 0.0410386 4.84584] covariance = [[3.40533 -0.162347 -1.07413][-0.162347 1.65644 1.18367][-1.07413 1.18367 11.3935]]
weight = 0.0294055 mean = [-2.4598 5.53149 6.12484] covariance = [[3.32632 -0.43321 0.612404][-0.43321 1.43939 -0.473243][0.612404 -0.473243 3.53776]]
weight = 0.0864514 mean = [3.31978 1.26135 -3.32165] covariance = [[2.52434 -0.293798 0.858135][-0.293798 1.89514 -0.739877][0.858135 -0.739877 1.9308]]
weight = 0.0162895 mean = [3.95082 5.95645 2.94918] covariance = [[0.530222 0.0047953 -0.46913][0.0047953 1.67142 2.86541][-0.46913 2.86541 16.0085]]
weight = 0.00058406 mean = [-4.22613 0.671324 3.67645] covariance = [[2.58506 -1.17153 -0.273007][-1.17153 2.38191 0.311851][-0.273007 0.311851 5.34812]]
weight = 0.11678 mean = [0.512488 3.48744 4.62693] covariance = [[6.98255 -2.56892 4.60361][-2.56892 5.70116 -1.83107][4.60361 -1.83107 13.5013]]
weight = 0.726651 mean = [-2.05151 3.25845 -2.66753] covariance = [[8.24373 0.823043 -0.602069][0.823043 3.64088 -0.00379044][-0.602069 -0.00379044 2.67499]]
]
2025-05-29 08:46:15 INFO  ren0 [gaussian_mixture_model.h:218] Before merging
2025-05-29 08:46:15 INFO  ren0 [gaussian_mixture_model.h:219] GMM[
weight = 0.00109205 mean = [-3.65008 0.240099 1.10335] covariance = [[2.93031 -0.999808 -0.213982][-0.999808 2.14698 -0.217629][-0.213982 -0.217629 3.81315]]
weight = 0.00109205 mean = [-4.32243 0.289892 3.79972] covariance = [[2.93031 -0.999808 -0.213982][-0.999808 2.14698 -0.217629][-0.213982 -0.217629 3.81315]]
weight = 0.0108272 mean = [-3.74225 -0.161231 3.16384] covariance = [[3.30644 -0.0723921 -0.326097][-0.0723921 1.57463 0.50324][-0.326097 0.50324 5.73532]]
weight = 0.0108272 mean = [-4.18698 0.243309 6.52783] covariance = [[3.30644 -0.0723921 -0.326097][-0.0723921 1.57463 0.50324][-0.326097 0.50324 5.73532]]
weight = 0.0294055 mean = [-2.4598 5.53149 6.12484] covariance = [[3.32632 -0.43321 0.612404][-0.43321 1.43939 -0.473243][0.612404 -0.473243 3.53776]]
weight = 0.0864514 mean = [3.31978 1.26135 -3.32165] covariance = [[2.52434 -0.293798 0.858135][-0.293798 1.89514 -0.739877][0.858135 -0.739877 1.9308]]
weight = 0.0162895 mean = [3.95082 5.95645 2.94918] covariance = [[0.530222 0.0047953 -0.46913][0.0047953 1.67142 2.86541][-0.46913 2.86541 16.0085]]
weight = 0.00058406 mean = [-4.22613 0.671324 3.67645] covariance = [[2.58506 -1.17153 -0.273007][-1.17153 2.38191 0.311851][-0.273007 0.311851 5.34812]]
weight = 0.11678 mean = [0.512488 3.48744 4.62693] covariance = [[6.98255 -2.56892 4.60361][-2.56892 5.70116 -1.83107][4.60361 -1.83107 13.5013]]
weight = 0.726651 mean = [-2.05151 3.25845 -2.66753] covariance = [[8.24373 0.823043 -0.602069][0.823043 3.64088 -0.00379044][-0.602069 -0.00379044 2.67499]]
]
2025-05-29 08:46:15 INFO  ren0 [gaussian_mixture_model.h:215] Before splitting
2025-05-29 08:46:15 INFO  ren0 [gaussian_mixture_model.h:216] GMM[
weight = 0.00519959 mean = [-5.59034 1.37315 2.63039] covariance = [[2.36474 -1.12125 -0.557555][-1.12125 1.09319 0.168477][-0.557555 0.168477 2.12011]]
weight = 0.00854237 mean = [-6.13077 1.68569 2.98513] covariance = [[0.773105 -0.344097 0.120346][-0.344097 0.268411 -0.0795925][0.120346 -0.0795925 0.296336]]
weight = 0.0336382 mean = [-4.9978 0.928641 3.4621] covariance = [[3.8245 -1.46193 0.454541][-1.46193 1.46534 -0.0766079][0.454541 -0.0766079 4.64749]]
weight = 0.0156126 mean = [-5.11152 0.996481 4.85831] covariance = [[3.22334 -1.13024 1.62658][-1.13024 1.213 -1.56904][1.62658 -1.56904 6.86671]]
weight = 0.0671936 mean = [3.43494 0.917683 -3.24317] covariance = [[2.26851 -0.130538 0.768365][-0.130538 2.21691 -0.380111][0.768365 -0.380111 1.85891]]
weight = 0.0285201 mean = [4.40918 6.5798 6.41823] covariance = [[0.599796 0.390747 1.20338][0.390747 1.2311 3.22236][1.20338 3.22236 18.6307]]
weight = 0.00440248 mean = [-6.01863 1.65636 3.02852] covariance = [[1.04146 -0.453509 0.170116][-0.453509 0.449292 -0.0523877][0.170116 -0.0523877 0.803972]]
weight = 0.155713 mean = [-0.00591224 3.62529 4.69895] covariance = [[8.80559 -2.2331 3.36008][-2.2331 5.1184 -0.596622][3.36008 -0.596622 10.3604]]
weight = 0.681178 mean = [-2.84583 3.06762 -2.21136] covariance = [[9.10493 0.906095 -1.14378][0.906095 3.33441 0.0970917][-1.14378 0.0970917 2.65998]]
]
2025-05-29 08:46:15 INFO  ren0 [gaussian_mixture_model.h:218] Before merging
2025-05-29 08:46:15 INFO  ren0 [gaussian_mixture_model.h:219] GMM[
weight = 0.0025998 mean = [-6.30487 1.76768 3.02669] covariance = [[1.34364 -0.557433 0.0087919][-0.557433 0.781889 -0.144237][0.0087919 -0.144237 1.806]]
weight = 0.00854237 mean = [-6.13077 1.68569 2.98513] covariance = [[0.773105 -0.344097 0.120346][-0.344097 0.268411 -0.0795925][0.120346 -0.0795925 0.296336]]
weight = 0.0336382 mean = [-4.9978 0.928641 3.4621] covariance = [[3.8245 -1.46193 0.454541][-1.46193 1.46534 -0.0766079][0.454541 -0.0766079 4.64749]]
weight = 0.0156126 mean = [-5.11152 0.996481 4.85831] covariance = [[3.22334 -1.13024 1.62658][-1.13024 1.213 -1.56904][1.62658 -1.56904 6.86671]]
weight = 0.0025998 mean = [-4.8758 0.978614 2.23408] covariance = [[1.34364 -0.557433 0.0087919][-0.557433 0.781889 -0.144237][0.0087919 -0.144237 1.806]]
weight = 0.0671936 mean = [3.43494 0.917683 -3.24317] covariance = [[2.26851 -0.130538 0.768365][-0.130538 2.21691 -0.380111][0.768365 -0.380111 1.85891]]
weight = 0.0285201 mean = [4.40918 6.5798 6.41823] covariance = [[0.599796 0.390747 1.20338][0.390747 1.2311 3.22236][1.20338 3.22236 18.6307]]
weight = 0.00440248 mean = [-6.01863 1.65636 3.02852] covariance = [[1.04146 -0.453509 0.170116][-0.453509 0.449292 -0.0523877][0.170116 -0.0523877 0.803972]]
weight = 0.155713 mean = [-0.00591224 3.62529 4.69895] covariance = [[8.80559 -2.2331 3.36008][-2.2331 5.1184 -0.596622][3.36008 -0.596622 10.3604]]
weight = 0.681178 mean = [-2.84583 3.06762 -2.21136] covariance = [[9.10493 0.906095 -1.14378][0.906095 3.33441 0.0970917][-1.14378 0.0970917 2.65998]]
]
2025-05-29 08:46:15 INFO  ren0 [gaussian_mixture_model.h:215] Before splitting
2025-05-29 08:46:15 INFO  ren0 [gaussian_mixture_model.h:216] GMM[
weight = 0.0557123 mean = [-5.97217 2.32897 2.42402] covariance = [[0.993704 -0.797797 0.411729][-0.797797 1.1885 -0.828757][0.411729 -0.828757 2.49455]]
weight = 0.0963332 mean = [3.56995 1.50959 -3.77609] covariance = [[1.90305 -0.327625 0.440143][-0.327625 1.58981 -0.699754][0.440143 -0.699754 1.71408]]
weight = 0.0181781 mean = [4.31068 6.42128 5.39445] covariance = [[0.633034 0.449536 1.17323][0.449536 1.43684 3.43414][1.17323 3.43414 18.8246]]
weight = 0.0374903 mean = [-6.28782 2.7267 2.1092] covariance = [[0.0956326 -0.0813452 0.026737][-0.0813452 0.143984 -0.0667631][0.026737 -0.0667631 0.1172]]
weight = 0.135854 mean = [-0.36274 3.58719 4.5854] covariance = [[9.98422 -2.37635 3.46172][-2.37635 5.42795 -0.664625][3.46172 -0.664625 9.93539]]
weight = 0.656432 mean = [-2.52858 2.92071 -2.50248] covariance = [[9.24446 1.03547 -1.99392][1.03547 3.0024 0.228572][-1.99392 0.228572 3.87577]]
]
2025-05-29 08:46:15 INFO  ren0 [gaussian_mixture_model.h:218] Before merging
2025-05-29 08:46:15 INFO  ren0 [gaussian_mixture_model.h:219] GMM[
weight = 0.0278561 mean = [-6.26694 2.75356 1.70259] covariance = [[0.819933 -0.547482 -0.0135873][-0.547482 0.827959 -0.216129][-0.0135873 -0.216129 1.45363]]
weight = 0.0481666 mean = [3.1112 1.96149 -4.29119] covariance = [[1.48215 0.0870019 -0.0324582][0.0870019 1.18138 -0.234202][-0.0324582 -0.234202 1.18344]]
weight = 0.00908904 mean = [4.16649 6.007 3.22711] covariance = [[0.59146 0.330062 0.548197][0.330062 1.09359 1.63836][0.548197 1.63836 9.42994]]
weight = 0.0679272 mean = [-1.69899 4.05355 3.36423] covariance = [[6.41312 -1.13 0.198164][-1.13 4.99298 0.474378][0.198164 0.474378 6.95292]]
weight = 0.0278561 mean = [-5.6774 1.90438 3.14545] covariance = [[0.819933 -0.547482 -0.0135873][-0.547482 0.827959 -0.216129][-0.0135873 -0.216129 1.45363]]
weight = 0.0481666 mean = [4.0287 1.05768 -3.261] covariance = [[1.48215 0.0870019 -0.0324582][0.0870019 1.18138 -0.234202][-0.0324582 -0.234202 1.18344]]
weight = 0.00908904 mean = [4.45488 6.83556 7.56179] covariance = [[0.59146 0.330062 0.548197][0.330062 1.09359 1.63836][0.548197 1.63836 9.42994]]
weight = 0.0374903 mean = [-6.28782 2.7267 2.1092] covariance = [[0.0956326 -0.0813452 0.026737][-0.0813452 0.143984 -0.0667631][0.026737 -0.0667631 0.1172]]
weight = 0.0679272 mean = [0.973507 3.12083 5.80656] covariance = [[6.41312 -1.13 0.198164][-1.13 4.99298 0.474378][0.198164 0.474378 6.95292]]
weight = 0.656432 mean = [-2.52858 2.92071 -2.50248] covariance = [[9.24446 1.03547 -1.99392][1.03547 3.0024 0.228572][-1.99392 0.228572 3.87577]]
]
2025-05-29 08:46:16 INFO  ren0 [gaussian_mixture_model.h:215] Before splitting
2025-05-29 08:46:16 INFO  ren0 [gaussian_mixture_model.h:216] GMM[
weight = 0.00559856 mean = [-5.80823 2.71857 1.65798] covariance = [[0.343868 -0.191835 0.00399577][-0.191835 0.36333 0.042821][0.00399577 0.042821 0.604261]]
weight = 0.0129959 mean = [3.11022 2.10401 -3.81463] covariance = [[2.1405 0.0496171 -0.0864418][0.0496171 1.75796 -0.0390058][-0.0864418 -0.0390058 0.740262]]
weight = 0.00781708 mean = [4.0017 5.4393 1.21515] covariance = [[0.47175 0.0614824 -0.0601481][0.0614824 1.1793 1.31748][-0.0601481 1.31748 6.21418]]
weight = 0.0490402 mean = [-1.19891 3.99375 3.99478] covariance = [[6.67045 -1.09501 -2.42969][-1.09501 7.12346 0.916902][-2.42969 0.916902 10.1144]]
weight = 0.0333162 mean = [-5.90076 2.28419 2.43677] covariance = [[0.999442 -0.811363 0.390603][-0.811363 1.24093 -0.8246][0.390603 -0.8246 2.43236]]
weight = 0.072749 mean = [3.77302 1.24253 -3.45538] covariance = [[1.80424 -0.321946 0.408764][-0.321946 1.78094 -0.816138][0.408764 -0.816138 1.99335]]
weight = 0.0120154 mean = [4.25296 6.39891 5.25249] covariance = [[0.62213 0.349928 0.973278][0.349928 1.36252 3.09462][0.973278 3.09462 16.7129]]
weight = 0.13734 mean = [0.344905 3.07067 5.37096] covariance = [[9.58416 -3.02643 1.99106][-3.02643 6.65048 -0.987149][1.99106 -0.987149 9.41169]]
weight = 0.669128 mean = [-2.32044 2.9659 -2.42429] covariance = [[9.16692 1.28226 -0.80034][1.28226 3.2407 0.316946][-0.80034 0.316946 3.35748]]
]
2025-05-29 08:46:16 INFO  ren0 [gaussian_mixture_model.h:218] Before merging
2025-05-29 08:46:16 INFO  ren0 [gaussian_mixture_model.h:219] GMM[
weight = 0.00559856 mean = [-5.80823 2.71857 1.65798] covariance = [[0.343868 -0.191835 0.00399577][-0.191835 0.36333 0.042821][0.00399577 0.042821 0.604261]]
weight = 0.00649794 mean = [2.38444 2.00813 -3.76756] covariance = [[1.087 -0.0895682 -0.0181209][-0.0895682 1.73958 -0.0299796][-0.0181209 -0.0299796 0.735841]]
weight = 0.00781708 mean = [4.0017 5.4393 1.21515] covariance = [[0.47175 0.0614824 -0.0601481][0.0614824 1.1793 1.31748][-0.0601481 1.31748 6.21418]]
weight = 0.0490402 mean = [-1.19891 3.99375 3.99478] covariance = [[6.67045 -1.09501 -2.42969][-1.09501 7.12346 0.916902][-2.42969 0.916902 10.1144]]
weight = 0.0333162 mean = [-5.90076 2.28419 2.43677] covariance = [[0.999442 -0.811363 0.390603][-0.811363 1.24093 -0.8246][0.390603 -0.8246 2.43236]]
weight = 0.072749 mean = [3.77302 1.24253 -3.45538] covariance = [[1.80424 -0.321946 0.408764][-0.321946 1.78094 -0.816138][0.408764 -0.816138 1.99335]]
weight = 0.0120154 mean = [4.25296 6.39891 5.25249] covariance = [[0.62213 0.349928 0.973278][0.349928 1.36252 3.09462][0.973278 3.09462 16.7129]]
weight = 0.00649794 mean = [3.836 2.1999 -3.86169] covariance = [[1.087 -0.0895682 -0.0181209][-0.0895682 1.73958 -0.0299796][-0.0181209 -0.0299796 0.735841]]
weight = 0.13734 mean = [0.344905 3.07067 5.37096] covariance = [[9.58416 -3.02643 1.99106][-3.02643 6.65048 -0.987149][1.99106 -0.987149 9.41169]]
weight = 0.669128 mean = [-2.32044 2.9659 -2.42429] covariance = [[9.16692 1.28226 -0.80034][1.28226 3.2407 0.316946][-0.80034 0.316946 3.35748]]
]
2025-05-29 08:46:16 INFO  ren0 [gaussian_mixture_model.h:215] Before splitting
2025-05-29 08:46:16 INFO  ren0 [gaussian_mixture_model.h:216] GMM[
weight = 0.0132358 mean = [3.07414 2.09994 -3.82498] covariance = [[2.11367 0.0200464 -0.0941177][0.0200464 1.74989 -0.0154367][-0.0941177 -0.0154367 0.739743]]
weight = 0.0333091 mean = [-5.90784 2.30138 2.39852] covariance = [[0.977736 -0.797459 0.394352][-0.797459 1.2345 -0.846151][0.394352 -0.846151 2.47517]]
weight = 0.0753691 mean = [3.74512 1.23842 -3.47861] covariance = [[1.76042 -0.321926 0.418666][-0.321926 1.73696 -0.787263][0.418666 -0.787263 1.96129]]
weight = 0.01269 mean = [4.21063 6.26411 4.85517] covariance = [[0.608507 0.4007 1.1136][0.4007 1.52326 3.59664][1.1136 3.59664 17.6894]]
weight = 0.000461275 mean = [3.28548 1.78523 -4.2732] covariance = [[0.56108 -0.105946 0.0227364][-0.105946 1.36311 0.131467][0.0227364 0.131467 0.457042]]
weight = 0.138461 mean = [0.312716 3.0894 5.29635] covariance = [[9.51174 -3.01305 2.04194][-3.01305 6.5877 -1.05166][2.04194 -1.05166 9.70643]]
weight = 0.726473 mean = [-2.24685 3.00045 -2.41739] covariance = [[8.84404 1.21146 -0.701613][1.21146 3.11951 0.325659][-0.701613 0.325659 3.12622]]
]
2025-05-29 08:46:16 INFO  ren0 [gaussian_mixture_model.h:218] Before merging
2025-05-29 08:46:16 INFO  ren0 [gaussian_mixture_model.h:219] GMM[
weight = 0.0066179 mean = [3.79949 2.14116 -3.87486] covariance = [[1.06141 -0.0397595 -0.0217634][-0.0397595 1.7465 -0.0113244][-0.0217634 -0.0113244 0.734778]]
weight = 0.0066179 mean = [2.34879 2.05871 -3.77511] covariance = [[1.06141 -0.0397595 -0.0217634][-0.0397595 1.7465 -0.0113244][-0.0217634 -0.0113244 0.734778]]
weight = 0.0166546 mean = [-6.19804 2.73824 1.68246] covariance = [[0.809309 -0.543905 -0.0212566][-0.543905 0.852829 -0.220524][-0.0212566 -0.220524 1.44969]]
weight = 0.0376846 mean = [3.38559 1.73859 -4.06442] covariance = [[1.5019 0.0377311 -0.00257006][0.0377311 1.23663 -0.201256][-0.00257006 -0.201256 1.27496]]
weight = 0.0166546 mean = [-5.61764 1.86453 3.11458] covariance = [[0.809309 -0.543905 -0.0212566][-0.543905 0.852829 -0.220524][-0.0212566 -0.220524 1.44969]]
weight = 0.0376846 mean = [4.10466 0.738249 -2.89281] covariance = [[1.5019 0.0377311 -0.00257006][0.0377311 1.23663 -0.201256][-0.00257006 -0.201256 1.27496]]
weight = 0.01269 mean = [4.21063 6.26411 4.85517] covariance = [[0.608507 0.4007 1.1136][0.4007 1.52326 3.59664][1.1136 3.59664 17.6894]]
weight = 0.000461275 mean = [3.28548 1.78523 -4.2732] covariance = [[0.56108 -0.105946 0.0227364][-0.105946 1.36311 0.131467][0.0227364 0.131467 0.457042]]
weight = 0.138461 mean = [0.312716 3.0894 5.29635] covariance = [[9.51174 -3.01305 2.04194][-3.01305 6.5877 -1.05166][2.04194 -1.05166 9.70643]]
weight = 0.726473 mean = [-2.24685 3.00045 -2.41739] covariance = [[8.84404 1.21146 -0.701613][1.21146 3.11951 0.325659][-0.701613 0.325659 3.12622]]
]
2025-05-29 08:46:16 INFO  ren0 [gaussian_mixture_model.h:215] Before splitting
2025-05-29 08:46:16 INFO  ren0 [gaussian_mixture_model.h:216] GMM[
weight = 0.00663935 mean = [3.01245 2.77326 -4.28288] covariance = [[1.24458 -0.478761 0.330478][-0.478761 1.15864 -0.23429][0.330478 -0.23429 0.394459]]
weight = 0.0206056 mean = [2.32765 2.82446 -4.25722] covariance = [[1.14378 -0.290904 0.0982102][-0.290904 1.16473 -0.203806][0.0982102 -0.203806 0.495209]]
weight = 0.00650209 mean = [-5.29403 2.87473 0.863546] covariance = [[0.166188 -0.180188 0.0881301][-0.180188 0.479132 -0.0641481][0.0881301 -0.0641481 0.955019]]
weight = 0.0403511 mean = [2.65734 2.69091 -4.30761] covariance = [[1.18775 -0.611953 0.367862][-0.611953 0.97397 -0.34612][0.367862 -0.34612 0.442585]]
weight = 0.0188727 mean = [-5.71101 2.16683 2.35098] covariance = [[1.07638 -0.943454 0.265631][-0.943454 1.52581 -0.762779][0.265631 -0.762779 2.34625]]
weight = 0.0570136 mean = [4.01313 1.13459 -3.19855] covariance = [[1.63956 -0.33428 0.564495][-0.33428 1.53673 -0.718114][0.564495 -0.718114 1.76049]]
weight = 0.0103085 mean = [4.11298 6.06223 3.83429] covariance = [[0.640726 0.510219 1.18453][0.510219 1.63147 4.10916][1.18453 4.10916 19.6475]]
weight = 0.000957597 mean = [2.83559 2.52192 -4.42877] covariance = [[0.696869 -0.499453 0.111798][-0.499453 0.970878 -0.069229][0.111798 -0.069229 0.157294]]
weight = 0.838749 mean = [-1.72879 3.12124 -1.89169] covariance = [[9.01904 0.73197 0.0409655][0.73197 2.99251 -0.0181952][0.0409655 -0.0181952 6.92597]]
]
2025-05-29 08:46:16 INFO  ren0 [gaussian_mixture_model.h:218] Before merging
2025-05-29 08:46:16 INFO  ren0 [gaussian_mixture_model.h:219] GMM[
weight = 0.00331968 mean = [3.49379 2.34484 -4.09799] covariance = [[0.781222 -0.0663341 0.152484][-0.0663341 0.791568 -0.0758644][0.152484 -0.0758644 0.326096]]
weight = 0.0206056 mean = [2.32765 2.82446 -4.25722] covariance = [[1.14378 -0.290904 0.0982102][-0.290904 1.16473 -0.203806][0.0982102 -0.203806 0.495209]]
weight = 0.00650209 mean = [-5.29403 2.87473 0.863546] covariance = [[0.166188 -0.180188 0.0881301][-0.180188 0.479132 -0.0641481][0.0881301 -0.0641481 0.955019]]
weight = 0.0403511 mean = [2.65734 2.69091 -4.30761] covariance = [[1.18775 -0.611953 0.367862][-0.611953 0.97397 -0.34612][0.367862 -0.34612 0.442585]]
weight = 0.0188727 mean = [-5.71101 2.16683 2.35098] covariance = [[1.07638 -0.943454 0.265631][-0.943454 1.52581 -0.762779][0.265631 -0.762779 2.34625]]
weight = 0.0570136 mean = [4.01313 1.13459 -3.19855] covariance = [[1.63956 -0.33428 0.564495][-0.33428 1.53673 -0.718114][0.564495 -0.718114 1.76049]]
weight = 0.0103085 mean = [4.11298 6.06223 3.83429] covariance = [[0.640726 0.510219 1.18453][0.510219 1.63147 4.10916][1.18453 4.10916 19.6475]]
weight = 0.000957597 mean = [2.83559 2.52192 -4.42877] covariance = [[0.696869 -0.499453 0.111798][-0.499453 0.970878 -0.069229][0.111798 -0.069229 0.157294]]
weight = 0.00331968 mean = [2.53112 3.20167 -4.46778] covariance = [[0.781222 -0.0663341 0.152484][-0.0663341 0.791568 -0.0758644][0.152484 -0.0758644 0.326096]]
weight = 0.838749 mean = [-1.72879 3.12124 -1.89169] covariance = [[9.01904 0.73197 0.0409655][0.73197 2.99251 -0.0181952][0.0409655 -0.0181952 6.92597]]
]
2025-05-29 08:46:16 INFO  ren0 [gaussian_mixture_model.h:215] Before splitting
2025-05-29 08:46:16 INFO  ren0 [gaussian_mixture_model.h:216] GMM[
weight = 0.00383392 mean = [-5.47178 3.16765 1.12592] covariance = [[0.194031 -0.174206 0.00448998][-0.174206 0.429821 0.140262][0.00448998 0.140262 1.01525]]
weight = 0.0136464 mean = [-5.37732 1.79353 2.21639] covariance = [[1.44945 -1.58692 0.99313][-1.58692 2.50113 -1.77408][0.99313 -1.77408 4.7736]]
weight = 0.0367443 mean = [3.97788 0.984843 -2.9484] covariance = [[1.52062 -0.618249 0.912968][-0.618249 2.21096 -0.994521][0.912968 -0.994521 2.28524]]
weight = 0.0234582 mean = [3.9927 6.53094 6.89566] covariance = [[0.99907 0.812765 0.716985][0.812765 1.5908 2.90096][0.716985 2.90096 15.6122]]
weight = 0.0649104 mean = [2.57695 2.92834 -4.58114] covariance = [[0.212289 -0.0488302 0.0223873][-0.0488302 0.15806 -0.0231803][0.0223873 -0.0231803 0.057154]]
weight = 0.857407 mean = [-2.52645 2.83682 -1.82074] covariance = [[9.96628 0.962951 2.95453][0.962951 3.48024 0.924541][2.95453 0.924541 10.9739]]
]
2025-05-29 08:46:16 INFO  ren0 [gaussian_mixture_model.h:218] Before merging
2025-05-29 08:46:16 INFO  ren0 [gaussian_mixture_model.h:219] GMM[
weight = 0.0068232 mean = [-5.78972 2.43105 1.21554] covariance = [[1.10931 -1.06109 0.167625][-1.06109 1.68828 -0.497953][0.167625 -0.497953 2.77019]]
weight = 0.0183722 mean = [3.55383 1.56763 -3.59903] covariance = [[1.16099 -0.123989 0.361175][-0.123989 1.53169 -0.236164][0.361175 -0.236164 1.43862]]
weight = 0.00383392 mean = [-5.47178 3.16765 1.12592] covariance = [[0.194031 -0.174206 0.00448998][-0.174206 0.429821 0.140262][0.00448998 0.140262 1.01525]]
weight = 0.0117291 mean = [3.87874 6.13404 4.92364] covariance = [[0.973108 0.722306 0.267541][0.722306 1.27575 1.33555][0.267541 1.33555 7.83448]]
weight = 0.0068232 mean = [-4.96492 1.15601 3.21725] covariance = [[1.10931 -1.06109 0.167625][-1.06109 1.68828 -0.497953][0.167625 -0.497953 2.77019]]
weight = 0.0183722 mean = [4.40193 0.402054 -2.29778] covariance = [[1.16099 -0.123989 0.361175][-0.123989 1.53169 -0.236164][0.361175 -0.236164 1.43862]]
weight = 0.0117291 mean = [4.10665 6.92785 8.86768] covariance = [[0.973108 0.722306 0.267541][0.722306 1.27575 1.33555][0.267541 1.33555 7.83448]]
weight = 0.428703 mean = [-3.71154 2.59749 -3.21662] covariance = [[7.1574 0.395691 -0.353955][0.395691 3.36569 0.256389][-0.353955 0.256389 7.07694]]
weight = 0.0649104 mean = [2.57695 2.92834 -4.58114] covariance = [[0.212289 -0.0488302 0.0223873][-0.0488302 0.15806 -0.0231803][0.0223873 -0.0231803 0.057154]]
weight = 0.428703 mean = [-1.34135 3.07615 -0.424868] covariance = [[7.1574 0.395691 -0.353955][0.395691 3.36569 0.256389][-0.353955 0.256389 7.07694]]
]
2025-05-29 08:46:16 INFO  ren0 [gaussian_mixture_model.h:215] Before splitting
2025-05-29 08:46:16 INFO  ren0 [gaussian_mixture_model.h:216] GMM[
weight = 0.00287996 mean = [-5.64778 2.42869 0.220326] covariance = [[0.567923 -0.521134 0.734512][-0.521134 0.906969 -0.723102][0.734512 -0.723102 3.6988]]
weight = 0.0116977 mean = [3.29762 1.64845 -3.69363] covariance = [[1.91031 0.305985 0.479831][0.305985 3.76511 0.426545][0.479831 0.426545 1.00433]]
weight = 0.00372544 mean = [3.67131 5.79482 3.64671] covariance = [[1.13726 0.471041 -0.981802][0.471041 1.5532 1.88134][-0.981802 1.88134 12.8289]]
weight = 0.0100343 mean = [-5.01426 1.07498 3.66885] covariance = [[1.44249 -1.59228 1.2833][-1.59228 3.05112 -3.48888][1.2833 -3.48888 9.56667]]
weight = 0.0250397 mean = [4.04726 0.647616 -2.86143] covariance = [[1.40516 -0.467084 0.698386][-0.467084 2.3344 -0.53566][0.698386 -0.53566 2.35994]]
weight = 0.0124113 mean = [3.89424 6.50408 7.06153] covariance = [[1.2179 0.84771 0.44816][0.84771 1.58631 2.36084][0.44816 2.36084 13.4775]]
weight = 0.19488 mean = [-3.09127 2.72483 -2.76739] covariance = [[7.26 0.483387 -0.912737][0.483387 3.09538 0.0589746][-0.912737 0.0589746 3.20745]]
weight = 0.0969872 mean = [1.60758 3.1057 -4.42689] covariance = [[0.800345 -0.129773 -0.296529][-0.129773 0.0938785 0.0540552][-0.296529 0.0540552 0.3549]]
weight = 0.642345 mean = [-1.48782 2.90451 -0.663302] covariance = [[11.5149 0.46645 4.31543][0.46645 3.81298 -0.241067][4.31543 -0.241067 17.4461]]
]
2025-05-29 08:46:16 INFO  ren0 [gaussian_mixture_model.h:218] Before merging
2025-05-29 08:46:16 INFO  ren0 [gaussian_mixture_model.h:219] GMM[
weight = 0.00143998 mean = [-5.41149 2.17362 1.16808] covariance = [[0.456264 -0.40059 0.286615][-0.40059 0.776856 -0.239613][0.286615 -0.239613 1.90233]]
weight = 0.0116977 mean = [3.29762 1.64845 -3.69363] covariance = [[1.91031 0.305985 0.479831][0.305985 3.76511 0.426545][0.479831 0.426545 1.00433]]
weight = 0.00143998 mean = [-5.88408 2.68376 -0.727428] covariance = [[0.456264 -0.40059 0.286615][-0.40059 0.776856 -0.239613][0.286615 -0.239613 1.90233]]
weight = 0.00372544 mean = [3.67131 5.79482 3.64671] covariance = [[1.13726 0.471041 -0.981802][0.471041 1.5532 1.88134][-0.981802 1.88134 12.8289]]
weight = 0.0100343 mean = [-5.01426 1.07498 3.66885] covariance = [[1.44249 -1.59228 1.2833][-1.59228 3.05112 -3.48888][1.2833 -3.48888 9.56667]]
weight = 0.0250397 mean = [4.04726 0.647616 -2.86143] covariance = [[1.40516 -0.467084 0.698386][-0.467084 2.3344 -0.53566][0.698386 -0.53566 2.35994]]
weight = 0.0124113 mean = [3.89424 6.50408 7.06153] covariance = [[1.2179 0.84771 0.44816][0.84771 1.58631 2.36084][0.44816 2.36084 13.4775]]
weight = 0.19488 mean = [-3.09127 2.72483 -2.76739] covariance = [[7.26 0.483387 -0.912737][0.483387 3.09538 0.0589746][-0.912737 0.0589746 3.20745]]
weight = 0.0969872 mean = [1.60758 3.1057 -4.42689] covariance = [[0.800345 -0.129773 -0.296529][-0.129773 0.0938785 0.0540552][-0.296529 0.0540552 0.3549]]
weight = 0.642345 mean = [-1.48782 2.90451 -0.663302] covariance = [[11.5149 0.46645 4.31543][0.46645 3.81298 -0.241067][4.31543 -0.241067 17.4461]]
]
2025-05-29 08:46:17 INFO  ren0 [gaussian_mixture_model.h:215] Before splitting
2025-05-29 08:46:17 INFO  ren0 [gaussian_mixture_model.h:216] GMM[
weight = 0.00339721 mean = [-5.63982 2.4381 0.239002] covariance = [[0.556244 -0.503313 0.722065][-0.503313 0.914374 -0.689929][0.722065 -0.689929 3.62408]]
weight = 8.33243e-05 mean = [-5.61378 2.71932 -0.368892] covariance = [[0.174542 0.0123673 0.389273][0.0123673 0.676935 0.258167][0.389273 0.258167 2.46541]]
weight = 0.011795 mean = [-5.02129 1.10803 3.63674] covariance = [[1.41653 -1.56907 1.27163][-1.56907 3.06275 -3.50658][1.27163 -3.50658 9.63054]]
weight = 0.0313058 mean = [4.00668 0.749121 -2.90562] covariance = [[1.37841 -0.530097 0.704384][-0.530097 2.43822 -0.559629][0.704384 -0.559629 2.28808]]
weight = 0.0144223 mean = [3.88884 6.48687 6.99203] covariance = [[1.21648 0.855206 0.491949][0.855206 1.60791 2.46142][0.491949 2.46142 13.8133]]
weight = 0.166638 mean = [1.91803 3.12979 -4.49327] covariance = [[0.756615 -0.0758274 -0.24536][-0.0758274 0.0654343 0.0337128][-0.24536 0.0337128 0.249198]]
weight = 0.772358 mean = [-1.48793 2.93984 -0.658881] covariance = [[11.3227 0.463097 4.06924][0.463097 3.75617 -0.142377][4.06924 -0.142377 17.077]]
]
2025-05-29 08:46:17 INFO  ren0 [gaussian_mixture_model.h:218] Before merging
2025-05-29 08:46:17 INFO  ren0 [gaussian_mixture_model.h:219] GMM[
weight = 0.0016986 mean = [-5.40586 2.18915 1.17714] covariance = [[0.446785 -0.386826 0.283103][-0.386826 0.790429 -0.222826][0.283103 -0.222826 1.8639]]
weight = 0.0016986 mean = [-5.87377 2.68706 -0.699134] covariance = [[0.446785 -0.386826 0.283103][-0.386826 0.790429 -0.222826][0.283103 -0.222826 1.8639]]
weight = 4.16622e-05 mean = [-5.4857 2.82725 0.414124] covariance = [[0.14174 -0.0152799 0.188686][-0.0152799 0.653649 0.089154][0.188686 0.089154 1.23919]]
weight = 4.16622e-05 mean = [-5.74187 2.6114 -1.15191] covariance = [[0.14174 -0.0152799 0.188686][-0.0152799 0.653649 0.089154][0.188686 0.089154 1.23919]]
weight = 0.0058975 mean = [-4.72187 0.419246 5.15466] covariance = [[1.23723 -1.1566 0.362645][-1.1566 2.11392 -1.41556][0.362645 -1.41556 5.02242]]
weight = 0.0313058 mean = [4.00668 0.749121 -2.90562] covariance = [[1.37841 -0.530097 0.704384][-0.530097 2.43822 -0.559629][0.704384 -0.559629 2.28808]]
weight = 0.0144223 mean = [3.88884 6.48687 6.99203] covariance = [[1.21648 0.855206 0.491949][0.855206 1.60791 2.46142][0.491949 2.46142 13.8133]]
weight = 0.0058975 mean = [-5.32071 1.79681 2.11883] covariance = [[1.23723 -1.1566 0.362645][-1.1566 2.11392 -1.41556][0.362645 -1.41556 5.02242]]
weight = 0.166638 mean = [1.91803 3.12979 -4.49327] covariance = [[0.756615 -0.0758274 -0.24536][-0.0758274 0.0654343 0.0337128][-0.24536 0.0337128 0.249198]]
weight = 0.772358 mean = [-1.48793 2.93984 -0.658881] covariance = [[11.3227 0.463097 4.06924][0.463097 3.75617 -0.142377][4.06924 -0.142377 17.077]]
]
2025-05-29 08:46:17 INFO  ren0 [gaussian_mixture_model.h:215] Before splitting
2025-05-29 08:46:17 INFO  ren0 [gaussian_mixture_model.h:216] GMM[
weight = 0.00339525 mean = [-5.74804 2.4558 0.882699] covariance = [[0.24252 -0.197713 0.240747][-0.197713 0.561767 -0.0813147][0.240747 -0.0813147 2.15808]]
weight = 0.00224871 mean = [-5.94097 2.44774 -0.696863] covariance = [[0.125303 -0.0207308 0.116305][-0.0207308 0.437343 -0.0549577][0.116305 -0.0549577 2.46434]]
weight = 7.73817e-05 mean = [-5.70127 2.63617 0.174294] covariance = [[0.134106 0.0700978 0.194618][0.0700978 0.660961 0.255237][0.194618 0.255237 1.80172]]
weight = 6.54009e-05 mean = [-5.97763 2.33925 -1.37619] covariance = [[0.109422 0.0470321 0.106772][0.0470321 0.64863 -0.137599][0.106772 -0.137599 1.35315]]
weight = 0.00781876 mean = [-4.87052 0.700681 4.92789] covariance = [[1.34278 -1.19832 0.703571][-1.19832 2.54382 -2.98012][0.703571 -2.98012 10.1441]]
weight = 0.0256707 mean = [4.04589 7.08293 7.88335] covariance = [[0.68267 0.569761 0.695673][0.569761 1.0994 2.29342][0.695673 2.29342 9.66157]]
weight = 0.00450593 mean = [-5.4551 1.99616 1.5447] covariance = [[0.708799 -0.740723 0.594031][-0.740723 1.61016 -1.19623][0.594031 -1.19623 4.8003]]
weight = 0.0632472 mean = [1.77747 3.16705 -4.41227] covariance = [[1.01209 -0.143243 -0.29499][-0.143243 0.090168 0.0576589][-0.29499 0.0576589 0.289601]]
weight = 0.892971 mean = [-0.958561 3.14471 -0.933736] covariance = [[12.4283 -0.611448 0.31911][-0.611448 4.78484 -0.431416][0.31911 -0.431416 14.0492]]
]
2025-05-29 08:46:17 INFO  ren0 [gaussian_mixture_model.h:218] Before merging
2025-05-29 08:46:17 INFO  ren0 [gaussian_mixture_model.h:219] GMM[
weight = 0.00169763 mean = [-5.65278 2.40777 1.6157] covariance = [[0.224381 -0.188562 0.101095][-0.188562 0.557162 -0.0108949][0.101095 -0.0108949 1.08351]]
weight = 0.00224871 mean = [-5.94097 2.44774 -0.696863] covariance = [[0.125303 -0.0207308 0.116305][-0.0207308 0.437343 -0.0549577][0.116305 -0.0549577 2.46434]]
weight = 7.73817e-05 mean = [-5.70127 2.63617 0.174294] covariance = [[0.134106 0.0700978 0.194618][0.0700978 0.660961 0.255237][0.194618 0.255237 1.80172]]
weight = 6.54009e-05 mean = [-5.97763 2.33925 -1.37619] covariance = [[0.109422 0.0470321 0.106772][0.0470321 0.64863 -0.137599][0.106772 -0.137599 1.35315]]
weight = 0.00781876 mean = [-4.87052 0.700681 4.92789] covariance = [[1.34278 -1.19832 0.703571][-1.19832 2.54382 -2.98012][0.703571 -2.98012 10.1441]]
weight = 0.00169763 mean = [-5.84331 2.50384 0.149696] covariance = [[0.224381 -0.188562 0.101095][-0.188562 0.557162 -0.0108949][0.101095 -0.0108949 1.08351]]
weight = 0.0256707 mean = [4.04589 7.08293 7.88335] covariance = [[0.68267 0.569761 0.695673][0.569761 1.0994 2.29342][0.695673 2.29342 9.66157]]
weight = 0.00450593 mean = [-5.4551 1.99616 1.5447] covariance = [[0.708799 -0.740723 0.594031][-0.740723 1.61016 -1.19623][0.594031 -1.19623 4.8003]]
weight = 0.0632472 mean = [1.77747 3.16705 -4.41227] covariance = [[1.01209 -0.143243 -0.29499][-0.143243 0.090168 0.0576589][-0.29499 0.0576589 0.289601]]
weight = 0.892971 mean = [-0.958561 3.14471 -0.933736] covariance = [[12.4283 -0.611448 0.31911][-0.611448 4.78484 -0.431416][0.31911 -0.431416 14.0492]]
]
2025-05-29 08:46:17 INFO  ren0 [gaussian_mixture_model.h:215] Before splitting
2025-05-29 08:46:17 INFO  ren0 [gaussian_mixture_model.h:216] GMM[
weight = 0.000546132 mean = [-5.83848 2.3145 -1.47093] covariance = [[0.098874 -0.169833 0.14653][-0.169833 0.983862 0.0561557][0.14653 0.0561557 3.28129]]
weight = 0.0282579 mean = [3.68731 6.88464 7.94626] covariance = [[1.22285 0.814364 0.328978][0.814364 1.10549 1.78626][0.328978 1.78626 8.27171]]
weight = 0.00481898 mean = [-5.39411 1.88068 1.67917] covariance = [[0.741907 -0.76954 0.745432][-0.76954 1.90795 -1.94391][0.745432 -1.94391 7.20114]]
weight = 0.0619496 mean = [1.79764 3.16582 -4.39294] covariance = [[1.13685 -0.155296 -0.306197][-0.155296 0.0866889 0.0583321][-0.306197 0.0583321 0.287426]]
weight = 0.904427 mean = [-0.953074 3.18752 -0.857357] covariance = [[12.2484 -0.592724 0.495215][-0.592724 4.84108 -0.201101][0.495215 -0.201101 14.3695]]
]
2025-05-29 08:46:17 INFO  ren0 [gaussian_mixture_model.h:218] Before merging
2025-05-29 08:46:17 INFO  ren0 [gaussian_mixture_model.h:219] GMM[
weight = 0.014129 mean = [3.7877 7.23108 9.37861] covariance = [[1.20271 0.744805 0.0413879][0.744805 0.865461 0.793834][0.0413879 0.793834 4.16851]]
weight = 0.00240949 mean = [-5.5787 2.32945 0.35426] covariance = [[0.673774 -0.603866 0.256316][-0.603866 1.50516 -0.754738][0.256316 -0.754738 3.69037]]
weight = 0.452214 mean = [-1.37965 3.25236 -2.71113] covariance = [[11.8845 -0.537409 -1.08633][-0.537409 4.83268 0.0392828][-1.08633 0.0392828 7.49663]]
weight = 0.000546132 mean = [-5.83848 2.3145 -1.47093] covariance = [[0.098874 -0.169833 0.14653][-0.169833 0.983862 0.0561557][0.14653 0.0561557 3.28129]]
weight = 0.014129 mean = [3.58692 6.53821 6.51392] covariance = [[1.20271 0.744805 0.0413879][0.744805 0.865461 0.793834][0.0413879 0.793834 4.16851]]
weight = 0.00240949 mean = [-5.20953 1.4319 3.00408] covariance = [[0.673774 -0.603866 0.256316][-0.603866 1.50516 -0.754738][0.256316 -0.754738 3.69037]]
weight = 0.0619496 mean = [1.79764 3.16582 -4.39294] covariance = [[1.13685 -0.155296 -0.306197][-0.155296 0.0866889 0.0583321][-0.306197 0.0583321 0.287426]]
weight = 0.452214 mean = [-0.526499 3.12268 0.996412] covariance = [[11.8845 -0.537409 -1.08633][-0.537409 4.83268 0.0392828][-1.08633 0.0392828 7.49663]]
]
2025-05-29 08:46:17 INFO  ren0 [MIFocalGuidingPathTracer] GMM[
weight = 0.014129 mean = [3.7877 7.23108 9.37861] covariance = [[1.20271 0.744805 0.0413879][0.744805 0.865461 0.793834][0.0413879 0.793834 4.16851]]
weight = 0.00240949 mean = [-5.5787 2.32945 0.35426] covariance = [[0.673774 -0.603866 0.256316][-0.603866 1.50516 -0.754738][0.256316 -0.754738 3.69037]]
weight = 0.452214 mean = [-1.37965 3.25236 -2.71113] covariance = [[11.8845 -0.537409 -1.08633][-0.537409 4.83268 0.0392828][-1.08633 0.0392828 7.49663]]
weight = 0.014129 mean = [3.58692 6.53821 6.51392] covariance = [[1.20271 0.744805 0.0413879][0.744805 0.865461 0.793834][0.0413879 0.793834 4.16851]]
weight = 0.00240949 mean = [-5.20953 1.4319 3.00408] covariance = [[0.673774 -0.603866 0.256316][-0.603866 1.50516 -0.754738][0.256316 -0.754738 3.69037]]
weight = 0.0624957 mean = [1.73091 3.15838 -4.3674] covariance = [[1.6329 -0.0991106 -0.495523][-0.0991106 0.100817 0.0367649][-0.495523 0.0367649 0.387559]]
weight = 0.452214 mean = [-0.526499 3.12268 0.996412] covariance = [[11.8845 -0.537409 -1.08633][-0.537409 4.83268 0.0392828][-1.08633 0.0392828 7.49663]]
]
2025-05-29 08:46:17 INFO  ren0 [octree.h:534] root weight: 2.452e+03 (2451.951416)
2025-05-29 08:46:17 INFO  ren0 [octree.h:535] splitting threshold: 2.452e+00 (2.451952)
2025-05-29 08:46:17 INFO  ren0 [octree.h:534] root weight: 1.218e+03 (1217.725830)
2025-05-29 08:46:17 INFO  ren0 [octree.h:535] splitting threshold: 1.218e+00 (1.217726)
2025-05-29 08:46:17 INFO  ren0 [octree.h:550] node count: 585 -> 689 -> 354

2025-05-29 08:46:17 INFO  ren0 [octree.h:550] node count: 585 -> 685 -> 469

2025-05-29 08:46:17 INFO  ren0 [MIFocalGuidingPathTracer] ITERATION 1, until 20.0 seconds
2025-05-29 08:46:33 INFO  ren0 [MIFocalGuidingPathTracer]   28.85 seconds elapsed, passes this iteration: 1, total passes: 6
2025-05-29 08:46:33 INFO  ren0 [MIFocalGuidingPathTracer] Got 154136 non-zero samples
2025-05-29 08:46:33 INFO  ren0 [gaussian_mixture_model.h:821] Processing mega batch of size 154136
2025-05-29 08:46:33 INFO  ren0 [gaussian_mixture_model.h:828] will process 2 batches
2025-05-29 08:46:33 INFO  ren0 [gaussian_mixture_model.h:215] Before splitting
2025-05-29 08:46:33 INFO  ren0 [gaussian_mixture_model.h:216] GMM[
weight = 0.0101916 mean = [3.1746 6.83859 8.97837] covariance = [[1.17032 0.0201844 -0.0680806][0.0201844 0.628847 0.207521][-0.0680806 0.207521 1.59559]]
weight = 0.00506366 mean = [-6.04597 2.85436 -0.140873] covariance = [[0.301731 -0.283376 0.0301683][-0.283376 0.709193 -0.262328][0.0301683 -0.262328 1.99988]]
weight = 0.398986 mean = [-1.73269 2.87252 -2.50334] covariance = [[8.4994 -0.491365 -0.504637][-0.491365 4.35108 0.401344][-0.504637 0.401344 4.11238]]
weight = 0.0122278 mean = [3.40515 6.62563 7.05596] covariance = [[1.37603 0.633121 -0.440197][0.633121 1.00524 0.572208][-0.440197 0.572208 5.59761]]
weight = 0.00290853 mean = [-5.5084 1.61006 2.38703] covariance = [[0.745391 -0.938651 1.09192][-0.938651 2.39527 -2.80236][1.09192 -2.80236 7.01207]]
weight = 0.0522693 mean = [0.77711 3.04256 -4.31337] covariance = [[1.1139 -0.0718382 -0.232667][-0.0718382 0.130917 0.0877069][-0.232667 0.0877069 0.307379]]
weight = 0.518353 mean = [-0.513174 2.79039 1.95763] covariance = [[11.0163 -1.62412 1.28843][-1.62412 6.18267 -0.512703][1.28843 -0.512703 17.4375]]
]
2025-05-29 08:46:33 INFO  ren0 [gaussian_mixture_model.h:218] Before merging
2025-05-29 08:46:33 INFO  ren0 [gaussian_mixture_model.h:219] GMM[
weight = 0.00509578 mean = [3.09077 6.96408 9.60195] covariance = [[1.15627 0.0412262 0.0364732][0.0412262 0.597358 0.0510067][0.0364732 0.0510067 0.817901]]
weight = 0.00253183 mean = [-6.01061 2.71025 0.560418] covariance = [[0.299241 -0.273187 -0.0194167][-0.273187 0.667669 -0.0602039][-0.0194167 -0.0602039 1.01627]]
weight = 0.199493 mean = [-0.286748 2.68951 -2.68137] covariance = [[4.31792 0.0378762 0.0101863][0.0378762 4.2841 0.336184][0.0101863 0.336184 4.04901]]
weight = 0.00509578 mean = [3.25843 6.71309 8.3548] covariance = [[1.15627 0.0412262 0.0364732][0.0412262 0.597358 0.0510067][0.0364732 0.0510067 0.817901]]
weight = 0.00253183 mean = [-6.08132 2.99846 -0.842165] covariance = [[0.299241 -0.273187 -0.0194167][-0.273187 0.667669 -0.0602039][-0.0194167 -0.0602039 1.01627]]
weight = 0.199493 mean = [-3.17863 3.05553 -2.32532] covariance = [[4.31792 0.0378762 0.0101863][0.0378762 4.2841 0.336184][0.0101863 0.336184 4.04901]]
weight = 0.0122278 mean = [3.40515 6.62563 7.05596] covariance = [[1.37603 0.633121 -0.440197][0.633121 1.00524 0.572208][-0.440197 0.572208 5.59761]]
weight = 0.00290853 mean = [-5.5084 1.61006 2.38703] covariance = [[0.745391 -0.938651 1.09192][-0.938651 2.39527 -2.80236][1.09192 -2.80236 7.01207]]
weight = 0.0522693 mean = [0.77711 3.04256 -4.31337] covariance = [[1.1139 -0.0718382 -0.232667][-0.0718382 0.130917 0.0877069][-0.232667 0.0877069 0.307379]]
weight = 0.518353 mean = [-0.513174 2.79039 1.95763] covariance = [[11.0163 -1.62412 1.28843][-1.62412 6.18267 -0.512703][1.28843 -0.512703 17.4375]]
]
2025-05-29 08:46:33 INFO  ren0 [gaussian_mixture_model.h:215] Before splitting
2025-05-29 08:46:33 INFO  ren0 [gaussian_mixture_model.h:216] GMM[
weight = 0.0066652 mean = [3.16405 6.7307 9.16174] covariance = [[1.23486 0.0176672 0.115037][0.0176672 0.56781 0.136119][0.115037 0.136119 1.09678]]
weight = 0.00405463 mean = [-5.97626 2.87733 0.162014] covariance = [[0.18258 -0.159728 0.0526253][-0.159728 0.527001 -0.135244][0.0526253 -0.135244 1.36033]]
weight = 0.260352 mean = [-1.06567 2.90078 -2.53201] covariance = [[8.50567 -0.00829844 -0.278905][-0.00829844 4.65231 0.539369][-0.278905 0.539369 3.33619]]
weight = 0.00283258 mean = [2.73574 6.2751 8.49944] covariance = [[1.57738 -0.173618 0.495006][-0.173618 0.609777 0.0150815][0.495006 0.0150815 1.04281]]
weight = 0.00253426 mean = [-6.04539 2.8899 -1.17916] covariance = [[0.0775003 -0.00919895 0.144619][-0.00919895 0.431419 0.200185][0.144619 0.200185 1.73356]]
weight = 0.170287 mean = [-4.1981 2.9165 -2.65983] covariance = [[4.30001 0.719499 0.820011][0.719499 4.27254 0.913791][0.820011 0.913791 2.42961]]
weight = 0.0116664 mean = [3.25899 6.45764 6.72193] covariance = [[1.40837 0.636637 -0.615065][0.636637 0.809777 0.0811522][-0.615065 0.0811522 4.97234]]
weight = 0.0450963 mean = [1.06899 3.10305 -4.21292] covariance = [[1.70638 -0.112319 -0.300174][-0.112319 0.157528 0.0900344][-0.300174 0.0900344 0.301877]]
weight = 0.496512 mean = [-0.297423 2.84696 1.94476] covariance = [[12.2189 -1.82048 2.10075][-1.82048 6.27877 -0.459808][2.10075 -0.459808 17.343]]
]
2025-05-29 08:46:33 INFO  ren0 [gaussian_mixture_model.h:218] Before merging
2025-05-29 08:46:33 INFO  ren0 [gaussian_mixture_model.h:219] GMM[
weight = 0.0033326 mean = [3.64502 6.79769 9.46442] covariance = [[0.772207 -0.0467688 -0.176114][-0.0467688 0.558846 0.0955699][-0.176114 0.0955699 0.913574]]
weight = 0.00405463 mean = [-5.97626 2.87733 0.162014] covariance = [[0.18258 -0.159728 0.0526253][-0.159728 0.527001 -0.135244][0.0526253 -0.135244 1.36033]]
weight = 0.260352 mean = [-1.06567 2.90078 -2.53201] covariance = [[8.50567 -0.00829844 -0.278905][-0.00829844 4.65231 0.539369][-0.278905 0.539369 3.33619]]
weight = 0.00283258 mean = [2.73574 6.2751 8.49944] covariance = [[1.57738 -0.173618 0.495006][-0.173618 0.609777 0.0150815][0.495006 0.0150815 1.04281]]
weight = 0.00253426 mean = [-6.04539 2.8899 -1.17916] covariance = [[0.0775003 -0.00919895 0.144619][-0.00919895 0.431419 0.200185][0.144619 0.200185 1.73356]]
weight = 0.170287 mean = [-4.1981 2.9165 -2.65983] covariance = [[4.30001 0.719499 0.820011][0.719499 4.27254 0.913791][0.820011 0.913791 2.42961]]
weight = 0.0116664 mean = [3.25899 6.45764 6.72193] covariance = [[1.40837 0.636637 -0.615065][0.636637 0.809777 0.0811522][-0.615065 0.0811522 4.97234]]
weight = 0.0033326 mean = [2.68308 6.66371 8.85907] covariance = [[0.772207 -0.0467688 -0.176114][-0.0467688 0.558846 0.0955699][-0.176114 0.0955699 0.913574]]
weight = 0.0450963 mean = [1.06899 3.10305 -4.21292] covariance = [[1.70638 -0.112319 -0.300174][-0.112319 0.157528 0.0900344][-0.300174 0.0900344 0.301877]]
weight = 0.496512 mean = [-0.297423 2.84696 1.94476] covariance = [[12.2189 -1.82048 2.10075][-1.82048 6.27877 -0.459808][2.10075 -0.459808 17.343]]
]
2025-05-29 08:46:33 INFO  ren0 [MIFocalGuidingPathTracer] GMM[
weight = 0.0033326 mean = [3.64502 6.79769 9.46442] covariance = [[0.772207 -0.0467688 -0.176114][-0.0467688 0.558846 0.0955699][-0.176114 0.0955699 0.913574]]
weight = 0.00283258 mean = [2.73574 6.2751 8.49944] covariance = [[1.57738 -0.173618 0.495006][-0.173618 0.609777 0.0150815][0.495006 0.0150815 1.04281]]
weight = 0.00658889 mean = [-6.00285 2.88217 -0.353836] covariance = [[0.143304 -0.102036 0.109953][-0.102036 0.490285 -0.0102177][0.109953 -0.0102177 1.92964]]
weight = 0.430639 mean = [-2.30432 2.90699 -2.58256] covariance = [[9.18838 0.267724 0.251357][0.267724 4.50221 0.686946][0.251357 0.686946 2.98162]]
weight = 0.0116664 mean = [3.25899 6.45764 6.72193] covariance = [[1.40837 0.636637 -0.615065][0.636637 0.809777 0.0811522][-0.615065 0.0811522 4.97234]]
weight = 0.0033326 mean = [2.68308 6.66371 8.85907] covariance = [[0.772207 -0.0467688 -0.176114][-0.0467688 0.558846 0.0955699][-0.176114 0.0955699 0.913574]]
weight = 0.0450963 mean = [1.06899 3.10305 -4.21292] covariance = [[1.70638 -0.112319 -0.300174][-0.112319 0.157528 0.0900344][-0.300174 0.0900344 0.301877]]
weight = 0.496512 mean = [-0.297423 2.84696 1.94476] covariance = [[12.2189 -1.82048 2.10075][-1.82048 6.27877 -0.459808][2.10075 -0.459808 17.343]]
]
2025-05-29 08:46:33 INFO  ren0 [octree.h:534] root weight: 2.620e+03 (2619.697998)
2025-05-29 08:46:33 INFO  ren0 [octree.h:535] splitting threshold: 2.620e+00 (2.619698)
2025-05-29 08:46:33 INFO  ren0 [octree.h:534] root weight: 1.166e+03 (1165.594971)
2025-05-29 08:46:33 INFO  ren0 [octree.h:535] splitting threshold: 1.166e+00 (1.165595)
2025-05-29 08:46:33 INFO  ren0 [octree.h:550] node count: 354 -> 435 -> 355

2025-05-29 08:46:33 INFO  ren0 [octree.h:550] node count: 469 -> 528 -> 468

2025-05-29 08:46:33 INFO  ren0 [MIFocalGuidingPathTracer] ITERATION 2, until 30.0 seconds
2025-05-29 08:46:56 INFO  ren0 [MIFocalGuidingPathTracer]   52.48 seconds elapsed, passes this iteration: 1, total passes: 7
2025-05-29 08:46:56 INFO  ren0 [MIFocalGuidingPathTracer] Got 189437 non-zero samples
2025-05-29 08:46:57 INFO  ren0 [gaussian_mixture_model.h:821] Processing mega batch of size 189437
2025-05-29 08:46:57 INFO  ren0 [gaussian_mixture_model.h:828] will process 2 batches
2025-05-29 08:46:57 INFO  ren0 [gaussian_mixture_model.h:215] Before splitting
2025-05-29 08:46:57 INFO  ren0 [gaussian_mixture_model.h:216] GMM[
weight = 0.00512921 mean = [3.61515 6.25918 9.20412] covariance = [[0.805797 -0.1922 -0.0272487][-0.1922 0.512371 0.049216][-0.0272487 0.049216 0.491936]]
weight = 0.00492559 mean = [3.04286 5.87807 8.59927] covariance = [[1.37993 -0.128848 0.473513][-0.128848 0.295427 0.055904][0.473513 0.055904 0.679052]]
weight = 0.0116159 mean = [-6.1483 3.01253 -0.333468] covariance = [[0.0633587 -0.00950435 0.0990157][-0.00950435 0.136623 0.0578436][0.0990157 0.0578436 1.79979]]
weight = 0.353201 mean = [-2.93705 3.32394 -2.79675] covariance = [[7.16263 0.0458129 0.91071][0.0458129 3.87914 0.583463][0.91071 0.583463 2.57756]]
weight = 0.0087883 mean = [2.85736 6.08318 7.4463] covariance = [[1.17142 0.450156 -0.445975][0.450156 0.59899 -0.133926][-0.445975 -0.133926 3.37354]]
weight = 0.00297821 mean = [2.89709 6.08197 8.81225] covariance = [[0.738387 -0.0166195 0.197173][-0.0166195 0.435064 0.11611][0.197173 0.11611 0.575487]]
weight = 0.0254943 mean = [0.702936 3.20972 -4.17375] covariance = [[1.91597 -0.123572 -0.282321][-0.123572 0.176049 0.100501][-0.282321 0.100501 0.290385]]
weight = 0.587868 mean = [-0.805268 2.73218 3.03088] covariance = [[17.6091 -1.93425 -1.27981][-1.93425 5.1503 -1.4923][-1.27981 -1.4923 14.4806]]
]
2025-05-29 08:46:57 INFO  ren0 [gaussian_mixture_model.h:218] Before merging
2025-05-29 08:46:57 INFO  ren0 [gaussian_mixture_model.h:219] GMM[
weight = 0.00256461 mean = [4.03752 6.04635 9.15104] covariance = [[0.449005 -0.0124073 0.0175943][-0.0124073 0.421784 0.0266196][0.0175943 0.0266196 0.48631]]
weight = 0.00256461 mean = [3.19277 6.47202 9.25721] covariance = [[0.449005 -0.0124073 0.0175943][-0.0124073 0.421784 0.0266196][0.0175943 0.0266196 0.48631]]
weight = 0.0024628 mean = [2.47329 5.9214 8.31663] covariance = [[0.731114 -0.0794974 0.151545][-0.0794974 0.291684 0.0803935][0.151545 0.0803935 0.519292]]
weight = 0.0024628 mean = [3.61244 5.83475 8.88191] covariance = [[0.731114 -0.0794974 0.151545][-0.0794974 0.291684 0.0803935][0.151545 0.0803935 0.519292]]
weight = 0.0116159 mean = [-6.1483 3.01253 -0.333468] covariance = [[0.0633587 -0.00950435 0.0990157][-0.00950435 0.136623 0.0578436][0.0990157 0.0578436 1.79979]]
weight = 0.353201 mean = [-2.93705 3.32394 -2.79675] covariance = [[7.16263 0.0458129 0.91071][0.0458129 3.87914 0.583463][0.91071 0.583463 2.57756]]
weight = 0.0087883 mean = [2.85736 6.08318 7.4463] covariance = [[1.17142 0.450156 -0.445975][0.450156 0.59899 -0.133926][-0.445975 -0.133926 3.37354]]
weight = 0.00297821 mean = [2.89709 6.08197 8.81225] covariance = [[0.738387 -0.0166195 0.197173][-0.0166195 0.435064 0.11611][0.197173 0.11611 0.575487]]
weight = 0.0254943 mean = [0.702936 3.20972 -4.17375] covariance = [[1.91597 -0.123572 -0.282321][-0.123572 0.176049 0.100501][-0.282321 0.100501 0.290385]]
weight = 0.587868 mean = [-0.805268 2.73218 3.03088] covariance = [[17.6091 -1.93425 -1.27981][-1.93425 5.1503 -1.4923][-1.27981 -1.4923 14.4806]]
]
2025-05-29 08:46:57 INFO  ren0 [gaussian_mixture_model.h:215] Before splitting
2025-05-29 08:46:57 INFO  ren0 [gaussian_mixture_model.h:216] GMM[
weight = 0.00285783 mean = [3.63956 6.24348 9.20911] covariance = [[0.656828 -0.088998 -0.0290486][-0.088998 0.417252 0.0492281][-0.0290486 0.0492281 0.399129]]
weight = 0.00128877 mean = [3.23428 6.20638 9.35151] covariance = [[0.302176 0.0798671 -0.0214614][0.0798671 0.168434 0.0162243][-0.0214614 0.0162243 0.208458]]
weight = 0.00288434 mean = [3.13321 5.89963 8.78374] covariance = [[0.995768 -0.0602102 0.348494][-0.0602102 0.245458 0.0836115][0.348494 0.0836115 0.597465]]
weight = 0.0182241 mean = [-6.14335 2.9218 -0.710867] covariance = [[0.0321856 0.00231929 0.0368474][0.00231929 0.0964692 -0.0388969][0.0368474 -0.0388969 3.41105]]
weight = 0.406051 mean = [-2.99358 3.71074 -2.7351] covariance = [[6.36216 0.0586513 0.648793][0.0586513 3.74097 1.05391][0.648793 1.05391 2.41908]]
weight = 0.0069016 mean = [2.53562 6.00737 7.87971] covariance = [[0.876634 0.013485 0.345269][0.013485 0.550768 0.172395][0.345269 0.172395 1.68978]]
weight = 0.0277267 mean = [1.74252 3.1137 -4.32605] covariance = [[3.04502 -0.271802 -0.435425][-0.271802 0.206825 0.115996][-0.435425 0.115996 0.229077]]
weight = 0.534065 mean = [-0.618238 2.86467 2.67786] covariance = [[15.3713 -3.5442 -1.09511][-3.5442 6.49049 -1.43217][-1.09511 -1.43217 14.4344]]
]
2025-05-29 08:46:57 INFO  ren0 [gaussian_mixture_model.h:218] Before merging
2025-05-29 08:46:57 INFO  ren0 [gaussian_mixture_model.h:219] GMM[
weight = 0.00285783 mean = [3.63956 6.24348 9.20911] covariance = [[0.656828 -0.088998 -0.0290486][-0.088998 0.417252 0.0492281][-0.0290486 0.0492281 0.399129]]
weight = 0.00128877 mean = [3.23428 6.20638 9.35151] covariance = [[0.302176 0.0798671 -0.0214614][0.0798671 0.168434 0.0162243][-0.0214614 0.0162243 0.208458]]
weight = 0.203026 mean = [-4.24107 3.59633 -2.96374] covariance = [[3.24968 -0.226817 0.0783463][-0.226817 3.7148 1.00159][0.0783463 1.00159 2.31454]]
weight = 0.00288434 mean = [3.13321 5.89963 8.78374] covariance = [[0.995768 -0.0602102 0.348494][-0.0602102 0.245458 0.0836115][0.348494 0.0836115 0.597465]]
weight = 0.0182241 mean = [-6.14335 2.9218 -0.710867] covariance = [[0.0321856 0.00231929 0.0368474][0.00231929 0.0964692 -0.0388969][0.0368474 -0.0388969 3.41105]]
weight = 0.203026 mean = [-1.74608 3.82516 -2.50647] covariance = [[3.24968 -0.226817 0.0783463][-0.226817 3.7148 1.00159][0.0783463 1.00159 2.31454]]
weight = 0.0034508 mean = [2.30734 5.9203 7.24737] covariance = [[0.772419 -0.0262665 0.0565679][-0.0262665 0.535616 0.0622838][0.0565679 0.0622838 0.890096]]
weight = 0.0034508 mean = [2.7639 6.09444 8.51205] covariance = [[0.772419 -0.0262665 0.0565679][-0.0262665 0.535616 0.0622838][0.0565679 0.0622838 0.890096]]
weight = 0.0277267 mean = [1.74252 3.1137 -4.32605] covariance = [[3.04502 -0.271802 -0.435425][-0.271802 0.206825 0.115996][-0.435425 0.115996 0.229077]]
weight = 0.534065 mean = [-0.618238 2.86467 2.67786] covariance = [[15.3713 -3.5442 -1.09511][-3.5442 6.49049 -1.43217][-1.09511 -1.43217 14.4344]]
]
2025-05-29 08:46:57 INFO  ren0 [MIFocalGuidingPathTracer] GMM[
weight = 0.203026 mean = [-4.24107 3.59633 -2.96374] covariance = [[3.24968 -0.226817 0.0783463][-0.226817 3.7148 1.00159][0.0783463 1.00159 2.31454]]
weight = 0.0182241 mean = [-6.14335 2.9218 -0.710867] covariance = [[0.0321856 0.00231929 0.0368474][0.00231929 0.0964692 -0.0388969][0.0368474 -0.0388969 3.41105]]
weight = 0.203026 mean = [-1.74608 3.82516 -2.50647] covariance = [[3.24968 -0.226817 0.0783463][-0.226817 3.7148 1.00159][0.0783463 1.00159 2.31454]]
weight = 0.0034508 mean = [2.30734 5.9203 7.24737] covariance = [[0.772419 -0.0262665 0.0565679][-0.0262665 0.535616 0.0622838][0.0565679 0.0622838 0.890096]]
weight = 0.0104817 mean = [3.16211 6.09523 8.88008] covariance = [[0.859797 -0.017717 0.199992][-0.017717 0.396416 0.0839536][0.199992 0.0839536 0.695913]]
weight = 0.0277267 mean = [1.74252 3.1137 -4.32605] covariance = [[3.04502 -0.271802 -0.435425][-0.271802 0.206825 0.115996][-0.435425 0.115996 0.229077]]
weight = 0.534065 mean = [-0.618238 2.86467 2.67786] covariance = [[15.3713 -3.5442 -1.09511][-3.5442 6.49049 -1.43217][-1.09511 -1.43217 14.4344]]
]
2025-05-29 08:46:57 INFO  ren0 [octree.h:534] root weight: 3.692e+03 (3691.814941)
2025-05-29 08:46:57 INFO  ren0 [octree.h:535] splitting threshold: 3.692e+00 (3.691815)
2025-05-29 08:46:57 INFO  ren0 [octree.h:534] root weight: 1.315e+03 (1314.762085)
2025-05-29 08:46:57 INFO  ren0 [octree.h:535] splitting threshold: 1.315e+00 (1.314762)
2025-05-29 08:46:57 INFO  ren0 [octree.h:550] node count: 355 -> 489 -> 391

2025-05-29 08:46:57 INFO  ren0 [octree.h:550] node count: 468 -> 521 -> 450

2025-05-29 08:46:57 INFO  ren0 [MIFocalGuidingPathTracer] ITERATION 3, until 40.0 seconds
2025-05-29 08:47:19 INFO  ren0 [MIFocalGuidingPathTracer]   75.46 seconds elapsed, passes this iteration: 1, total passes: 8
2025-05-29 08:47:19 INFO  ren0 [MIFocalGuidingPathTracer] Got 229723 non-zero samples
2025-05-29 08:47:19 INFO  ren0 [gaussian_mixture_model.h:821] Processing mega batch of size 229723
2025-05-29 08:47:19 INFO  ren0 [gaussian_mixture_model.h:828] will process 3 batches
2025-05-29 08:47:20 INFO  ren0 [gaussian_mixture_model.h:215] Before splitting
2025-05-29 08:47:20 INFO  ren0 [gaussian_mixture_model.h:216] GMM[
weight = 0.212498 mean = [-4.80734 1.87025 -2.85547] covariance = [[1.7922 1.57945 -0.300394][1.57945 4.58212 0.259722][-0.300394 0.259722 1.38735]]
weight = 0.00699149 mean = [-6.0823 2.95307 -1.04478] covariance = [[0.038558 0.00630502 0.0507785][0.00630502 0.218383 0.332657][0.0507785 0.332657 4.91676]]
weight = 0.152491 mean = [-2.14278 3.94384 -2.62288] covariance = [[5.05169 1.42932 0.361937][1.42932 4.5957 0.763818][0.361937 0.763818 1.73777]]
weight = 0.00426566 mean = [2.745 6.19626 8.73875] covariance = [[1.55731 -0.03209 -0.20893][-0.03209 0.601681 -0.119655][-0.20893 -0.119655 0.437735]]
weight = 0.066288 mean = [3.47214 6.22898 8.72428] covariance = [[1.32154 0.181842 -0.354938][0.181842 0.475743 -0.124358][-0.354938 -0.124358 0.138768]]
weight = 0.0306877 mean = [2.28494 2.91613 -4.5064] covariance = [[1.46043 -0.289762 -0.123296][-0.289762 0.15094 0.0601353][-0.123296 0.0601353 0.0994361]]
weight = 0.526778 mean = [-1.97 2.30637 4.22496] covariance = [[9.39033 0.250232 -1.11201][0.250232 6.32237 2.37479][-1.11201 2.37479 17.2317]]
]
2025-05-29 08:47:20 INFO  ren0 [gaussian_mixture_model.h:218] Before merging
2025-05-29 08:47:20 INFO  ren0 [gaussian_mixture_model.h:219] GMM[
weight = 0.106249 mean = [-5.27749 0.820363 -2.88908] covariance = [[1.35012 0.592233 -0.332002][0.592233 2.37761 0.189138][-0.332002 0.189138 1.3851]]
weight = 0.00349574 mean = [-6.09388 2.87496 -2.15336] covariance = [[0.0382996 0.00449551 0.025096][0.00449551 0.206191 0.159481][0.025096 0.159481 2.45888]]
weight = 0.106249 mean = [-4.33718 2.92013 -2.82185] covariance = [[1.35012 0.592233 -0.332002][0.592233 2.37761 0.189138][-0.332002 0.189138 1.3851]]
weight = 0.0762456 mean = [-3.0763 3.1161 -2.83097] covariance = [[3.30875 -0.116112 -0.0265853][-0.116112 3.2254 0.419323][-0.0265853 0.419323 1.65118]]
weight = 0.00349574 mean = [-6.07072 3.03118 0.0637988] covariance = [[0.0382996 0.00449551 0.025096][0.00449551 0.206191 0.159481][0.025096 0.159481 2.45888]]
weight = 0.0762456 mean = [-1.20925 4.77158 -2.41479] covariance = [[3.30875 -0.116112 -0.0265853][-0.116112 3.2254 0.419323][-0.0265853 0.419323 1.65118]]
weight = 0.00426566 mean = [2.745 6.19626 8.73875] covariance = [[1.55731 -0.03209 -0.20893][-0.03209 0.601681 -0.119655][-0.20893 -0.119655 0.437735]]
weight = 0.066288 mean = [3.47214 6.22898 8.72428] covariance = [[1.32154 0.181842 -0.354938][0.181842 0.475743 -0.124358][-0.354938 -0.124358 0.138768]]
weight = 0.0306877 mean = [2.28494 2.91613 -4.5064] covariance = [[1.46043 -0.289762 -0.123296][-0.289762 0.15094 0.0601353][-0.123296 0.0601353 0.0994361]]
weight = 0.526778 mean = [-1.97 2.30637 4.22496] covariance = [[9.39033 0.250232 -1.11201][0.250232 6.32237 2.37479][-1.11201 2.37479 17.2317]]
]
2025-05-29 08:47:20 INFO  ren0 [gaussian_mixture_model.h:215] Before splitting
2025-05-29 08:47:20 INFO  ren0 [gaussian_mixture_model.h:216] GMM[
weight = 0.0881053 mean = [-5.32304 0.856843 -2.84283] covariance = [[0.765507 0.739776 -0.551286][0.739776 2.74626 -1.24313][-0.551286 -1.24313 1.77166]]
weight = 0.00710579 mean = [-6.09257 2.79128 -2.94427] covariance = [[0.0206483 0.033263 0.0371143][0.033263 0.334025 0.605628][0.0371143 0.605628 1.28414]]
weight = 0.146587 mean = [-4.55012 2.71506 -3.08713] covariance = [[1.48244 1.2457 -0.222717][1.2457 3.74458 0.414089][-0.222717 0.414089 1.51539]]
weight = 0.0620082 mean = [-3.0963 3.87608 -2.87345] covariance = [[3.64891 0.882311 0.53108][0.882311 3.65163 1.03228][0.53108 1.03228 1.78084]]
weight = 0.00385725 mean = [-6.06864 3.11736 -1.47987] covariance = [[0.0326776 0.0240592 0.0359531][0.0240592 0.230242 0.248021][0.0359531 0.248021 3.04135]]
weight = 0.162745 mean = [-1.28378 5.47144 -2.24201] covariance = [[3.4642 0.128995 0.144393][0.128995 4.09628 0.57317][0.144393 0.57317 1.74845]]
weight = 0.0677981 mean = [2.59659 6.15304 8.97138] covariance = [[2.2533 -0.22273 -0.54368][-0.22273 0.546925 -0.0334103][-0.54368 -0.0334103 0.15339]]
weight = 0.0210561 mean = [3.39727 2.62109 -4.48613] covariance = [[2.40128 -0.595852 -0.0971279][-0.595852 0.231449 0.0347332][-0.0971279 0.0347332 0.0756377]]
weight = 0.440737 mean = [-2.14617 2.43439 3.83183] covariance = [[10.2819 0.841314 -2.6549][0.841314 6.71961 1.82337][-2.6549 1.82337 16.6532]]
]
2025-05-29 08:47:20 INFO  ren0 [gaussian_mixture_model.h:218] Before merging
2025-05-29 08:47:20 INFO  ren0 [gaussian_mixture_model.h:219] GMM[
weight = 0.0440526 mean = [-5.04293 1.6335 -3.37703] covariance = [[0.6086 0.304684 -0.252025][0.304684 1.53987 -0.413352][-0.252025 -0.413352 1.20094]]
weight = 0.00710579 mean = [-6.09257 2.79128 -2.94427] covariance = [[0.0206483 0.033263 0.0371143][0.033263 0.334025 0.605628][0.0371143 0.605628 1.28414]]
weight = 0.146587 mean = [-4.55012 2.71506 -3.08713] covariance = [[1.48244 1.2457 -0.222717][1.2457 3.74458 0.414089][-0.222717 0.414089 1.51539]]
weight = 0.0620082 mean = [-3.0963 3.87608 -2.87345] covariance = [[3.64891 0.882311 0.53108][0.882311 3.65163 1.03228][0.53108 1.03228 1.78084]]
weight = 0.00385725 mean = [-6.06864 3.11736 -1.47987] covariance = [[0.0326776 0.0240592 0.0359531][0.0240592 0.230242 0.248021][0.0359531 0.248021 3.04135]]
weight = 0.162745 mean = [-1.28378 5.47144 -2.24201] covariance = [[3.4642 0.128995 0.144393][0.128995 4.09628 0.57317][0.144393 0.57317 1.74845]]
weight = 0.0440526 mean = [-5.60314 0.0801821 -2.30864] covariance = [[0.6086 0.304684 -0.252025][0.304684 1.53987 -0.413352][-0.252025 -0.413352 1.20094]]
weight = 0.0677981 mean = [2.59659 6.15304 8.97138] covariance = [[2.2533 -0.22273 -0.54368][-0.22273 0.546925 -0.0334103][-0.54368 -0.0334103 0.15339]]
weight = 0.0210561 mean = [3.39727 2.62109 -4.48613] covariance = [[2.40128 -0.595852 -0.0971279][-0.595852 0.231449 0.0347332][-0.0971279 0.0347332 0.0756377]]
weight = 0.440737 mean = [-2.14617 2.43439 3.83183] covariance = [[10.2819 0.841314 -2.6549][0.841314 6.71961 1.82337][-2.6549 1.82337 16.6532]]
]
2025-05-29 08:47:20 INFO  ren0 [gaussian_mixture_model.h:215] Before splitting
2025-05-29 08:47:20 INFO  ren0 [gaussian_mixture_model.h:216] GMM[
weight = 0.0729773 mean = [-5.29888 1.37467 -3.08855] covariance = [[0.821521 0.352404 -0.345164][0.352404 1.88693 -1.00372][-0.345164 -1.00372 1.61814]]
weight = 0.104803 mean = [-6.31816 2.30521 -3.90631] covariance = [[0.00395246 0.0123354 0.0231766][0.0123354 0.052228 0.100148][0.0231766 0.100148 0.198171]]
weight = 0.148093 mean = [-4.71425 2.67811 -3.08504] covariance = [[1.76476 1.39063 -0.245182][1.39063 3.15125 0.00635591][-0.245182 0.00635591 1.59798]]
weight = 0.00853673 mean = [-6.23629 2.54971 -2.87965] covariance = [[0.0256902 0.0579223 0.241648][0.0579223 0.219749 0.620767][0.241648 0.620767 3.85474]]
weight = 0.181944 mean = [-1.65079 5.27686 -2.47944] covariance = [[3.71211 0.307777 0.458258][0.307777 3.93669 0.827852][0.458258 0.827852 1.83636]]
weight = 0.0246024 mean = [-5.59525 1.08732 -1.86104] covariance = [[0.472038 0.0506757 -0.340822][0.0506757 1.00683 -0.407995][-0.340822 -0.407995 1.70897]]
weight = 0.0327554 mean = [2.73503 6.09788 8.94482] covariance = [[2.43235 -0.0356288 -0.620707][-0.0356288 0.644375 -0.0984332][-0.620707 -0.0984332 0.183063]]
weight = 0.0114464 mean = [3.1622 2.71281 -4.42864] covariance = [[2.53748 -0.632686 -0.100694][-0.632686 0.249112 0.0442383][-0.100694 0.0442383 0.0822722]]
weight = 0.414841 mean = [-2.18949 2.43849 4.3233] covariance = [[10.0619 0.414938 -2.70705][0.414938 5.49805 2.20605][-2.70705 2.20605 16.7601]]
]
2025-05-29 08:47:20 INFO  ren0 [gaussian_mixture_model.h:218] Before merging
2025-05-29 08:47:20 INFO  ren0 [gaussian_mixture_model.h:219] GMM[
weight = 0.0364886 mean = [-5.10157 1.99439 -3.63421] covariance = [[0.743667 0.10785 -0.129835][0.10785 1.11884 -0.327414][-0.129835 -0.327414 1.02266]]
weight = 0.104803 mean = [-6.31816 2.30521 -3.90631] covariance = [[0.00395246 0.0123354 0.0231766][0.0123354 0.052228 0.100148][0.0231766 0.100148 0.198171]]
weight = 0.148093 mean = [-4.71425 2.67811 -3.08504] covariance = [[1.76476 1.39063 -0.245182][1.39063 3.15125 0.00635591][-0.245182 0.00635591 1.59798]]
weight = 0.0364886 mean = [-5.49619 0.75495 -2.5429] covariance = [[0.743667 0.10785 -0.129835][0.10785 1.11884 -0.327414][-0.129835 -0.327414 1.02266]]
weight = 0.00853673 mean = [-6.23629 2.54971 -2.87965] covariance = [[0.0256902 0.0579223 0.241648][0.0579223 0.219749 0.620767][0.241648 0.620767 3.85474]]
weight = 0.181944 mean = [-1.65079 5.27686 -2.47944] covariance = [[3.71211 0.307777 0.458258][0.307777 3.93669 0.827852][0.458258 0.827852 1.83636]]
weight = 0.0246024 mean = [-5.59525 1.08732 -1.86104] covariance = [[0.472038 0.0506757 -0.340822][0.0506757 1.00683 -0.407995][-0.340822 -0.407995 1.70897]]
weight = 0.0327554 mean = [2.73503 6.09788 8.94482] covariance = [[2.43235 -0.0356288 -0.620707][-0.0356288 0.644375 -0.0984332][-0.620707 -0.0984332 0.183063]]
weight = 0.0114464 mean = [3.1622 2.71281 -4.42864] covariance = [[2.53748 -0.632686 -0.100694][-0.632686 0.249112 0.0442383][-0.100694 0.0442383 0.0822722]]
weight = 0.414841 mean = [-2.18949 2.43849 4.3233] covariance = [[10.0619 0.414938 -2.70705][0.414938 5.49805 2.20605][-2.70705 2.20605 16.7601]]
]
2025-05-29 08:47:20 INFO  ren0 [MIFocalGuidingPathTracer] GMM[
weight = 0.104803 mean = [-6.31816 2.30521 -3.90631] covariance = [[0.00395246 0.0123354 0.0231766][0.0123354 0.052228 0.100148][0.0231766 0.100148 0.198171]]
weight = 0.00853673 mean = [-6.23629 2.54971 -2.87965] covariance = [[0.0256902 0.0579223 0.241648][0.0579223 0.219749 0.620767][0.241648 0.620767 3.85474]]
weight = 0.181944 mean = [-1.65079 5.27686 -2.47944] covariance = [[3.71211 0.307777 0.458258][0.307777 3.93669 0.827852][0.458258 0.827852 1.83636]]
weight = 0.245673 mean = [-4.97614 2.13161 -2.96351] covariance = [[1.45425 1.13531 -0.328028][1.13531 2.90632 -0.361947][-0.328028 -0.361947 1.66193]]
weight = 0.0327554 mean = [2.73503 6.09788 8.94482] covariance = [[2.43235 -0.0356288 -0.620707][-0.0356288 0.644375 -0.0984332][-0.620707 -0.0984332 0.183063]]
weight = 0.0114464 mean = [3.1622 2.71281 -4.42864] covariance = [[2.53748 -0.632686 -0.100694][-0.632686 0.249112 0.0442383][-0.100694 0.0442383 0.0822722]]
weight = 0.414841 mean = [-2.18949 2.43849 4.3233] covariance = [[10.0619 0.414938 -2.70705][0.414938 5.49805 2.20605][-2.70705 2.20605 16.7601]]
]
2025-05-29 08:47:20 INFO  ren0 [octree.h:534] root weight: 7.735e+03 (7735.030762)
2025-05-29 08:47:20 INFO  ren0 [octree.h:535] splitting threshold: 7.735e+00 (7.735031)
2025-05-29 08:47:20 INFO  ren0 [octree.h:534] root weight: 1.492e+03 (1491.933350)
2025-05-29 08:47:20 INFO  ren0 [octree.h:535] splitting threshold: 1.492e+00 (1.491933)
2025-05-29 08:47:20 INFO  ren0 [octree.h:550] node count: 391 -> 623 -> 445

2025-05-29 08:47:20 INFO  ren0 [octree.h:550] node count: 450 -> 473 -> 390

2025-05-29 08:47:20 INFO  ren0 [MIFocalGuidingPathTracer] ITERATION 4, until 50.0 seconds
2025-05-29 08:47:42 INFO  ren0 [MIFocalGuidingPathTracer]   98.28 seconds elapsed, passes this iteration: 1, total passes: 9
2025-05-29 08:47:42 INFO  ren0 [MIFocalGuidingPathTracer] Got 196067 non-zero samples
2025-05-29 08:47:42 INFO  ren0 [gaussian_mixture_model.h:821] Processing mega batch of size 196067
2025-05-29 08:47:42 INFO  ren0 [gaussian_mixture_model.h:828] will process 2 batches
2025-05-29 08:47:42 INFO  ren0 [gaussian_mixture_model.h:215] Before splitting
2025-05-29 08:47:42 INFO  ren0 [gaussian_mixture_model.h:216] GMM[
weight = 0.0525442 mean = [-6.31838 2.3092 -3.90061] covariance = [[0.00386952 0.0119858 0.0225284][0.0119858 0.0525089 0.10067][0.0225284 0.10067 0.199426]]
weight = 0.0117726 mean = [-6.19251 2.6018 -2.96943] covariance = [[0.021218 0.0461386 0.20607][0.0461386 0.164801 0.574773][0.20607 0.574773 4.271]]
weight = 0.227993 mean = [-1.46304 4.44793 -2.81441] covariance = [[4.73738 -0.0347205 0.311221][-0.0347205 3.81736 0.980752][0.311221 0.980752 1.91211]]
weight = 0.128546 mean = [-4.64117 2.22344 -3.25081] covariance = [[1.70264 0.550469 -0.43522][0.550469 2.08131 -0.319053][-0.43522 -0.319053 2.09314]]
weight = 0.0254518 mean = [2.7207 6.28547 8.90058] covariance = [[1.99599 -0.296451 -0.485624][-0.296451 0.737451 -0.0436195][-0.485624 -0.0436195 0.149849]]
weight = 0.0447854 mean = [2.87438 2.81322 -4.50647] covariance = [[0.827017 -0.233901 -0.0514654][-0.233901 0.12861 0.0106899][-0.0514654 0.0106899 0.064013]]
weight = 0.508907 mean = [-1.22559 2.48519 3.57299] covariance = [[11.7311 0.431251 -4.1376][0.431251 5.74012 1.57669][-4.1376 1.57669 19.3557]]
]
2025-05-29 08:47:42 INFO  ren0 [gaussian_mixture_model.h:218] Before merging
2025-05-29 08:47:42 INFO  ren0 [gaussian_mixture_model.h:219] GMM[
weight = 0.113997 mean = [-0.388557 4.57095 -2.6557] covariance = [[2.42834 -0.299082 -0.0298346][-0.299082 3.7871 0.941705][-0.0298346 0.941705 1.86174]]
weight = 0.0525442 mean = [-6.31838 2.3092 -3.90061] covariance = [[0.00386952 0.0119858 0.0225284][0.0119858 0.0525089 0.10067][0.0225284 0.10067 0.199426]]
weight = 0.0642729 mean = [-5.08342 1.69609 -2.76557] covariance = [[1.31147 0.0840323 -0.0060226][0.0840323 1.52514 0.192721][-0.0060226 0.192721 1.62223]]
weight = 0.254453 mean = [-2.13268 2.67436 5.68484] covariance = [[10.0855 0.774441 -0.306297][0.774441 5.66856 0.777697][-0.306297 0.777697 10.4358]]
weight = 0.0117726 mean = [-6.19251 2.6018 -2.96943] covariance = [[0.021218 0.0461386 0.20607][0.0461386 0.164801 0.574773][0.20607 0.574773 4.271]]
weight = 0.113997 mean = [-2.53753 4.32492 -2.97311] covariance = [[2.42834 -0.299082 -0.0298346][-0.299082 3.7871 0.941705][-0.0298346 0.941705 1.86174]]
weight = 0.0642729 mean = [-4.19891 2.75078 -3.73605] covariance = [[1.31147 0.0840323 -0.0060226][0.0840323 1.52514 0.192721][-0.0060226 0.192721 1.62223]]
weight = 0.0254518 mean = [2.7207 6.28547 8.90058] covariance = [[1.99599 -0.296451 -0.485624][-0.296451 0.737451 -0.0436195][-0.485624 -0.0436195 0.149849]]
weight = 0.0447854 mean = [2.87438 2.81322 -4.50647] covariance = [[0.827017 -0.233901 -0.0514654][-0.233901 0.12861 0.0106899][-0.0514654 0.0106899 0.064013]]
weight = 0.254453 mean = [-0.31849 2.29602 1.46114] covariance = [[10.0855 0.774441 -0.306297][0.774441 5.66856 0.777697][-0.306297 0.777697 10.4358]]
]
2025-05-29 08:47:42 INFO  ren0 [gaussian_mixture_model.h:215] Before splitting
2025-05-29 08:47:42 INFO  ren0 [gaussian_mixture_model.h:216] GMM[
weight = 0.0747435 mean = [0.442668 4.10301 -2.80388] covariance = [[3.98216 0.448836 -0.200827][0.448836 3.49669 0.354496][-0.200827 0.354496 1.52987]]
weight = 0.0766758 mean = [-5.3392 1.39474 -2.95259] covariance = [[1.05914 0.0986591 0.0944645][0.0986591 1.67895 0.192359][0.0944645 0.192359 1.67269]]
weight = 0.162157 mean = [-2.16134 2.89963 5.44313] covariance = [[10.8324 1.20045 1.72281][1.20045 5.84739 0.132465][1.72281 0.132465 10.3031]]
weight = 0.0186567 mean = [-6.26326 2.39745 -3.14424] covariance = [[0.00996196 0.0214668 0.0305695][0.0214668 0.0908527 0.126216][0.0305695 0.126216 1.5218]]
weight = 0.153398 mean = [-2.35442 4.31467 -2.94134] covariance = [[4.96286 -0.807234 0.396737][-0.807234 4.19382 0.576143][0.396737 0.576143 1.79838]]
weight = 0.0959473 mean = [-4.58802 2.35025 -3.46282] covariance = [[1.63164 0.24822 -0.125775][0.24822 1.8903 -0.050713][-0.125775 -0.050713 1.58554]]
weight = 0.0137455 mean = [2.73871 6.25284 8.91354] covariance = [[1.76451 -0.466064 -0.350665][-0.466064 0.770046 -0.0381687][-0.350665 -0.0381687 0.122022]]
weight = 0.0394453 mean = [3.30102 2.7736 -4.49348] covariance = [[0.776517 -0.142889 -0.0318541][-0.142889 0.18838 -0.029019][-0.0318541 -0.029019 0.0530341]]
weight = 0.365231 mean = [-0.515124 2.5101 1.87377] covariance = [[13.365 0.343817 -4.53899][0.343817 5.45456 1.05581][-4.53899 1.05581 17.7044]]
]
2025-05-29 08:47:42 INFO  ren0 [gaussian_mixture_model.h:218] Before merging
2025-05-29 08:47:42 INFO  ren0 [gaussian_mixture_model.h:219] GMM[
weight = 0.0373717 mean = [1.32731 4.632 -2.80026] covariance = [[2.41699 -0.48709 -0.207243][-0.48709 2.93705 0.35066][-0.207243 0.35066 1.52985]]
weight = 0.0373717 mean = [-0.441975 3.57403 -2.80751] covariance = [[2.41699 -0.48709 -0.207243][-0.48709 2.93705 0.35066][-0.207243 0.35066 1.52985]]
weight = 0.0766758 mean = [-5.3392 1.39474 -2.95259] covariance = [[1.05914 0.0986591 0.0944645][0.0986591 1.67895 0.192359][0.0944645 0.192359 1.67269]]
weight = 0.162157 mean = [-2.16134 2.89963 5.44313] covariance = [[10.8324 1.20045 1.72281][1.20045 5.84739 0.132465][1.72281 0.132465 10.3031]]
weight = 0.0186567 mean = [-6.26326 2.39745 -3.14424] covariance = [[0.00996196 0.0214668 0.0305695][0.0214668 0.0908527 0.126216][0.0305695 0.126216 1.5218]]
weight = 0.153398 mean = [-2.35442 4.31467 -2.94134] covariance = [[4.96286 -0.807234 0.396737][-0.807234 4.19382 0.576143][0.396737 0.576143 1.79838]]
weight = 0.0959473 mean = [-4.58802 2.35025 -3.46282] covariance = [[1.63164 0.24822 -0.125775][0.24822 1.8903 -0.050713][-0.125775 -0.050713 1.58554]]
weight = 0.0137455 mean = [2.73871 6.25284 8.91354] covariance = [[1.76451 -0.466064 -0.350665][-0.466064 0.770046 -0.0381687][-0.350665 -0.0381687 0.122022]]
weight = 0.0394453 mean = [3.30102 2.7736 -4.49348] covariance = [[0.776517 -0.142889 -0.0318541][-0.142889 0.18838 -0.029019][-0.0318541 -0.029019 0.0530341]]
weight = 0.365231 mean = [-0.515124 2.5101 1.87377] covariance = [[13.365 0.343817 -4.53899][0.343817 5.45456 1.05581][-4.53899 1.05581 17.7044]]
]
2025-05-29 08:47:42 INFO  ren0 [MIFocalGuidingPathTracer] GMM[
weight = 0.0373717 mean = [1.32731 4.632 -2.80026] covariance = [[2.41699 -0.48709 -0.207243][-0.48709 2.93705 0.35066][-0.207243 0.35066 1.52985]]
weight = 0.0373717 mean = [-0.441975 3.57403 -2.80751] covariance = [[2.41699 -0.48709 -0.207243][-0.48709 2.93705 0.35066][-0.207243 0.35066 1.52985]]
weight = 0.0186567 mean = [-6.26326 2.39745 -3.14424] covariance = [[0.00996196 0.0214668 0.0305695][0.0214668 0.0908527 0.126216][0.0305695 0.126216 1.5218]]
weight = 0.153398 mean = [-2.35442 4.31467 -2.94134] covariance = [[4.96286 -0.807234 0.396737][-0.807234 4.19382 0.576143][0.396737 0.576143 1.79838]]
weight = 0.172623 mean = [-4.92168 1.92583 -3.23618] covariance = [[1.51667 0.358991 -0.122574][0.358991 2.02184 -0.063108][-0.122574 -0.063108 1.68853]]
weight = 0.0137455 mean = [2.73871 6.25284 8.91354] covariance = [[1.76451 -0.466064 -0.350665][-0.466064 0.770046 -0.0381687][-0.350665 -0.0381687 0.122022]]
weight = 0.0394453 mean = [3.30102 2.7736 -4.49348] covariance = [[0.776517 -0.142889 -0.0318541][-0.142889 0.18838 -0.029019][-0.0318541 -0.029019 0.0530341]]
weight = 0.527388 mean = [-1.02129 2.62987 2.97125] covariance = [[13.1634 0.470664 -3.86485][0.470664 5.60766 1.06796][-3.86485 1.06796 18.1416]]
]
2025-05-29 08:47:42 INFO  ren0 [octree.h:534] root weight: 4.752e+03 (4752.351562)
2025-05-29 08:47:42 INFO  ren0 [octree.h:535] splitting threshold: 4.752e+00 (4.752352)
2025-05-29 08:47:42 INFO  ren0 [octree.h:534] root weight: 1.008e+03 (1008.431519)
2025-05-29 08:47:42 INFO  ren0 [octree.h:535] splitting threshold: 1.008e+00 (1.008432)
2025-05-29 08:47:42 INFO  ren0 [octree.h:550] node count: 445 -> 473 -> 428

2025-05-29 08:47:42 INFO  ren0 [octree.h:550] node count: 390 -> 407 -> 402

2025-05-29 08:47:42 INFO  ren0 [MIFocalGuidingPathTracer] ITERATION 5, until 60.0 seconds
2025-05-29 08:48:05 INFO  ren0 [MIFocalGuidingPathTracer]   120.81 seconds elapsed, passes this iteration: 1, total passes: 10
2025-05-29 08:48:05 INFO  ren0 [MIFocalGuidingPathTracer] Got 180910 non-zero samples
2025-05-29 08:48:05 INFO  ren0 [gaussian_mixture_model.h:821] Processing mega batch of size 180910
2025-05-29 08:48:05 INFO  ren0 [gaussian_mixture_model.h:828] will process 2 batches
2025-05-29 08:48:05 INFO  ren0 [gaussian_mixture_model.h:215] Before splitting
2025-05-29 08:48:05 INFO  ren0 [gaussian_mixture_model.h:216] GMM[
weight = 0.0500097 mean = [1.09451 4.55913 -2.82673] covariance = [[3.86422 -0.351547 0.0834613][-0.351547 4.30722 -0.0696543][0.0834613 -0.0696543 1.42966]]
weight = 0.0337872 mean = [-0.65681 3.66457 -2.85506] covariance = [[2.68233 -0.844577 -0.0292056][-0.844577 3.51472 0.0129989][-0.0292056 0.0129989 1.69022]]
weight = 0.00788736 mean = [-6.24223 2.54133 -2.60771] covariance = [[0.0129777 0.0312041 0.0487892][0.0312041 0.153749 0.236134][0.0487892 0.236134 1.80033]]
weight = 0.193993 mean = [-2.30124 4.60224 -3.02565] covariance = [[4.38837 -0.700431 -0.104036][-0.700431 4.60789 -0.0227459][-0.104036 -0.0227459 1.72701]]
weight = 0.135341 mean = [-4.86769 2.54736 -2.94225] covariance = [[1.82391 -0.0230376 -0.483866][-0.0230376 1.90333 0.17451][-0.483866 0.17451 1.58569]]
weight = 0.00526311 mean = [2.72586 6.0558 8.98645] covariance = [[1.68458 -0.386576 -0.306927][-0.386576 0.896117 -0.119812][-0.306927 -0.119812 0.143872]]
weight = 0.0181133 mean = [2.98177 2.80579 -4.51571] covariance = [[1.16189 -0.238903 0.00186638][-0.238903 0.239665 -0.0227246][0.00186638 -0.0227246 0.0418344]]
weight = 0.555605 mean = [-1.09319 2.34001 2.94275] covariance = [[13.6853 0.578926 -4.91847][0.578926 5.214 -0.654136][-4.91847 -0.654136 17.3519]]
]
2025-05-29 08:48:05 INFO  ren0 [gaussian_mixture_model.h:218] Before merging
2025-05-29 08:48:05 INFO  ren0 [gaussian_mixture_model.h:219] GMM[
weight = 0.0250049 mean = [1.60843 3.63133 -2.79177] covariance = [[3.33601 0.602072 0.0475222][0.602072 2.5856 -0.00477139][0.0475222 -0.00477139 1.42723]]
weight = 0.0168936 mean = [-0.125903 2.81128 -2.86638] covariance = [[2.11861 0.0614598 -0.0171888][0.0614598 2.05852 -0.00631486][-0.0171888 -0.00631486 1.68997]]
weight = 0.0250049 mean = [0.580597 5.48692 -2.8617] covariance = [[3.33601 0.602072 0.0475222][0.602072 2.5856 -0.00477139][0.0475222 -0.00477139 1.42723]]
weight = 0.0168936 mean = [-1.18772 4.51786 -2.84374] covariance = [[2.11861 0.0614598 -0.0171888][0.0614598 2.05852 -0.00631486][-0.0171888 -0.00631486 1.68997]]
weight = 0.00788736 mean = [-6.24223 2.54133 -2.60771] covariance = [[0.0129777 0.0312041 0.0487892][0.0312041 0.153749 0.236134][0.0487892 0.236134 1.80033]]
weight = 0.193993 mean = [-2.30124 4.60224 -3.02565] covariance = [[4.38837 -0.700431 -0.104036][-0.700431 4.60789 -0.0227459][-0.104036 -0.0227459 1.72701]]
weight = 0.135341 mean = [-4.86769 2.54736 -2.94225] covariance = [[1.82391 -0.0230376 -0.483866][-0.0230376 1.90333 0.17451][-0.483866 0.17451 1.58569]]
weight = 0.00526311 mean = [2.72586 6.0558 8.98645] covariance = [[1.68458 -0.386576 -0.306927][-0.386576 0.896117 -0.119812][-0.306927 -0.119812 0.143872]]
weight = 0.0181133 mean = [2.98177 2.80579 -4.51571] covariance = [[1.16189 -0.238903 0.00186638][-0.238903 0.239665 -0.0227246][0.00186638 -0.0227246 0.0418344]]
weight = 0.555605 mean = [-1.09319 2.34001 2.94275] covariance = [[13.6853 0.578926 -4.91847][0.578926 5.214 -0.654136][-4.91847 -0.654136 17.3519]]
]
2025-05-29 08:48:05 INFO  ren0 [gaussian_mixture_model.h:215] Before splitting
2025-05-29 08:48:05 INFO  ren0 [gaussian_mixture_model.h:216] GMM[
weight = 0.0380958 mean = [1.49831 3.7441 -2.81892] covariance = [[3.66677 -0.00765826 0.132037][-0.00765826 3.94433 0.130894][0.132037 0.130894 1.37914]]
weight = 0.0262766 mean = [-0.297461 3.00951 -2.96996] covariance = [[2.62676 -0.705663 0.128724][-0.705663 2.67209 0.152596][0.128724 0.152596 1.6962]]
weight = 0.0166635 mean = [0.769377 5.31522 -2.86904] covariance = [[4.94754 1.19119 0.58943][1.19119 3.22054 0.033007][0.58943 0.033007 1.37176]]
weight = 0.0137395 mean = [-6.25464 2.36922 -3.61454] covariance = [[0.012465 0.0257722 0.0503257][0.0257722 0.143751 0.326561][0.0503257 0.326561 2.08621]]
weight = 0.308827 mean = [-3.29185 3.39279 -3.04868] covariance = [[4.2978 0.81072 -0.705379][0.81072 3.91351 0.0139547][-0.705379 0.0139547 1.88063]]
weight = 0.00396057 mean = [2.78962 6.21562 9.0493] covariance = [[1.66232 -0.199289 -0.307759][-0.199289 1.0872 -0.154848][-0.307759 -0.154848 0.169695]]
weight = 0.012357 mean = [2.9185 2.77895 -4.50929] covariance = [[1.52905 -0.310202 -0.00615696][-0.310202 0.279896 -0.0145469][-0.00615696 -0.0145469 0.0411356]]
weight = 0.58008 mean = [-0.441618 2.33762 2.72231] covariance = [[13.8551 -0.470239 -3.29675][-0.470239 4.90817 0.0545556][-3.29675 0.0545556 16.8]]
]
2025-05-29 08:48:05 INFO  ren0 [gaussian_mixture_model.h:218] Before merging
2025-05-29 08:48:05 INFO  ren0 [gaussian_mixture_model.h:219] GMM[
weight = 0.0190479 mean = [1.49496 4.73667 -2.76858] covariance = [[3.66676 -0.000994308 0.132375][-0.000994308 1.97393 0.0309526][0.132375 0.0309526 1.37408]]
weight = 0.0131383 mean = [0.33853 2.35049 -2.98122] covariance = [[1.8178 0.132604 0.143055][0.132604 1.80347 0.137746][0.143055 0.137746 1.69595]]
weight = 0.0166635 mean = [0.769377 5.31522 -2.86904] covariance = [[4.94754 1.19119 0.58943][1.19119 3.22054 0.033007][0.58943 0.033007 1.37176]]
weight = 0.0190479 mean = [1.50167 2.75153 -2.86926] covariance = [[3.66676 -0.000994308 0.132375][-0.000994308 1.97393 0.0309526][0.132375 0.0309526 1.37408]]
weight = 0.0137395 mean = [-6.25464 2.36922 -3.61454] covariance = [[0.012465 0.0257722 0.0503257][0.0257722 0.143751 0.326561][0.0503257 0.326561 2.08621]]
weight = 0.0131383 mean = [-0.933453 3.66854 -2.95869] covariance = [[1.8178 0.132604 0.143055][0.132604 1.80347 0.137746][0.143055 0.137746 1.69595]]
weight = 0.308827 mean = [-3.29185 3.39279 -3.04868] covariance = [[4.2978 0.81072 -0.705379][0.81072 3.91351 0.0139547][-0.705379 0.0139547 1.88063]]
weight = 0.00396057 mean = [2.78962 6.21562 9.0493] covariance = [[1.66232 -0.199289 -0.307759][-0.199289 1.0872 -0.154848][-0.307759 -0.154848 0.169695]]
weight = 0.012357 mean = [2.9185 2.77895 -4.50929] covariance = [[1.52905 -0.310202 -0.00615696][-0.310202 0.279896 -0.0145469][-0.00615696 -0.0145469 0.0411356]]
weight = 0.58008 mean = [-0.441618 2.33762 2.72231] covariance = [[13.8551 -0.470239 -3.29675][-0.470239 4.90817 0.0545556][-3.29675 0.0545556 16.8]]
]
2025-05-29 08:48:05 INFO  ren0 [MIFocalGuidingPathTracer] GMM[
weight = 0.0190479 mean = [1.49496 4.73667 -2.76858] covariance = [[3.66676 -0.000994308 0.132375][-0.000994308 1.97393 0.0309526][0.132375 0.0309526 1.37408]]
weight = 0.0131383 mean = [0.33853 2.35049 -2.98122] covariance = [[1.8178 0.132604 0.143055][0.132604 1.80347 0.137746][0.143055 0.137746 1.69595]]
weight = 0.0190479 mean = [1.50167 2.75153 -2.86926] covariance = [[3.66676 -0.000994308 0.132375][-0.000994308 1.97393 0.0309526][0.132375 0.0309526 1.37408]]
weight = 0.0137395 mean = [-6.25464 2.36922 -3.61454] covariance = [[0.012465 0.0257722 0.0503257][0.0257722 0.143751 0.326561][0.0503257 0.326561 2.08621]]
weight = 0.338629 mean = [-3.0005 3.49809 -3.03635] covariance = [[5.17612 1.18188 -0.568203][1.18188 3.97129 0.0363532][-0.568203 0.0363532 1.8502]]
weight = 0.00396057 mean = [2.78962 6.21562 9.0493] covariance = [[1.66232 -0.199289 -0.307759][-0.199289 1.0872 -0.154848][-0.307759 -0.154848 0.169695]]
weight = 0.012357 mean = [2.9185 2.77895 -4.50929] covariance = [[1.52905 -0.310202 -0.00615696][-0.310202 0.279896 -0.0145469][-0.00615696 -0.0145469 0.0411356]]
weight = 0.58008 mean = [-0.441618 2.33762 2.72231] covariance = [[13.8551 -0.470239 -3.29675][-0.470239 4.90817 0.0545556][-3.29675 0.0545556 16.8]]
]
2025-05-29 08:48:05 INFO  ren0 [octree.h:534] root weight: 3.289e+03 (3289.138184)
2025-05-29 08:48:05 INFO  ren0 [octree.h:535] splitting threshold: 3.289e+00 (3.289138)
2025-05-29 08:48:05 INFO  ren0 [octree.h:534] root weight: 7.802e+02 (780.150513)
2025-05-29 08:48:05 INFO  ren0 [octree.h:535] splitting threshold: 7.802e-01 (0.780151)
2025-05-29 08:48:05 INFO  ren0 [octree.h:550] node count: 428 -> 490 -> 421

2025-05-29 08:48:05 INFO  ren0 [octree.h:550] node count: 402 -> 427 -> 419

2025-05-29 08:48:05 INFO  ren0 [MIFocalGuidingPathTracer] ITERATION 6, until 70.0 seconds
2025-05-29 08:48:28 INFO  ren0 [MIFocalGuidingPathTracer]   144.10 seconds elapsed, passes this iteration: 1, total passes: 11
2025-05-29 08:48:28 INFO  ren0 [MIFocalGuidingPathTracer] Got 205696 non-zero samples
2025-05-29 08:48:28 INFO  ren0 [gaussian_mixture_model.h:821] Processing mega batch of size 205696
2025-05-29 08:48:28 INFO  ren0 [gaussian_mixture_model.h:828] will process 3 batches
2025-05-29 08:48:28 INFO  ren0 [gaussian_mixture_model.h:215] Before splitting
2025-05-29 08:48:28 INFO  ren0 [gaussian_mixture_model.h:216] GMM[
weight = 0.0275343 mean = [1.40775 3.92983 -2.57331] covariance = [[3.35241 0.0483646 0.148078][0.0483646 3.19341 0.355087][0.148078 0.355087 1.39293]]
weight = 0.0229411 mean = [0.0109499 2.7878 -3.00638] covariance = [[2.34543 -0.207142 0.411125][-0.207142 2.00087 0.464287][0.411125 0.464287 1.61848]]
weight = 0.0167617 mean = [1.28303 2.7469 -2.84123] covariance = [[3.3164 -0.353937 0.304218][-0.353937 1.47297 0.585864][0.304218 0.585864 1.35802]]
weight = 0.00835294 mean = [-6.2609 2.39266 -3.251] covariance = [[0.0128327 0.0260327 0.0241858][0.0260327 0.15555 0.257082][0.0241858 0.257082 2.16663]]
weight = 0.373725 mean = [-2.89281 3.18136 -3.18656] covariance = [[3.71258 0.586361 -0.488389][0.586361 3.41213 0.508602][-0.488389 0.508602 1.89313]]
weight = 0.00937051 mean = [3.19365 5.4843 9.27166] covariance = [[3.04229 -0.163532 -0.248864][-0.163532 0.667993 -0.0980329][-0.248864 -0.0980329 0.120745]]
weight = 0.0128125 mean = [2.9425 2.62503 -4.45373] covariance = [[2.01745 -0.455028 0.0206503][-0.455028 0.385495 -0.00282401][0.0206503 -0.00282401 0.04761]]
weight = 0.528502 mean = [-0.263827 2.68352 2.50414] covariance = [[11.177 -0.403131 -1.74387][-0.403131 5.1719 0.578343][-1.74387 0.578343 17.2076]]
]
2025-05-29 08:48:28 INFO  ren0 [gaussian_mixture_model.h:218] Before merging
2025-05-29 08:48:28 INFO  ren0 [gaussian_mixture_model.h:219] GMM[
weight = 0.0137672 mean = [0.595813 3.51349 -2.70677] covariance = [[2.03395 -0.627721 -0.0686405][-0.627721 2.84673 0.243958][-0.0686405 0.243958 1.35732]]
weight = 0.0114705 mean = [-0.713216 2.78262 -3.33538] covariance = [[1.29661 -0.214643 -0.065373][-0.214643 2.00083 0.460879][-0.065373 0.460879 1.40201]]
weight = 0.0137672 mean = [2.21968 4.34618 -2.43985] covariance = [[2.03395 -0.627721 -0.0686405][-0.627721 2.84673 0.243958][-0.0686405 0.243958 1.35732]]
weight = 0.0167617 mean = [1.28303 2.7469 -2.84123] covariance = [[3.3164 -0.353937 0.304218][-0.353937 1.47297 0.585864][0.304218 0.585864 1.35802]]
weight = 0.00835294 mean = [-6.2609 2.39266 -3.251] covariance = [[0.0128327 0.0260327 0.0241858][0.0260327 0.15555 0.257082][0.0241858 0.257082 2.16663]]
weight = 0.0114705 mean = [0.735116 2.79298 -2.67738] covariance = [[1.29661 -0.214643 -0.065373][-0.214643 2.00083 0.460879][-0.065373 0.460879 1.40201]]
weight = 0.373725 mean = [-2.89281 3.18136 -3.18656] covariance = [[3.71258 0.586361 -0.488389][0.586361 3.41213 0.508602][-0.488389 0.508602 1.89313]]
weight = 0.00937051 mean = [3.19365 5.4843 9.27166] covariance = [[3.04229 -0.163532 -0.248864][-0.163532 0.667993 -0.0980329][-0.248864 -0.0980329 0.120745]]
weight = 0.0128125 mean = [2.9425 2.62503 -4.45373] covariance = [[2.01745 -0.455028 0.0206503][-0.455028 0.385495 -0.00282401][0.0206503 -0.00282401 0.04761]]
weight = 0.528502 mean = [-0.263827 2.68352 2.50414] covariance = [[11.177 -0.403131 -1.74387][-0.403131 5.1719 0.578343][-1.74387 0.578343 17.2076]]
]
2025-05-29 08:48:28 INFO  ren0 [gaussian_mixture_model.h:215] Before splitting
2025-05-29 08:48:28 INFO  ren0 [gaussian_mixture_model.h:216] GMM[
weight = 0.0188373 mean = [1.0768 3.38678 -2.68076] covariance = [[2.46177 -0.288551 0.0499645][-0.288551 2.47662 0.446206][0.0499645 0.446206 1.43711]]
weight = 0.0117971 mean = [2.48592 3.64538 -2.3788] covariance = [[2.18854 -0.558654 -0.302021][-0.558654 2.52727 0.662285][-0.302021 0.662285 1.63625]]
weight = 0.0237115 mean = [-6.32324 1.9964 -2.2792] covariance = [[0.00204914 0.00713503 -0.00367061][0.00713503 0.0966167 0.00118606][-0.00367061 0.00118606 0.465859]]
weight = 0.0118767 mean = [0.929839 2.87967 -2.72269] covariance = [[1.0684 -0.235392 -0.0336237][-0.235392 1.21632 0.451773][-0.0336237 0.451773 1.48635]]
weight = 0.417353 mean = [-2.71287 2.90916 -3.33495] covariance = [[4.30617 0.341983 -0.543778][0.341983 2.66312 0.460195][-0.543778 0.460195 1.71179]]
weight = 0.00913139 mean = [2.35091 5.77553 9.42856] covariance = [[2.26777 -0.229537 -0.0955932][-0.229537 0.427611 -0.0706275][-0.0955932 -0.0706275 0.107736]]
weight = 0.0686677 mean = [3.87275 2.61835 -4.56869] covariance = [[2.83198 -0.0198318 0.00693439][-0.0198318 0.123256 0.0043458][0.00693439 0.0043458 0.0121121]]
weight = 0.438625 mean = [-0.261174 2.61642 2.02092] covariance = [[11.3547 -0.34243 -1.7408][-0.34243 5.09856 0.355134][-1.7408 0.355134 16.4322]]
]
2025-05-29 08:48:28 INFO  ren0 [gaussian_mixture_model.h:218] Before merging
2025-05-29 08:48:28 INFO  ren0 [gaussian_mixture_model.h:219] GMM[
weight = 0.00941867 mean = [1.56905 2.73331 -2.87308] covariance = [[1.97716 0.354793 0.239311][0.354793 1.62258 0.194845][0.239311 0.194845 1.36314]]
weight = 0.00941867 mean = [0.584552 4.04025 -2.48843] covariance = [[1.97716 0.354793 0.239311][0.354793 1.62258 0.194845][0.239311 0.194845 1.36314]]
weight = 0.00589855 mean = [2.94689 2.96108 -2.74426] covariance = [[1.76357 0.0722333 0.0349112][0.0722333 1.59074 0.162116][0.0349112 0.162116 1.36914]]
weight = 0.00589855 mean = [2.02495 4.32969 -2.01334] covariance = [[1.76357 0.0722333 0.0349112][0.0722333 1.59074 0.162116][0.0349112 0.162116 1.36914]]
weight = 0.0237115 mean = [-6.32324 1.9964 -2.2792] covariance = [[0.00204914 0.00713503 -0.00367061][0.00713503 0.0966167 0.00118606][-0.00367061 0.00118606 0.465859]]
weight = 0.0118767 mean = [0.929839 2.87967 -2.72269] covariance = [[1.0684 -0.235392 -0.0336237][-0.235392 1.21632 0.451773][-0.0336237 0.451773 1.48635]]
weight = 0.417353 mean = [-2.71287 2.90916 -3.33495] covariance = [[4.30617 0.341983 -0.543778][0.341983 2.66312 0.460195][-0.543778 0.460195 1.71179]]
weight = 0.00913139 mean = [2.35091 5.77553 9.42856] covariance = [[2.26777 -0.229537 -0.0955932][-0.229537 0.427611 -0.0706275][-0.0955932 -0.0706275 0.107736]]
weight = 0.0686677 mean = [3.87275 2.61835 -4.56869] covariance = [[2.83198 -0.0198318 0.00693439][-0.0198318 0.123256 0.0043458][0.00693439 0.0043458 0.0121121]]
weight = 0.438625 mean = [-0.261174 2.61642 2.02092] covariance = [[11.3547 -0.34243 -1.7408][-0.34243 5.09856 0.355134][-1.7408 0.355134 16.4322]]
]
2025-05-29 08:48:28 INFO  ren0 [gaussian_mixture_model.h:215] Before splitting
2025-05-29 08:48:28 INFO  ren0 [gaussian_mixture_model.h:216] GMM[
weight = 0.0188733 mean = [1.21061 3.3189 -2.58878] covariance = [[2.34434 -0.297364 0.164384][-0.297364 2.31891 0.412801][0.164384 0.412801 1.46195]]
weight = 0.00291974 mean = [1.34914 3.78918 -1.87576] covariance = [[1.26063 0.129507 0.552575][0.129507 0.714401 0.2511][0.552575 0.2511 1.15504]]
weight = 0.0120785 mean = [2.55432 3.49203 -2.33189] covariance = [[2.08291 -0.577021 -0.317671][-0.577021 2.44989 0.623116][-0.317671 0.623116 1.62852]]
weight = 0.00297807 mean = [2.18659 3.95755 -1.26832] covariance = [[0.957258 0.260969 0.304325][0.260969 0.785133 0.18988][0.304325 0.18988 0.944628]]
weight = 0.0197347 mean = [-6.32322 1.99663 -2.27918] covariance = [[0.0020511 0.00714697 -0.00366001][0.00714697 0.0968286 0.00126232][-0.00366001 0.00126232 0.466066]]
weight = 0.416056 mean = [-2.75556 2.87375 -3.30731] covariance = [[4.47452 0.338227 -0.455175][0.338227 2.73032 0.526092][-0.455175 0.526092 1.65811]]
weight = 0.00824896 mean = [2.26649 5.78248 9.42938] covariance = [[2.93936 -0.167216 -0.108707][-0.167216 0.428383 -0.0762248][-0.108707 -0.0762248 0.113016]]
weight = 0.0595387 mean = [3.79407 2.62236 -4.56879] covariance = [[2.92797 -0.0442841 0.00793538][-0.0442841 0.134656 0.00303831][0.00793538 0.00303831 0.0118928]]
weight = 0.459572 mean = [-0.221696 2.85544 2.19012] covariance = [[11.1773 -0.621559 -2.36046][-0.621559 5.47315 1.1569][-2.36046 1.1569 17.2531]]
]
2025-05-29 08:48:28 INFO  ren0 [gaussian_mixture_model.h:218] Before merging
2025-05-29 08:48:28 INFO  ren0 [gaussian_mixture_model.h:219] GMM[
weight = 0.00943667 mean = [0.700534 3.93861 -2.44516] covariance = [[1.82401 0.334825 0.310896][0.334825 1.55085 0.234798][0.310896 0.234798 1.42071]]
weight = 0.00291974 mean = [1.34914 3.78918 -1.87576] covariance = [[1.26063 0.129507 0.552575][0.129507 0.714401 0.2511][0.552575 0.2511 1.15504]]
weight = 0.0120785 mean = [2.55432 3.49203 -2.33189] covariance = [[2.08291 -0.577021 -0.317671][-0.577021 2.44989 0.623116][-0.317671 0.623116 1.62852]]
weight = 0.00297807 mean = [2.18659 3.95755 -1.26832] covariance = [[0.957258 0.260969 0.304325][0.260969 0.785133 0.18988][0.304325 0.18988 0.944628]]
weight = 0.0197347 mean = [-6.32322 1.99663 -2.27918] covariance = [[0.0020511 0.00714697 -0.00366001][0.00714697 0.0968286 0.00126232][-0.00366001 0.00126232 0.466066]]
weight = 0.00943667 mean = [1.72068 2.6992 -2.7324] covariance = [[1.82401 0.334825 0.310896][0.334825 1.55085 0.234798][0.310896 0.234798 1.42071]]
weight = 0.416056 mean = [-2.75556 2.87375 -3.30731] covariance = [[4.47452 0.338227 -0.455175][0.338227 2.73032 0.526092][-0.455175 0.526092 1.65811]]
weight = 0.00824896 mean = [2.26649 5.78248 9.42938] covariance = [[2.93936 -0.167216 -0.108707][-0.167216 0.428383 -0.0762248][-0.108707 -0.0762248 0.113016]]
weight = 0.0595387 mean = [3.79407 2.62236 -4.56879] covariance = [[2.92797 -0.0442841 0.00793538][-0.0442841 0.134656 0.00303831][0.00793538 0.00303831 0.0118928]]
weight = 0.459572 mean = [-0.221696 2.85544 2.19012] covariance = [[11.1773 -0.621559 -2.36046][-0.621559 5.47315 1.1569][-2.36046 1.1569 17.2531]]
]
2025-05-29 08:48:28 INFO  ren0 [MIFocalGuidingPathTracer] GMM[
weight = 0.0197347 mean = [-6.32322 1.99663 -2.27918] covariance = [[0.0020511 0.00714697 -0.00366001][0.00714697 0.0968286 0.00126232][-0.00366001 0.00126232 0.466066]]
weight = 0.0368496 mean = [1.7409 3.46452 -2.34137] covariance = [[2.31658 -0.0936244 0.179887][-0.0936244 1.9532 0.478596][0.179887 0.478596 1.5815]]
weight = 0.416056 mean = [-2.75556 2.87375 -3.30731] covariance = [[4.47452 0.338227 -0.455175][0.338227 2.73032 0.526092][-0.455175 0.526092 1.65811]]
weight = 0.00824896 mean = [2.26649 5.78248 9.42938] covariance = [[2.93936 -0.167216 -0.108707][-0.167216 0.428383 -0.0762248][-0.108707 -0.0762248 0.113016]]
weight = 0.0595387 mean = [3.79407 2.62236 -4.56879] covariance = [[2.92797 -0.0442841 0.00793538][-0.0442841 0.134656 0.00303831][0.00793538 0.00303831 0.0118928]]
weight = 0.459572 mean = [-0.221696 2.85544 2.19012] covariance = [[11.1773 -0.621559 -2.36046][-0.621559 5.47315 1.1569][-2.36046 1.1569 17.2531]]
]
2025-05-29 08:48:28 INFO  ren0 [octree.h:534] root weight: 2.390e+03 (2389.678223)
2025-05-29 08:48:28 INFO  ren0 [octree.h:535] splitting threshold: 2.390e+00 (2.389678)
2025-05-29 08:48:28 INFO  ren0 [octree.h:534] root weight: 7.600e+02 (760.036682)
2025-05-29 08:48:28 INFO  ren0 [octree.h:535] splitting threshold: 7.600e-01 (0.760037)
2025-05-29 08:48:28 INFO  ren0 [octree.h:550] node count: 421 -> 478 -> 405

2025-05-29 08:48:28 INFO  ren0 [octree.h:550] node count: 419 -> 467 -> 447

2025-05-29 08:48:29 INFO  ren0 [MIFocalGuidingPathTracer] ITERATION 7, until 80.0 seconds
2025-05-29 08:48:45 INFO  ren0 [MIFocalGuidingPathTracer]   161.36 seconds elapsed, passes this iteration: 1, total passes: 12
2025-05-29 08:48:45 INFO  ren0 [MIFocalGuidingPathTracer] Got 192863 non-zero samples
2025-05-29 08:48:45 INFO  ren0 [gaussian_mixture_model.h:821] Processing mega batch of size 192863
2025-05-29 08:48:45 INFO  ren0 [gaussian_mixture_model.h:828] will process 2 batches
2025-05-29 08:48:45 INFO  ren0 [gaussian_mixture_model.h:215] Before splitting
2025-05-29 08:48:45 INFO  ren0 [gaussian_mixture_model.h:216] GMM[
weight = 0.00189237 mean = [-6.33266 2.14226 -1.85504] covariance = [[0.000437897 0.00203622 -0.000424428][0.00203622 0.231025 0.161115][-0.000424428 0.161115 0.38457]]
weight = 0.0197908 mean = [2.36315 2.49422 -3.57661] covariance = [[3.10668 -1.87059 -1.35569][-1.87059 1.9353 1.10247][-1.35569 1.10247 1.4204]]
weight = 0.24388 mean = [-2.25669 3.96816 -2.50299] covariance = [[2.81244 0.102732 -0.702864][0.102732 2.86007 0.0658566][-0.702864 0.0658566 0.680401]]
weight = 0.000319143 mean = [2.04048 6.2957 9.37179] covariance = [[3.82211 -0.0990785 -0.389143][-0.0990785 0.639101 -0.130049][-0.389143 -0.130049 0.172954]]
weight = 0.0629119 mean = [3.4162 1.79024 -4.44059] covariance = [[0.196144 -0.121075 0.0181866][-0.121075 0.187319 -0.028327][0.0181866 -0.028327 0.00500747]]
weight = 0.671205 mean = [-4.41006 0.811016 6.3384] covariance = [[5.49166 1.2933 -6.75652][1.2933 1.8992 -1.89315][-6.75652 -1.89315 16.6065]]
]
2025-05-29 08:48:45 INFO  ren0 [gaussian_mixture_model.h:218] Before merging
2025-05-29 08:48:45 INFO  ren0 [gaussian_mixture_model.h:219] GMM[
weight = 0.00989538 mean = [1.52563 3.1203 -3.10264] covariance = [[1.70382 -0.821884 -0.561772][-0.821884 1.15136 0.508986][-0.561772 0.508986 0.971121]]
weight = 0.12194 mean = [-1.47936 4.3014 -2.72373] covariance = [[1.60397 -0.415348 -0.359686][-0.415348 2.63798 0.212978][-0.359686 0.212978 0.582957]]
weight = 0.000159571 mean = [1.06311 6.3216 9.47388] covariance = [[1.91161 -0.0484516 -0.189579][-0.0484516 0.637769 -0.135337][-0.189579 -0.135337 0.152118]]
weight = 0.335603 mean = [-5.36463 0.534018 8.34638] covariance = [[3.66928 0.764469 -2.92302][0.764469 1.74576 -0.780735][-2.92302 -0.780735 8.54255]]
weight = 0.00189237 mean = [-6.33266 2.14226 -1.85504] covariance = [[0.000437897 0.00203622 -0.000424428][0.00203622 0.231025 0.161115][-0.000424428 0.161115 0.38457]]
weight = 0.00989538 mean = [3.20067 1.86814 -4.05057] covariance = [[1.70382 -0.821884 -0.561772][-0.821884 1.15136 0.508986][-0.561772 0.508986 0.971121]]
weight = 0.12194 mean = [-3.03402 3.63491 -2.28225] covariance = [[1.60397 -0.415348 -0.359686][-0.415348 2.63798 0.212978][-0.359686 0.212978 0.582957]]
weight = 0.000159571 mean = [3.01785 6.2698 9.26969] covariance = [[1.91161 -0.0484516 -0.189579][-0.0484516 0.637769 -0.135337][-0.189579 -0.135337 0.152118]]
weight = 0.0629119 mean = [3.4162 1.79024 -4.44059] covariance = [[0.196144 -0.121075 0.0181866][-0.121075 0.187319 -0.028327][0.0181866 -0.028327 0.00500747]]
weight = 0.335603 mean = [-3.4555 1.08801 4.33043] covariance = [[3.66928 0.764469 -2.92302][0.764469 1.74576 -0.780735][-2.92302 -0.780735 8.54255]]
]
2025-05-29 08:48:46 INFO  ren0 [gaussian_mixture_model.h:215] Before splitting
2025-05-29 08:48:46 INFO  ren0 [gaussian_mixture_model.h:216] GMM[
weight = 0.0154742 mean = [1.67484 2.54514 -2.72977] covariance = [[2.35494 -2.47552 -0.464521][-2.47552 4.03219 0.676904][-0.464521 0.676904 1.05694]]
weight = 0.145361 mean = [-1.18135 3.90597 -2.72497] covariance = [[1.93004 -1.32854 -0.52312][-1.32854 6.96476 0.0271484][-0.52312 0.0271484 0.811979]]
weight = 0.000123264 mean = [0.257144 6.18559 9.29494] covariance = [[5.80893 -1.3409 -0.0168282][-1.3409 1.56293 -0.193456][-0.0168282 -0.193456 0.244612]]
weight = 0.149037 mean = [-3.50627 0.740744 7.06944] covariance = [[2.60229 1.34516 1.75711][1.34516 3.468 0.111912][1.75711 0.111912 11.4299]]
weight = 0.0302824 mean = [3.2101 0.285536 -3.00773] covariance = [[0.586041 -0.364163 -0.104596][-0.364163 2.06294 -0.49285][-0.104596 -0.49285 0.45951]]
weight = 0.170667 mean = [-2.59487 2.02091 -2.16174] covariance = [[2.3801 -0.029247 -0.505304][-0.029247 4.75729 -0.0367044][-0.505304 -0.0367044 0.485915]]
weight = 0.000275022 mean = [4.19939 4.45623 9.37978] covariance = [[1.84787 -1.53402 0.138207][-1.53402 5.55804 -1.33295][0.138207 -1.33295 0.500864]]
weight = 0.0551092 mean = [1.89708 1.69696 -3.88332] covariance = [[3.85612 -1.12961 -0.576607][-1.12961 0.40011 0.135178][-0.576607 0.135178 0.106022]]
weight = 0.433671 mean = [-3.28622 0.792294 1.82658] covariance = [[8.76965 2.33418 -0.545822][2.33418 5.80215 2.98816][-0.545822 2.98816 14.3697]]
]
2025-05-29 08:48:46 INFO  ren0 [gaussian_mixture_model.h:218] Before merging
2025-05-29 08:48:46 INFO  ren0 [gaussian_mixture_model.h:219] GMM[
weight = 0.00773709 mean = [2.37493 1.5677 -2.93165] covariance = [[1.37469 -1.10692 -0.181845][-1.10692 2.12143 0.282246][-0.181845 0.282246 0.975437]]
weight = 0.145361 mean = [-1.18135 3.90597 -2.72497] covariance = [[1.93004 -1.32854 -0.52312][-1.32854 6.96476 0.0271484][-0.52312 0.0271484 0.811979]]
weight = 0.000123264 mean = [0.257144 6.18559 9.29494] covariance = [[5.80893 -1.3409 -0.0168282][-1.3409 1.56293 -0.193456][-0.0168282 -0.193456 0.244612]]
weight = 0.149037 mean = [-3.50627 0.740744 7.06944] covariance = [[2.60229 1.34516 1.75711][1.34516 3.468 0.111912][1.75711 0.111912 11.4299]]
weight = 0.00773709 mean = [0.974741 3.52258 -2.52789] covariance = [[1.37469 -1.10692 -0.181845][-1.10692 2.12143 0.282246][-0.181845 0.282246 0.975437]]
weight = 0.0302824 mean = [3.2101 0.285536 -3.00773] covariance = [[0.586041 -0.364163 -0.104596][-0.364163 2.06294 -0.49285][-0.104596 -0.49285 0.45951]]
weight = 0.170667 mean = [-2.59487 2.02091 -2.16174] covariance = [[2.3801 -0.029247 -0.505304][-0.029247 4.75729 -0.0367044][-0.505304 -0.0367044 0.485915]]
weight = 0.000275022 mean = [4.19939 4.45623 9.37978] covariance = [[1.84787 -1.53402 0.138207][-1.53402 5.55804 -1.33295][0.138207 -1.33295 0.500864]]
weight = 0.0551092 mean = [1.89708 1.69696 -3.88332] covariance = [[3.85612 -1.12961 -0.576607][-1.12961 0.40011 0.135178][-0.576607 0.135178 0.106022]]
weight = 0.433671 mean = [-3.28622 0.792294 1.82658] covariance = [[8.76965 2.33418 -0.545822][2.33418 5.80215 2.98816][-0.545822 2.98816 14.3697]]
]
2025-05-29 08:48:46 INFO  ren0 [MIFocalGuidingPathTracer] GMM[
weight = 0.00773709 mean = [2.37493 1.5677 -2.93165] covariance = [[1.37469 -1.10692 -0.181845][-1.10692 2.12143 0.282246][-0.181845 0.282246 0.975437]]
weight = 0.000123264 mean = [0.257144 6.18559 9.29494] covariance = [[5.80893 -1.3409 -0.0168282][-1.3409 1.56293 -0.193456][-0.0168282 -0.193456 0.244612]]
weight = 0.149037 mean = [-3.50627 0.740744 7.06944] covariance = [[2.60229 1.34516 1.75711][1.34516 3.468 0.111912][1.75711 0.111912 11.4299]]
weight = 0.00773709 mean = [0.974741 3.52258 -2.52789] covariance = [[1.37469 -1.10692 -0.181845][-1.10692 2.12143 0.282246][-0.181845 0.282246 0.975437]]
weight = 0.0302824 mean = [3.2101 0.285536 -3.00773] covariance = [[0.586041 -0.364163 -0.104596][-0.364163 2.06294 -0.49285][-0.104596 -0.49285 0.45951]]
weight = 0.316028 mean = [-1.9447 2.88797 -2.4208] covariance = [[2.6694 0.0349936 -0.711255][0.0349936 6.65531 -0.271059][-0.711255 -0.271059 0.714699]]
weight = 0.000275022 mean = [4.19939 4.45623 9.37978] covariance = [[1.84787 -1.53402 0.138207][-1.53402 5.55804 -1.33295][0.138207 -1.33295 0.500864]]
weight = 0.0551092 mean = [1.89708 1.69696 -3.88332] covariance = [[3.85612 -1.12961 -0.576607][-1.12961 0.40011 0.135178][-0.576607 0.135178 0.106022]]
weight = 0.433671 mean = [-3.28622 0.792294 1.82658] covariance = [[8.76965 2.33418 -0.545822][2.33418 5.80215 2.98816][-0.545822 2.98816 14.3697]]
]
2025-05-29 08:48:46 INFO  ren0 [octree.h:534] root weight: 3.272e+04 (32720.220703)
2025-05-29 08:48:46 INFO  ren0 [octree.h:535] splitting threshold: 3.272e+01 (32.720222)
2025-05-29 08:48:46 INFO  ren0 [octree.h:534] root weight: 2.906e+03 (2905.640381)
2025-05-29 08:48:46 INFO  ren0 [octree.h:535] splitting threshold: 2.906e+00 (2.905641)
2025-05-29 08:48:46 INFO  ren0 [octree.h:550] node count: 405 -> 748 -> 588

2025-05-29 08:48:46 INFO  ren0 [octree.h:550] node count: 447 -> 466 -> 412

2025-05-29 08:48:46 INFO  ren0 [MIFocalGuidingPathTracer] ITERATION 8, until 90.0 seconds
2025-05-29 08:49:06 INFO  ren0 [MIFocalGuidingPathTracer]   181.79 seconds elapsed, passes this iteration: 1, total passes: 13
2025-05-29 08:49:06 INFO  ren0 [MIFocalGuidingPathTracer] Got 139846 non-zero samples
2025-05-29 08:49:06 INFO  ren0 [gaussian_mixture_model.h:821] Processing mega batch of size 139846
2025-05-29 08:49:06 INFO  ren0 [gaussian_mixture_model.h:828] will process 2 batches
2025-05-29 08:49:06 INFO  ren0 [gaussian_mixture_model.h:215] Before splitting
2025-05-29 08:49:06 INFO  ren0 [gaussian_mixture_model.h:216] GMM[
weight = 0.022224 mean = [2.10385 2.12822 -2.85491] covariance = [[2.59299 -2.57852 -0.481751][-2.57852 3.90924 0.854276][-0.481751 0.854276 1.26451]]
weight = 0.000278393 mean = [2.2786 5.79095 9.44885] covariance = [[8.49396 -1.95052 0.433021][-1.95052 1.11334 -0.212374][0.433021 -0.212374 0.186671]]
weight = 0.164746 mean = [-3.48538 0.766241 7.02748] covariance = [[2.64958 1.35603 1.76182][1.35603 3.51162 0.0307022][1.76182 0.0307022 11.5607]]
weight = 0.0022927 mean = [1.64047 3.05974 -2.25917] covariance = [[1.74277 -1.34024 -0.500004][-1.34024 1.93966 0.867906][-0.500004 0.867906 1.30142]]
weight = 0.0393866 mean = [3.26189 0.350015 -3.06768] covariance = [[0.570415 -0.288002 -0.105532][-0.288002 1.86035 -0.451742][-0.105532 -0.451742 0.55865]]
weight = 0.201467 mean = [-2.52089 2.13751 -2.19088] covariance = [[2.79327 0.0504938 -0.617049][0.0504938 4.79053 -0.0413541][-0.617049 -0.0413541 0.567818]]
weight = 0.00088032 mean = [4.66578 4.91947 9.48945] covariance = [[0.845003 -0.402672 0.125959][-0.402672 2.21617 -0.517337][0.125959 -0.517337 0.31465]]
weight = 0.0604015 mean = [1.90258 1.69276 -3.88295] covariance = [[3.8485 -1.12738 -0.57582][-1.12738 0.40094 0.134213][-0.57582 0.134213 0.106339]]
weight = 0.508323 mean = [-3.0909 0.924347 1.7222] covariance = [[9.52819 2.54171 -0.552024][2.54171 5.92116 2.71552][-0.552024 2.71552 14.402]]
]
2025-05-29 08:49:06 INFO  ren0 [gaussian_mixture_model.h:218] Before merging
2025-05-29 08:49:06 INFO  ren0 [gaussian_mixture_model.h:219] GMM[
weight = 0.011112 mean = [2.84206 1.16762 -3.09782] covariance = [[1.50309 -1.16028 -0.123114][-1.16028 2.06375 0.387598][-0.123114 0.387598 1.14651]]
weight = 0.011112 mean = [1.36564 3.08881 -2.612] covariance = [[1.50309 -1.16028 -0.123114][-1.16028 2.06375 0.387598][-0.123114 0.387598 1.14651]]
weight = 0.000278393 mean = [2.2786 5.79095 9.44885] covariance = [[8.49396 -1.95052 0.433021][-1.95052 1.11334 -0.212374][0.433021 -0.212374 0.186671]]
weight = 0.164746 mean = [-3.48538 0.766241 7.02748] covariance = [[2.64958 1.35603 1.76182][1.35603 3.51162 0.0307022][1.76182 0.0307022 11.5607]]
weight = 0.0022927 mean = [1.64047 3.05974 -2.25917] covariance = [[1.74277 -1.34024 -0.500004][-1.34024 1.93966 0.867906][-0.500004 0.867906 1.30142]]
weight = 0.0393866 mean = [3.26189 0.350015 -3.06768] covariance = [[0.570415 -0.288002 -0.105532][-0.288002 1.86035 -0.451742][-0.105532 -0.451742 0.55865]]
weight = 0.201467 mean = [-2.52089 2.13751 -2.19088] covariance = [[2.79327 0.0504938 -0.617049][0.0504938 4.79053 -0.0413541][-0.617049 -0.0413541 0.567818]]
weight = 0.00088032 mean = [4.66578 4.91947 9.48945] covariance = [[0.845003 -0.402672 0.125959][-0.402672 2.21617 -0.517337][0.125959 -0.517337 0.31465]]
weight = 0.0604015 mean = [1.90258 1.69276 -3.88295] covariance = [[3.8485 -1.12738 -0.57582][-1.12738 0.40094 0.134213][-0.57582 0.134213 0.106339]]
weight = 0.508323 mean = [-3.0909 0.924347 1.7222] covariance = [[9.52819 2.54171 -0.552024][2.54171 5.92116 2.71552][-0.552024 2.71552 14.402]]
]
2025-05-29 08:49:06 INFO  ren0 [gaussian_mixture_model.h:215] Before splitting
2025-05-29 08:49:06 INFO  ren0 [gaussian_mixture_model.h:216] GMM[
weight = 0.0362895 mean = [2.4877 1.64694 -3.24258] covariance = [[2.23095 -2.03987 -0.21169][-2.03987 3.15027 0.790434][-0.21169 0.790434 1.56628]]
weight = 0.00963121 mean = [1.8115 2.69458 -3.25142] covariance = [[1.3275 -0.905107 -0.243637][-0.905107 1.96532 0.983152][-0.243637 0.983152 1.72981]]
weight = 0.000343973 mean = [2.75751 5.80822 9.43728] covariance = [[7.96924 -1.56647 0.395346][-1.56647 0.911737 -0.192137][0.395346 -0.192137 0.164041]]
weight = 0.00417147 mean = [1.78915 2.9239 -2.5243] covariance = [[1.90381 -1.48134 -0.715446][-1.48134 2.31573 1.34608][-0.715446 1.34608 1.82392]]
weight = 0.0679541 mean = [3.39739 0.693677 -3.3774] covariance = [[0.71581 -0.0045293 -0.232048][-0.0045293 2.00355 -0.530744][-0.232048 -0.530744 0.708626]]
weight = 0.219553 mean = [-2.48897 2.31258 -2.23221] covariance = [[3.10243 0.0616013 -0.702589][0.0616013 4.75324 -0.0581562][-0.702589 -0.0581562 0.66408]]
weight = 0.00131711 mean = [4.77065 5.27245 9.45206] covariance = [[0.636408 -0.228118 0.115544][-0.228118 1.74607 -0.410464][0.115544 -0.410464 0.244545]]
weight = 0.0572412 mean = [1.90571 1.69311 -3.88358] covariance = [[3.87274 -1.13566 -0.578232][-1.13566 0.405281 0.134536][-0.578232 0.134536 0.106784]]
weight = 0.603499 mean = [-2.76293 1.28488 1.45861] covariance = [[10.0618 2.60397 -0.217899][2.60397 6.04318 1.76465][-0.217899 1.76465 16.0203]]
]
2025-05-29 08:49:06 INFO  ren0 [gaussian_mixture_model.h:218] Before merging
2025-05-29 08:49:06 INFO  ren0 [gaussian_mixture_model.h:219] GMM[
weight = 0.0181447 mean = [3.15136 0.787819 -3.48487] covariance = [[1.35009 -0.899549 0.109897][-0.899549 1.67409 0.374126][0.109897 0.374126 1.44888]]
weight = 0.00963121 mean = [1.8115 2.69458 -3.25142] covariance = [[1.3275 -0.905107 -0.243637][-0.905107 1.96532 0.983152][-0.243637 0.983152 1.72981]]
weight = 0.000343973 mean = [2.75751 5.80822 9.43728] covariance = [[7.96924 -1.56647 0.395346][-1.56647 0.911737 -0.192137][0.395346 -0.192137 0.164041]]
weight = 0.0181447 mean = [1.82405 2.50607 -3.0003] covariance = [[1.35009 -0.899549 0.109897][-0.899549 1.67409 0.374126][0.109897 0.374126 1.44888]]
weight = 0.00417147 mean = [1.78915 2.9239 -2.5243] covariance = [[1.90381 -1.48134 -0.715446][-1.48134 2.31573 1.34608][-0.715446 1.34608 1.82392]]
weight = 0.0679541 mean = [3.39739 0.693677 -3.3774] covariance = [[0.71581 -0.0045293 -0.232048][-0.0045293 2.00355 -0.530744][-0.232048 -0.530744 0.708626]]
weight = 0.219553 mean = [-2.48897 2.31258 -2.23221] covariance = [[3.10243 0.0616013 -0.702589][0.0616013 4.75324 -0.0581562][-0.702589 -0.0581562 0.66408]]
weight = 0.00131711 mean = [4.77065 5.27245 9.45206] covariance = [[0.636408 -0.228118 0.115544][-0.228118 1.74607 -0.410464][0.115544 -0.410464 0.244545]]
weight = 0.0572412 mean = [1.90571 1.69311 -3.88358] covariance = [[3.87274 -1.13566 -0.578232][-1.13566 0.405281 0.134536][-0.578232 0.134536 0.106784]]
weight = 0.603499 mean = [-2.76293 1.28488 1.45861] covariance = [[10.0618 2.60397 -0.217899][2.60397 6.04318 1.76465][-0.217899 1.76465 16.0203]]
]
2025-05-29 08:49:06 INFO  ren0 [MIFocalGuidingPathTracer] GMM[
weight = 0.000343973 mean = [2.75751 5.80822 9.43728] covariance = [[7.96924 -1.56647 0.395346][-1.56647 0.911737 -0.192137][0.395346 -0.192137 0.164041]]
weight = 0.0500922 mean = [2.29952 1.95471 -3.18447] covariance = [[1.80409 -1.5147 -0.172994][-1.5147 2.57034 0.779677][-0.172994 0.779677 1.61628]]
weight = 0.0679541 mean = [3.39739 0.693677 -3.3774] covariance = [[0.71581 -0.0045293 -0.232048][-0.0045293 2.00355 -0.530744][-0.232048 -0.530744 0.708626]]
weight = 0.219553 mean = [-2.48897 2.31258 -2.23221] covariance = [[3.10243 0.0616013 -0.702589][0.0616013 4.75324 -0.0581562][-0.702589 -0.0581562 0.66408]]
weight = 0.00131711 mean = [4.77065 5.27245 9.45206] covariance = [[0.636408 -0.228118 0.115544][-0.228118 1.74607 -0.410464][0.115544 -0.410464 0.244545]]
weight = 0.0572412 mean = [1.90571 1.69311 -3.88358] covariance = [[3.87274 -1.13566 -0.578232][-1.13566 0.405281 0.134536][-0.578232 0.134536 0.106784]]
weight = 0.603499 mean = [-2.76293 1.28488 1.45861] covariance = [[10.0618 2.60397 -0.217899][2.60397 6.04318 1.76465][-0.217899 1.76465 16.0203]]
]
2025-05-29 08:49:06 INFO  ren0 [octree.h:534] root weight: 1.672e+04 (16722.894531)
2025-05-29 08:49:06 INFO  ren0 [octree.h:535] splitting threshold: 1.672e+01 (16.722895)
2025-05-29 08:49:06 INFO  ren0 [octree.h:534] root weight: 1.612e+03 (1611.546265)
2025-05-29 08:49:06 INFO  ren0 [octree.h:535] splitting threshold: 1.612e+00 (1.611546)
2025-05-29 08:49:06 INFO  ren0 [octree.h:550] node count: 588 -> 594 -> 593

2025-05-29 08:49:06 INFO  ren0 [octree.h:550] node count: 412 -> 415 -> 414

2025-05-29 08:49:06 INFO  ren0 [MIFocalGuidingPathTracer] ITERATION 9, until 100.0 seconds
2025-05-29 08:49:21 INFO  ren0 [MIFocalGuidingPathTracer]   197.23 seconds elapsed, passes this iteration: 1, total passes: 14
2025-05-29 08:49:21 INFO  ren0 [pmm_focal_guiding_recursive.cpp:220] starting iterative narrowing
2025-05-29 08:49:21 INFO  ren0 [MIFocalGuidingPathTracer] Got 112403 non-zero samples
2025-05-29 08:49:21 INFO  ren0 [gaussian_mixture_model.h:821] Processing mega batch of size 112403
2025-05-29 08:49:21 INFO  ren0 [gaussian_mixture_model.h:828] will process 2 batches
2025-05-29 08:49:21 INFO  ren0 [gaussian_mixture_model.h:215] Before splitting
2025-05-29 08:49:21 INFO  ren0 [gaussian_mixture_model.h:216] GMM[
weight = 1.24551e-07 mean = [2.24886 5.77078 9.28255] covariance = [[4.40288 -1.00581 0.0609695][-1.00581 0.713296 -0.121244][0.0609695 -0.121244 0.110948]]
weight = 0.0324337 mean = [1.12424 3.76624 -2.50801] covariance = [[0.313187 0.0809678 -0.129731][0.0809678 0.624855 -0.597201][-0.129731 -0.597201 0.586981]]
weight = 0.00172237 mean = [1.75717 5.03742 -3.82705] covariance = [[0.0968265 0.123059 -0.169631][0.123059 0.485272 -0.396148][-0.169631 -0.396148 0.403181]]
weight = 0.153613 mean = [-2.89797 5.28078 -2.39175] covariance = [[5.12294 -0.450361 -1.72322][-0.450361 0.464417 -0.431531][-1.72322 -0.431531 1.46099]]
weight = 5.07176e-07 mean = [4.10765 4.95251 9.29648] covariance = [[0.450892 -0.357425 0.150097][-0.357425 2.25535 -0.357196][0.150097 -0.357196 0.161228]]
weight = 2.97351e-06 mean = [1.82029 1.72911 -3.87801] covariance = [[4.14781 -1.23526 -0.607179][-1.23526 0.4512 0.140309][-0.607179 0.140309 0.112406]]
weight = 0.812227 mean = [-0.358916 1.76638 1.87466] covariance = [[7.58334 -0.219274 1.36968][-0.219274 6.43798 -2.12417][1.36968 -2.12417 3.04838]]
]
2025-05-29 08:49:21 INFO  ren0 [gaussian_mixture_model.h:218] Before merging
2025-05-29 08:49:21 INFO  ren0 [gaussian_mixture_model.h:219] GMM[
weight = 0.0768065 mean = [-4.02024 5.33988 -1.95384] covariance = [[2.60394 -0.317708 -0.740311][-0.317708 0.457441 -0.483292][-0.740311 -0.483292 1.07747]]
weight = 0.406114 mean = [0.755717 1.03337 2.44751] covariance = [[5.09854 1.41479 0.0926358][1.41479 5.36339 -1.28435][0.0926358 -1.28435 2.39207]]
weight = 1.24551e-07 mean = [2.24886 5.77078 9.28255] covariance = [[4.40288 -1.00581 0.0609695][-1.00581 0.713296 -0.121244][0.0609695 -0.121244 0.110948]]
weight = 0.0324337 mean = [1.12424 3.76624 -2.50801] covariance = [[0.313187 0.0809678 -0.129731][0.0809678 0.624855 -0.597201][-0.129731 -0.597201 0.586981]]
weight = 0.00172237 mean = [1.75717 5.03742 -3.82705] covariance = [[0.0968265 0.123059 -0.169631][0.123059 0.485272 -0.396148][-0.169631 -0.396148 0.403181]]
weight = 0.0768065 mean = [-1.77569 5.22168 -2.82966] covariance = [[2.60394 -0.317708 -0.740311][-0.317708 0.457441 -0.483292][-0.740311 -0.483292 1.07747]]
weight = 5.07176e-07 mean = [4.10765 4.95251 9.29648] covariance = [[0.450892 -0.357425 0.150097][-0.357425 2.25535 -0.357196][0.150097 -0.357196 0.161228]]
weight = 2.97351e-06 mean = [1.82029 1.72911 -3.87801] covariance = [[4.14781 -1.23526 -0.607179][-1.23526 0.4512 0.140309][-0.607179 0.140309 0.112406]]
weight = 0.406114 mean = [-1.47355 2.49938 1.3018] covariance = [[5.09854 1.41479 0.0926358][1.41479 5.36339 -1.28435][0.0926358 -1.28435 2.39207]]
]
2025-05-29 08:49:21 INFO  ren0 [gaussian_mixture_model.h:215] Before splitting
2025-05-29 08:49:21 INFO  ren0 [gaussian_mixture_model.h:216] GMM[
weight = 2.95891e-07 mean = [-3.2106 5.10478 -1.8375] covariance = [[3.60051 -1.26573 -0.112075][-1.26573 0.970043 -0.573235][-0.112075 -0.573235 0.966218]]
weight = 0.0858613 mean = [0.201318 1.04302 1.35268] covariance = [[0.957134 1.54547 0.655435][1.54547 2.49807 1.05942][0.655435 1.05942 0.451807]]
weight = 0.0277979 mean = [1.12298 3.76309 -2.50484] covariance = [[0.31469 0.0853372 -0.134074][0.0853372 0.635346 -0.607761][-0.134074 -0.607761 0.597595]]
weight = 0.00147487 mean = [1.75717 5.03741 -3.82705] covariance = [[0.0968264 0.123056 -0.16963][0.123056 0.485294 -0.396157][-0.16963 -0.396157 0.403184]]
weight = 0.131538 mean = [-2.89796 5.28077 -2.39175] covariance = [[5.12296 -0.450368 -1.72321][-0.450368 0.464418 -0.43153][-1.72321 -0.43153 1.46099]]
weight = 0.753328 mean = [-0.325969 1.69474 1.82767] covariance = [[7.07196 -0.138152 1.28536][-0.138152 6.15562 -1.85714][1.28536 -1.85714 2.86831]]
]
2025-05-29 08:49:21 INFO  ren0 [gaussian_mixture_model.h:218] Before merging
2025-05-29 08:49:21 INFO  ren0 [gaussian_mixture_model.h:219] GMM[
weight = 1.47946e-07 mean = [-2.27267 4.72059 -1.80093] covariance = [[1.8411 -0.545038 -0.180663][-0.545038 0.674843 -0.545141][-0.180663 -0.545141 0.963554]]
weight = 0.0429307 mean = [0.69032 1.83323 1.68802] covariance = [[0.478898 0.772642 0.32747][0.772642 1.24922 0.529442][0.32747 0.529442 0.226909]]
weight = 1.47946e-07 mean = [-4.14852 5.48898 -1.87406] covariance = [[1.8411 -0.545038 -0.180663][-0.545038 0.674843 -0.545141][-0.180663 -0.545141 0.963554]]
weight = 0.0429307 mean = [-0.287684 0.252809 1.01734] covariance = [[0.478898 0.772642 0.32747][0.772642 1.24922 0.529442][0.32747 0.529442 0.226909]]
weight = 0.0277979 mean = [1.12298 3.76309 -2.50484] covariance = [[0.31469 0.0853372 -0.134074][0.0853372 0.635346 -0.607761][-0.134074 -0.607761 0.597595]]
weight = 0.00147487 mean = [1.75717 5.03741 -3.82705] covariance = [[0.0968264 0.123056 -0.16963][0.123056 0.485294 -0.396157][-0.16963 -0.396157 0.403184]]
weight = 0.131538 mean = [-2.89796 5.28077 -2.39175] covariance = [[5.12296 -0.450368 -1.72321][-0.450368 0.464418 -0.43153][-1.72321 -0.43153 1.46099]]
weight = 0.376664 mean = [0.753272 0.993644 2.37188] covariance = [[4.74245 1.37515 0.110687][1.37515 5.17256 -1.09405][0.110687 -1.09405 2.27599]]
weight = 0.376664 mean = [-1.40521 2.39584 1.28346] covariance = [[4.74245 1.37515 0.110687][1.37515 5.17256 -1.09405][0.110687 -1.09405 2.27599]]
]
2025-05-29 08:49:21 INFO  ren0 [MIFocalGuidingPathTracer] GMM[
weight = 0.0429307 mean = [0.69032 1.83323 1.68802] covariance = [[0.478898 0.772642 0.32747][0.772642 1.24922 0.529442][0.32747 0.529442 0.226909]]
weight = 0.0429307 mean = [-0.287684 0.252809 1.01734] covariance = [[0.478898 0.772642 0.32747][0.772642 1.24922 0.529442][0.32747 0.529442 0.226909]]
weight = 0.0292728 mean = [1.15493 3.82729 -2.57146] covariance = [[0.322966 0.125905 -0.175986][0.125905 0.705491 -0.677714][-0.175986 -0.677714 0.671454]]
weight = 0.131538 mean = [-2.89796 5.28077 -2.39175] covariance = [[5.12296 -0.450368 -1.72321][-0.450368 0.464418 -0.43153][-1.72321 -0.43153 1.46099]]
weight = 0.376664 mean = [0.753272 0.993644 2.37188] covariance = [[4.74245 1.37515 0.110687][1.37515 5.17256 -1.09405][0.110687 -1.09405 2.27599]]
weight = 0.376664 mean = [-1.40521 2.39584 1.28346] covariance = [[4.74245 1.37515 0.110687][1.37515 5.17256 -1.09405][0.110687 -1.09405 2.27599]]
]
2025-05-29 08:49:21 INFO  ren0 [octree.h:534] root weight: 3.360e+06 (3360420.750000)
2025-05-29 08:49:21 INFO  ren0 [octree.h:535] splitting threshold: 3.360e+03 (3360.420898)
2025-05-29 08:49:21 INFO  ren0 [octree.h:534] root weight: 8.389e+05 (838882.562500)
2025-05-29 08:49:21 INFO  ren0 [octree.h:535] splitting threshold: 8.389e+02 (838.882629)
2025-05-29 08:49:21 INFO  ren0 [octree.h:550] node count: 593 -> 963 -> 923

2025-05-29 08:49:21 INFO  ren0 [octree.h:550] node count: 414 -> 487 -> 482

2025-05-29 08:49:21 INFO  ren0 [MIFocalGuidingPathTracer] ITERATION 10, until 110.0 seconds
2025-05-29 08:49:37 INFO  ren0 [MIFocalGuidingPathTracer]   212.52 seconds elapsed, passes this iteration: 1, total passes: 15
2025-05-29 08:49:37 INFO  ren0 [MIFocalGuidingPathTracer] Got 179571 non-zero samples
2025-05-29 08:49:37 INFO  ren0 [gaussian_mixture_model.h:821] Processing mega batch of size 179571
2025-05-29 08:49:37 INFO  ren0 [gaussian_mixture_model.h:828] will process 2 batches
2025-05-29 08:49:37 INFO  ren0 [gaussian_mixture_model.h:215] Before splitting
2025-05-29 08:49:37 INFO  ren0 [gaussian_mixture_model.h:216] GMM[
weight = 0.0882164 mean = [0.201381 1.04312 1.35273] covariance = [[0.95724 1.54565 0.655512][1.54565 2.49836 1.05955][0.655512 1.05955 0.451863]]
weight = 5.12482e-08 mean = [1.87016 3.74958 2.45946] covariance = [[0.493649 0.805994 0.358865][0.805994 1.32186 0.589406][0.358865 0.589406 0.268761]]
weight = 0.00165341 mean = [1.70427 4.92041 -3.69868] covariance = [[0.127283 0.186349 -0.237659][0.186349 0.606082 -0.539299][-0.237659 -0.539299 0.564836]]
weight = 0.135236 mean = [-2.89745 5.28064 -2.39182] covariance = [[5.12422 -0.451096 -1.72283][-0.451096 0.464815 -0.431685][-1.72283 -0.431685 1.46104]]
weight = 0.000375457 mean = [2.22345 3.51216 3.56751] covariance = [[4.98728 1.1379 2.59523][1.1379 3.5511 -0.242691][2.59523 -0.242691 3.98872]]
weight = 0.774518 mean = [-0.327273 1.69631 1.82732] covariance = [[7.0744 -0.140963 1.28488][-0.140963 6.15527 -1.85658][1.28488 -1.85658 2.86889]]
]
2025-05-29 08:49:37 INFO  ren0 [gaussian_mixture_model.h:218] Before merging
2025-05-29 08:49:37 INFO  ren0 [gaussian_mixture_model.h:219] GMM[
weight = 0.0676182 mean = [-4.01988 5.3399 -1.95406] covariance = [[2.60454 -0.318065 -0.740117][-0.318065 0.457802 -0.483569][-0.740117 -0.483569 1.07778]]
weight = 0.0882164 mean = [0.201381 1.04312 1.35273] covariance = [[0.95724 1.54565 0.655512][1.54565 2.49836 1.05955][0.655512 1.05955 0.451863]]
weight = 0.000187728 mean = [1.17615 3.24487 2.76068] covariance = [[2.79361 0.578031 0.90524][0.578031 3.40822 -0.67401][0.90524 -0.67401 2.68678]]
weight = 5.12482e-08 mean = [1.87016 3.74958 2.45946] covariance = [[0.493649 0.805994 0.358865][0.805994 1.32186 0.589406][0.358865 0.589406 0.268761]]
weight = 0.387259 mean = [0.752619 0.995384 2.37117] covariance = [[4.74207 1.37289 0.11027][1.37289 5.17268 -1.09418][0.11027 -1.09418 2.27735]]
weight = 0.00165341 mean = [1.70427 4.92041 -3.69868] covariance = [[0.127283 0.186349 -0.237659][0.186349 0.606082 -0.539299][-0.237659 -0.539299 0.564836]]
weight = 0.0676182 mean = [-1.77503 5.22138 -2.82958] covariance = [[2.60454 -0.318065 -0.740117][-0.318065 0.457802 -0.483569][-0.740117 -0.483569 1.07778]]
weight = 0.000187728 mean = [3.27075 3.77945 4.37435] covariance = [[2.79361 0.578031 0.90524][0.578031 3.40822 -0.67401][0.90524 -0.67401 2.68678]]
weight = 0.387259 mean = [-1.40717 2.39724 1.28347] covariance = [[4.74207 1.37289 0.11027][1.37289 5.17268 -1.09418][0.11027 -1.09418 2.27735]]
]
2025-05-29 08:49:37 INFO  ren0 [gaussian_mixture_model.h:215] Before splitting
2025-05-29 08:49:37 INFO  ren0 [gaussian_mixture_model.h:216] GMM[
weight = 0.000113522 mean = [-3.8192 5.05809 -1.68207] covariance = [[3.96569 -0.291969 -1.70376][-0.291969 0.57324 -0.641658][-1.70376 -0.641658 1.97913]]
weight = 2.92636e-06 mean = [3.33681 4.71234 4.48185] covariance = [[2.45477 0.757807 1.6734][0.757807 1.01818 0.160279][1.6734 0.160279 2.2625]]
weight = 2.54467e-07 mean = [1.67792 3.47275 2.43362] covariance = [[2.26628 3.75247 1.63629][3.75247 6.21829 2.71192][1.63629 2.71192 1.1889]]
weight = 0.000838216 mean = [1.75553 3.72171 2.78794] covariance = [[4.64124 1.17593 3.09939][1.17593 2.64899 0.262534][3.09939 0.262534 5.5544]]
weight = 0.00213002 mean = [1.61215 4.7237 -3.49277] covariance = [[0.160153 0.262984 -0.315655][0.262984 0.739075 -0.69241][-0.315655 -0.69241 0.733065]]
weight = 0.148179 mean = [-2.89039 5.27804 -2.39195] covariance = [[5.14254 -0.461244 -1.71889][-0.461244 0.46865 -0.431604][-1.71889 -0.431604 1.459]]
weight = 0.000427715 mean = [2.3012 3.57 3.62986] covariance = [[4.94758 1.20376 2.60518][1.20376 3.51581 -0.158789][2.60518 -0.158789 3.93868]]
weight = 0.848309 mean = [-0.329496 1.70033 1.82563] covariance = [[7.07792 -0.14637 1.2827][-0.14637 6.15495 -1.85725][1.2827 -1.85725 2.87173]]
]
2025-05-29 08:49:37 INFO  ren0 [gaussian_mixture_model.h:218] Before merging
2025-05-29 08:49:37 INFO  ren0 [gaussian_mixture_model.h:219] GMM[
weight = 5.67609e-05 mean = [-2.85673 5.07549 -2.23862] covariance = [[2.113 -0.325473 -0.632437][-0.325473 0.572644 -0.622284][-0.632437 -0.622284 1.35965]]
weight = 5.67609e-05 mean = [-4.78167 5.04068 -1.12552] covariance = [[2.113 -0.325473 -0.632437][-0.325473 0.572644 -0.622284][-0.632437 -0.622284 1.35965]]
weight = 1.46318e-06 mean = [4.08009 4.92467 5.14989] covariance = [[1.34987 0.442176 0.68032][0.442176 0.928028 -0.123406][0.68032 -0.123406 1.36994]]
weight = 2.54467e-07 mean = [1.67792 3.47275 2.43362] covariance = [[2.26628 3.75247 1.63629][3.75247 6.21829 2.71192][1.63629 2.71192 1.1889]]
weight = 0.000838216 mean = [1.75553 3.72171 2.78794] covariance = [[4.64124 1.17593 3.09939][1.17593 2.64899 0.262534][3.09939 0.262534 5.5544]]
weight = 0.00213002 mean = [1.61215 4.7237 -3.49277] covariance = [[0.160153 0.262984 -0.315655][0.262984 0.739075 -0.69241][-0.315655 -0.69241 0.733065]]
weight = 0.148179 mean = [-2.89039 5.27804 -2.39195] covariance = [[5.14254 -0.461244 -1.71889][-0.461244 0.46865 -0.431604][-1.71889 -0.431604 1.459]]
weight = 0.000427715 mean = [2.3012 3.57 3.62986] covariance = [[4.94758 1.20376 2.60518][1.20376 3.51581 -0.158789][2.60518 -0.158789 3.93868]]
weight = 1.46318e-06 mean = [2.59354 4.50002 3.8138] covariance = [[1.34987 0.442176 0.68032][0.442176 0.928028 -0.123406][0.68032 -0.123406 1.36994]]
weight = 0.848309 mean = [-0.329496 1.70033 1.82563] covariance = [[7.07792 -0.14637 1.2827][-0.14637 6.15495 -1.85725][1.2827 -1.85725 2.87173]]
]
2025-05-29 08:49:37 INFO  ren0 [MIFocalGuidingPathTracer] GMM[
weight = 5.6761e-05 mean = [-2.85673 5.07549 -2.23862] covariance = [[2.113 -0.325473 -0.632437][-0.325473 0.572644 -0.622284][-0.632437 -0.622284 1.35965]]
weight = 5.6761e-05 mean = [-4.78167 5.04068 -1.12552] covariance = [[2.113 -0.325473 -0.632437][-0.325473 0.572644 -0.622284][-0.632437 -0.622284 1.35965]]
weight = 0.00213002 mean = [1.61215 4.7237 -3.49277] covariance = [[0.160153 0.262984 -0.315655][0.262984 0.739075 -0.69241][-0.315655 -0.69241 0.733065]]
weight = 0.148179 mean = [-2.89039 5.27804 -2.39195] covariance = [[5.14254 -0.461244 -1.71889][-0.461244 0.46865 -0.431604][-1.71889 -0.431604 1.459]]
weight = 0.0012674 mean = [1.94065 3.67141 3.07325] covariance = [[4.80787 1.1666 3.03303][1.1666 2.94549 0.0920711][3.03303 0.0920711 5.16335]]
weight = 0.84831 mean = [-0.329496 1.70033 1.82563] covariance = [[7.07792 -0.14637 1.2827][-0.14637 6.15495 -1.85725][1.2827 -1.85725 2.87173]]
]
2025-05-29 08:49:37 INFO  ren0 [octree.h:534] root weight: 8.407e+05 (840722.562500)
2025-05-29 08:49:37 INFO  ren0 [octree.h:535] splitting threshold: 8.407e+02 (840.722595)
2025-05-29 08:49:37 INFO  ren0 [octree.h:534] root weight: 2.097e+05 (209691.265625)
2025-05-29 08:49:37 INFO  ren0 [octree.h:535] splitting threshold: 2.097e+02 (209.691269)
2025-05-29 08:49:37 INFO  ren0 [octree.h:550] node count: 923 -> 923 -> 923

2025-05-29 08:49:37 INFO  ren0 [octree.h:550] node count: 482 -> 482 -> 482

2025-05-29 08:49:37 INFO  ren0 [MIFocalGuidingPathTracer] ITERATION 11, until 120.0 seconds
2025-05-29 08:49:52 INFO  ren0 [MIFocalGuidingPathTracer]   228.46 seconds elapsed, passes this iteration: 1, total passes: 16
2025-05-29 08:49:52 INFO  ren0 [MIFocalGuidingPathTracer] Got 138389 non-zero samples
2025-05-29 08:49:52 INFO  ren0 [gaussian_mixture_model.h:821] Processing mega batch of size 138389
2025-05-29 08:49:52 INFO  ren0 [gaussian_mixture_model.h:828] will process 2 batches
2025-05-29 08:49:53 INFO  ren0 [gaussian_mixture_model.h:215] Before splitting
2025-05-29 08:49:53 INFO  ren0 [gaussian_mixture_model.h:216] GMM[
weight = 0.000113595 mean = [-3.8191 5.05814 -1.6823] covariance = [[3.96433 -0.292138 -1.70277][-0.292138 0.573131 -0.641318][-1.70277 -0.641318 1.97805]]
weight = 1.67267e-07 mean = [-4.70753 5.0143 -1.17876] covariance = [[0.518721 0.114583 -0.509254][0.114583 0.218924 -0.234416][-0.509254 -0.234416 0.815228]]
weight = 0.00218894 mean = [1.60114 4.69294 -3.46238] covariance = [[0.161792 0.269666 -0.321816][0.269666 0.757664 -0.711839][-0.321816 -0.711839 0.752318]]
weight = 0.148371 mean = [-2.89047 5.27767 -2.39152] covariance = [[5.14308 -0.462024 -1.71814][-0.462024 0.46887 -0.431427][-1.71814 -0.431427 1.45833]]
weight = 4.78046e-06 mean = [3.4945 4.05327 4.33819] covariance = [[3.0873 0.0776641 2.72247][0.0776641 0.476376 0.171927][2.72247 0.171927 3.62623]]
weight = 0.849321 mean = [-0.331845 1.70486 1.82343] covariance = [[7.08096 -0.157209 1.28944][-0.157209 6.16497 -1.86497][1.28944 -1.86497 2.87677]]
]
2025-05-29 08:49:53 INFO  ren0 [gaussian_mixture_model.h:218] Before merging
2025-05-29 08:49:53 INFO  ren0 [gaussian_mixture_model.h:219] GMM[
weight = 5.67977e-05 mean = [-2.85678 5.07545 -2.23862] covariance = [[2.1122 -0.325453 -0.632044][-0.325453 0.572541 -0.622059][-0.632044 -0.622059 1.35907]]
weight = 8.36334e-08 mean = [-4.3851 5.14867 -1.61822] covariance = [[0.310805 0.0279342 -0.225865][0.0279342 0.182825 -0.116319][-0.225865 -0.116319 0.428999]]
weight = 5.67977e-05 mean = [-4.78143 5.04083 -1.12597] covariance = [[2.1122 -0.325453 -0.632044][-0.325453 0.572541 -0.622059][-0.632044 -0.622059 1.35907]]
weight = 8.36334e-08 mean = [-5.02996 4.87993 -0.739308] covariance = [[0.310805 0.0279342 -0.225865][0.0279342 0.182825 -0.116319][-0.225865 -0.116319 0.428999]]
weight = 0.0741856 mean = [-4.01517 5.3395 -1.95598] covariance = [[2.61321 -0.322937 -0.73844][-0.322937 0.461234 -0.485288][-0.73844 -0.485288 1.07895]]
weight = 0.00218894 mean = [1.60114 4.69294 -3.46238] covariance = [[0.161792 0.269666 -0.321816][0.269666 0.757664 -0.711839][-0.321816 -0.711839 0.752318]]
weight = 0.0741856 mean = [-1.76578 5.21584 -2.82706] covariance = [[2.61321 -0.322937 -0.73844][-0.322937 0.461234 -0.485288][-0.73844 -0.485288 1.07895]]
weight = 2.39023e-06 mean = [2.66626 4.01385 3.4233] covariance = [[1.71533 0.0123642 1.20696][0.0123642 0.473278 0.0997954][1.20696 0.0997954 1.95219]]
weight = 2.39023e-06 mean = [4.32275 4.09269 5.25308] covariance = [[1.71533 0.0123642 1.20696][0.0123642 0.473278 0.0997954][1.20696 0.0997954 1.95219]]
weight = 0.849321 mean = [-0.331845 1.70486 1.82343] covariance = [[7.08096 -0.157209 1.28944][-0.157209 6.16497 -1.86497][1.28944 -1.86497 2.87677]]
]
2025-05-29 08:49:53 INFO  ren0 [gaussian_mixture_model.h:215] Before splitting
2025-05-29 08:49:53 INFO  ren0 [gaussian_mixture_model.h:216] GMM[
weight = 0.000142118 mean = [-3.48207 4.91399 -1.74971] covariance = [[3.36725 -0.389023 -1.32554][-0.389023 0.519631 -0.497463][-1.32554 -0.497463 1.5789]]
weight = 1.68795e-05 mean = [-3.10708 4.5364 -1.59244] covariance = [[1.02964 -0.0918174 -0.492794][-0.0918174 0.110351 -0.112362][-0.492794 -0.112362 0.576334]]
weight = 0.0185078 mean = [-2.78881 4.50122 -1.72565] covariance = [[0.427209 -0.0637229 -0.138015][-0.0637229 0.0638713 -0.0415146][-0.138015 -0.0415146 0.134337]]
weight = 0.155088 mean = [-2.81082 5.16727 -2.32185] covariance = [[4.71337 -0.497923 -1.48978][-0.497923 0.508029 -0.433965][-1.48978 -0.433965 1.32396]]
weight = 0.826245 mean = [-0.411394 1.84559 1.78368] covariance = [[7.09002 -0.357078 1.30017][-0.357078 6.10967 -1.82857][1.30017 -1.82857 2.94001]]
]
2025-05-29 08:49:53 INFO  ren0 [gaussian_mixture_model.h:218] Before merging
2025-05-29 08:49:53 INFO  ren0 [gaussian_mixture_model.h:219] GMM[
weight = 7.1059e-05 mean = [-2.58834 4.88169 -2.21778] covariance = [[1.76976 -0.3313 -0.488881][-0.3313 0.517555 -0.527695][-0.488881 -0.527695 1.14072]]
weight = 7.1059e-05 mean = [-4.3758 4.94628 -1.28164] covariance = [[1.76976 -0.3313 -0.488881][-0.3313 0.517555 -0.527695][-0.488881 -0.527695 1.14072]]
weight = 1.68795e-05 mean = [-3.10708 4.5364 -1.59244] covariance = [[1.02964 -0.0918174 -0.492794][-0.0918174 0.110351 -0.112362][-0.492794 -0.112362 0.576334]]
weight = 0.0775439 mean = [-3.88851 5.24346 -1.92595] covariance = [[2.39054 -0.333696 -0.636469][-0.333696 0.496428 -0.494294][-0.636469 -0.494294 1.0105]]
weight = 0.0185078 mean = [-2.78881 4.50122 -1.72565] covariance = [[0.427209 -0.0637229 -0.138015][-0.0637229 0.0638713 -0.0415146][-0.138015 -0.0415146 0.134337]]
weight = 0.413123 mean = [0.666971 1.11159 2.32726] covariance = [[4.76428 1.22597 0.127816][1.22597 5.03216 -1.03059][0.127816 -1.03059 2.34906]]
weight = 0.0775439 mean = [-1.73313 5.09107 -2.71775] covariance = [[2.39054 -0.333696 -0.636469][-0.333696 0.496428 -0.494294][-0.636469 -0.494294 1.0105]]
weight = 0.413123 mean = [-1.48976 2.5796 1.2401] covariance = [[4.76428 1.22597 0.127816][1.22597 5.03216 -1.03059][0.127816 -1.03059 2.34906]]
]
2025-05-29 08:49:53 INFO  ren0 [MIFocalGuidingPathTracer] GMM[
weight = 7.1059e-05 mean = [-2.58834 4.88169 -2.21778] covariance = [[1.76976 -0.3313 -0.488881][-0.3313 0.517555 -0.527695][-0.488881 -0.527695 1.14072]]
weight = 7.1059e-05 mean = [-4.3758 4.94628 -1.28164] covariance = [[1.76976 -0.3313 -0.488881][-0.3313 0.517555 -0.527695][-0.488881 -0.527695 1.14072]]
weight = 0.0775439 mean = [-3.88851 5.24346 -1.92595] covariance = [[2.39054 -0.333696 -0.636469][-0.333696 0.496428 -0.494294][-0.636469 -0.494294 1.0105]]
weight = 0.0185247 mean = [-2.7891 4.50125 -1.72553] covariance = [[0.427861 -0.0637587 -0.138377][-0.0637587 0.0639248 -0.0415749][-0.138377 -0.0415749 0.134766]]
weight = 0.413123 mean = [0.666971 1.11159 2.32726] covariance = [[4.76428 1.22597 0.127816][1.22597 5.03216 -1.03059][0.127816 -1.03059 2.34906]]
weight = 0.0775439 mean = [-1.73313 5.09107 -2.71775] covariance = [[2.39054 -0.333696 -0.636469][-0.333696 0.496428 -0.494294][-0.636469 -0.494294 1.0105]]
weight = 0.413123 mean = [-1.48976 2.5796 1.2401] covariance = [[4.76428 1.22597 0.127816][1.22597 5.03216 -1.03059][0.127816 -1.03059 2.34906]]
]
2025-05-29 08:49:53 INFO  ren0 [octree.h:534] root weight: 2.371e+05 (237103.703125)
2025-05-29 08:49:53 INFO  ren0 [octree.h:535] splitting threshold: 2.371e+02 (237.103714)
2025-05-29 08:49:53 INFO  ren0 [octree.h:534] root weight: 5.243e+04 (52427.855469)
2025-05-29 08:49:53 INFO  ren0 [octree.h:535] splitting threshold: 5.243e+01 (52.427856)
2025-05-29 08:49:53 INFO  ren0 [octree.h:550] node count: 923 -> 996 -> 924

2025-05-29 08:49:53 INFO  ren0 [octree.h:550] node count: 482 -> 482 -> 482

2025-05-29 08:49:53 INFO  ren0 [MIFocalGuidingPathTracer] ITERATION 12, until 130.0 seconds
2025-05-29 08:50:10 INFO  ren0 [MIFocalGuidingPathTracer]   245.98 seconds elapsed, passes this iteration: 1, total passes: 17
2025-05-29 08:50:10 INFO  ren0 [MIFocalGuidingPathTracer] Got 133214 non-zero samples
2025-05-29 08:50:10 INFO  ren0 [gaussian_mixture_model.h:821] Processing mega batch of size 133214
2025-05-29 08:50:10 INFO  ren0 [gaussian_mixture_model.h:828] will process 2 batches
2025-05-29 08:50:10 INFO  ren0 [gaussian_mixture_model.h:215] Before splitting
2025-05-29 08:50:10 INFO  ren0 [gaussian_mixture_model.h:216] GMM[
weight = 0.000142857 mean = [-3.45094 4.91959 -1.79413] covariance = [[3.45384 -0.434467 -1.31203][-0.434467 0.539826 -0.516842][-1.31203 -0.516842 1.6418]]
weight = 6.31123e-06 mean = [-5.0258 4.99691 -1.04742] covariance = [[0.812968 0.245933 -1.08305][0.245933 0.26671 -0.612169][-1.08305 -0.612169 2.11334]]
weight = 0.0026881 mean = [-4.70117 4.78401 -0.801197] covariance = [[2.63506 -0.119523 -1.14544][-0.119523 0.239044 -0.233509][-1.14544 -0.233509 0.942805]]
weight = 0.0180113 mean = [-2.79001 4.50137 -1.72516] covariance = [[0.428305 -0.0638626 -0.13848][-0.0638626 0.0638633 -0.0414398][-0.13848 -0.0414398 0.134554]]
weight = 0.00756884 mean = [1.1791 2.83335 1.82645] covariance = [[3.25669 0.934706 1.62659][0.934706 3.58782 0.000225553][1.62659 0.000225553 4.28147]]
weight = 0.155599 mean = [-2.69697 5.13064 -2.32623] covariance = [[5.05306 -0.627506 -1.47635][-0.627506 0.552436 -0.429288][-1.47635 -0.429288 1.30749]]
weight = 0.815984 mean = [-0.424402 1.87815 1.7616] covariance = [[7.07007 -0.384401 1.28461][-0.384401 6.111 -1.85345][1.28461 -1.85345 2.9768]]
]
2025-05-29 08:50:10 INFO  ren0 [gaussian_mixture_model.h:218] Before merging
2025-05-29 08:50:10 INFO  ren0 [gaussian_mixture_model.h:219] GMM[
weight = 7.14285e-05 mean = [-2.54592 4.87723 -2.25913] covariance = [[1.81574 -0.357786 -0.470369][-0.357786 0.536246 -0.55624][-0.470369 -0.55624 1.20936]]
weight = 3.15562e-06 mean = [-4.62543 5.20271 -1.76835] covariance = [[0.492381 0.081136 -0.505768][0.081136 0.182009 -0.315429][-0.505768 -0.315429 1.07387]]
weight = 7.14285e-05 mean = [-4.35596 4.96195 -1.32913] covariance = [[1.81574 -0.357786 -0.470369][-0.357786 0.536246 -0.55624][-0.470369 -0.55624 1.20936]]
weight = 0.00134405 mean = [-3.90099 4.78355 -1.20488] covariance = [[1.3545 -0.118783 -0.499394][-0.118783 0.239053 -0.233882][-0.499394 -0.233882 0.616889]]
weight = 0.0180113 mean = [-2.79001 4.50137 -1.72516] covariance = [[0.428305 -0.0638626 -0.13848][-0.0638626 0.0638633 -0.0414398][-0.13848 -0.0414398 0.134554]]
weight = 0.00756884 mean = [1.1791 2.83335 1.82645] covariance = [[3.25669 0.934706 1.62659][0.934706 3.58782 0.000225553][1.62659 0.000225553 4.28147]]
weight = 0.155599 mean = [-2.69697 5.13064 -2.32623] covariance = [[5.05306 -0.627506 -1.47635][-0.627506 0.552436 -0.429288][-1.47635 -0.429288 1.30749]]
weight = 3.15562e-06 mean = [-5.42618 4.79111 -0.326488] covariance = [[0.492381 0.081136 -0.505768][0.081136 0.182009 -0.315429][-0.505768 -0.315429 1.07387]]
weight = 0.00134405 mean = [-5.50135 4.78447 -0.397511] covariance = [[1.3545 -0.118783 -0.499394][-0.118783 0.239053 -0.233882][-0.499394 -0.233882 0.616889]]
weight = 0.815984 mean = [-0.424402 1.87815 1.7616] covariance = [[7.07007 -0.384401 1.28461][-0.384401 6.111 -1.85345][1.28461 -1.85345 2.9768]]
]
2025-05-29 08:50:10 INFO  ren0 [gaussian_mixture_model.h:215] Before splitting
2025-05-29 08:50:10 INFO  ren0 [gaussian_mixture_model.h:216] GMM[
weight = 0.000126959 mean = [-2.79647 4.89089 -2.34389] covariance = [[5.4536 -1.13646 -1.50718][-1.13646 0.742929 -0.480122][-1.50718 -0.480122 1.95957]]
weight = 4.45747e-05 mean = [-4.81644 5.14154 -1.3157] covariance = [[0.946146 0.141759 -1.39202][0.141759 0.265598 -0.495388][-1.39202 -0.495388 2.91012]]
weight = 0.00167837 mean = [-4.75134 4.7966 -0.756246] covariance = [[2.43943 -0.101001 -1.09624][-0.101001 0.230211 -0.220414][-1.09624 -0.220414 0.924676]]
weight = 0.0101466 mean = [-2.81711 4.50862 -1.7211] covariance = [[0.451087 -0.0708909 -0.140602][-0.0708909 0.0651695 -0.0397925][-0.140602 -0.0397925 0.133413]]
weight = 0.151514 mean = [-1.21573 4.68729 -2.45473] covariance = [[7.14181 -1.47842 -1.40146][-1.47842 0.820138 -0.310373][-1.40146 -0.310373 1.09325]]
weight = 0.00062289 mean = [-5.72773 4.78257 0.0952828] covariance = [[0.219 0.0184462 -0.13427][0.0184462 0.128917 -0.0914498][-0.13427 -0.0914498 0.235968]]
weight = 0.835866 mean = [-1.05871 3.31765 1.02034] covariance = [[9.14316 -2.15525 3.34305][-2.15525 6.74874 -2.93417][3.34305 -2.93417 4.75281]]
]
2025-05-29 08:50:10 INFO  ren0 [gaussian_mixture_model.h:218] Before merging
2025-05-29 08:50:10 INFO  ren0 [gaussian_mixture_model.h:219] GMM[
weight = 6.34795e-05 mean = [-1.63678 4.68257 -2.73556] covariance = [[2.76383 -0.653287 -0.59874][-0.653287 0.656144 -0.643309][-0.59874 -0.643309 1.65276]]
weight = 6.34795e-05 mean = [-3.95617 5.09921 -1.95221] covariance = [[2.76383 -0.653287 -0.59874][-0.653287 0.656144 -0.643309][-0.59874 -0.643309 1.65276]]
weight = 2.22873e-05 mean = [-4.38184 5.28147 -2.16306] covariance = [[0.568406 0.0201374 -0.655497][0.0201374 0.22645 -0.258256][-0.655497 -0.258256 1.4741]]
weight = 0.000839183 mean = [-3.98275 4.80067 -1.15984] covariance = [[1.25798 -0.107256 -0.475844][-0.107256 0.230188 -0.21713][-0.475844 -0.21713 0.59891]]
weight = 0.0101466 mean = [-2.81711 4.50862 -1.7211] covariance = [[0.451087 -0.0708909 -0.140602][-0.0708909 0.0651695 -0.0397925][-0.140602 -0.0397925 0.133413]]
weight = 2.22873e-05 mean = [-5.25104 5.00162 -0.468344] covariance = [[0.568406 0.0201374 -0.655497][0.0201374 0.22645 -0.258256][-0.655497 -0.258256 1.4741]]
weight = 0.151514 mean = [-1.21573 4.68729 -2.45473] covariance = [[7.14181 -1.47842 -1.40146][-1.47842 0.820138 -0.310373][-1.40146 -0.310373 1.09325]]
weight = 0.000839183 mean = [-5.51993 4.79253 -0.352652] covariance = [[1.25798 -0.107256 -0.475844][-0.107256 0.230188 -0.21713][-0.475844 -0.21713 0.59891]]
weight = 0.00062289 mean = [-5.72773 4.78257 0.0952828] covariance = [[0.219 0.0184462 -0.13427][0.0184462 0.128917 -0.0914498][-0.13427 -0.0914498 0.235968]]
weight = 0.835866 mean = [-1.05871 3.31765 1.02034] covariance = [[9.14316 -2.15525 3.34305][-2.15525 6.74874 -2.93417][3.34305 -2.93417 4.75281]]
]
2025-05-29 08:50:10 INFO  ren0 [MIFocalGuidingPathTracer] GMM[
weight = 6.34795e-05 mean = [-3.95617 5.09921 -1.95221] covariance = [[2.76383 -0.653287 -0.59874][-0.653287 0.656144 -0.643309][-0.59874 -0.643309 1.65276]]
weight = 2.22873e-05 mean = [-4.38184 5.28147 -2.16306] covariance = [[0.568406 0.0201374 -0.655497][0.0201374 0.22645 -0.258256][-0.655497 -0.258256 1.4741]]
weight = 0.000839183 mean = [-3.98275 4.80067 -1.15984] covariance = [[1.25798 -0.107256 -0.475844][-0.107256 0.230188 -0.21713][-0.475844 -0.21713 0.59891]]
weight = 2.22873e-05 mean = [-5.25104 5.00162 -0.468344] covariance = [[0.568406 0.0201374 -0.655497][0.0201374 0.22645 -0.258256][-0.655497 -0.258256 1.4741]]
weight = 0.161724 mean = [-1.31637 4.67608 -2.40882] covariance = [[6.87117 -1.37297 -1.39108][-1.37297 0.774604 -0.301236][-1.39108 -0.301236 1.06496]]
weight = 0.000839183 mean = [-5.51993 4.79253 -0.352652] covariance = [[1.25798 -0.107256 -0.475844][-0.107256 0.230188 -0.21713][-0.475844 -0.21713 0.59891]]
weight = 0.00062289 mean = [-5.72773 4.78257 0.0952828] covariance = [[0.219 0.0184462 -0.13427][0.0184462 0.128917 -0.0914498][-0.13427 -0.0914498 0.235968]]
weight = 0.835867 mean = [-1.05871 3.31765 1.02034] covariance = [[9.14316 -2.15525 3.34305][-2.15525 6.74874 -2.93417][3.34305 -2.93417 4.75281]]
]
2025-05-29 08:50:10 INFO  ren0 [octree.h:534] root weight: 6.019e+04 (60185.621094)
2025-05-29 08:50:10 INFO  ren0 [octree.h:535] splitting threshold: 6.019e+01 (60.185623)
2025-05-29 08:50:10 INFO  ren0 [octree.h:534] root weight: 1.311e+04 (13106.964844)
2025-05-29 08:50:10 INFO  ren0 [octree.h:535] splitting threshold: 1.311e+01 (13.106965)
2025-05-29 08:50:10 INFO  ren0 [octree.h:550] node count: 924 -> 924 -> 924

2025-05-29 08:50:10 INFO  ren0 [octree.h:550] node count: 482 -> 482 -> 482

2025-05-29 08:50:10 INFO  ren0 [MIFocalGuidingPathTracer] ITERATION 13, until 140.0 seconds
2025-05-29 08:50:29 INFO  ren0 [MIFocalGuidingPathTracer]   264.81 seconds elapsed, passes this iteration: 1, total passes: 18
2025-05-29 08:50:29 INFO  ren0 [MIFocalGuidingPathTracer] Got 180441 non-zero samples
2025-05-29 08:50:29 INFO  ren0 [gaussian_mixture_model.h:821] Processing mega batch of size 180441
2025-05-29 08:50:29 INFO  ren0 [gaussian_mixture_model.h:828] will process 2 batches
2025-05-29 08:50:29 INFO  ren0 [gaussian_mixture_model.h:215] Before splitting
2025-05-29 08:50:29 INFO  ren0 [gaussian_mixture_model.h:216] GMM[
weight = 4.95728e-05 mean = [-4.0307 4.94796 -1.486] covariance = [[3.06894 0.179504 -2.63429][0.179504 0.604627 -1.19782][-2.63429 -1.19782 4.38314]]
weight = 3.64817e-05 mean = [-4.74845 5.07428 -1.16973] covariance = [[0.828164 0.258599 -1.42085][0.258599 0.234445 -0.605691][-1.42085 -0.605691 3.08287]]
weight = 0.00106169 mean = [-5.05376 4.7293 -0.357741] covariance = [[1.05061 0.0283606 -0.611055][0.0283606 0.150371 -0.208567][-0.611055 -0.208567 0.709922]]
weight = 9.77133e-05 mean = [-5.31436 4.77639 0.306992] covariance = [[0.0761242 -0.00139311 -0.0465833][-0.00139311 0.0919366 -0.0661361][-0.0465833 -0.0661361 0.356222]]
weight = 0.270124 mean = [0.418265 3.95509 -2.3095] covariance = [[3.27202 -1.01555 -0.208164][-1.01555 0.629856 -0.289143][-0.208164 -0.289143 0.503054]]
weight = 0.00194838 mean = [-5.41574 4.61584 0.0894377] covariance = [[0.0792158 -0.0083324 -0.0174861][-0.0083324 0.0752735 -0.0839987][-0.0174861 -0.0839987 0.159981]]
weight = 0.00508565 mean = [-5.43858 4.66869 0.157509] covariance = [[0.0316766 -0.00489573 -0.000928544][-0.00489573 0.0343767 -0.00749075][-0.000928544 -0.00749075 0.0441217]]
weight = 0.721597 mean = [-0.379031 3.63625 1.87894] covariance = [[13.0247 -0.907162 5.3289][-0.907162 3.58265 -1.03875][5.3289 -1.03875 5.84199]]
]
2025-05-29 08:50:29 INFO  ren0 [gaussian_mixture_model.h:218] Before merging
2025-05-29 08:50:29 INFO  ren0 [gaussian_mixture_model.h:219] GMM[
weight = 2.47864e-05 mean = [-4.79213 4.72374 -0.472661] covariance = [[1.9094 -0.161952 -1.09112][-0.161952 0.504088 -0.743398][-1.09112 -0.743398 2.32945]]
weight = 2.47864e-05 mean = [-3.26927 5.17218 -2.49934] covariance = [[1.9094 -0.161952 -1.09112][-0.161952 0.504088 -0.743398][-1.09112 -0.743398 2.32945]]
weight = 1.82408e-05 mean = [-4.32767 5.24901 -2.044] covariance = [[0.474071 0.111553 -0.685106][0.111553 0.173392 -0.300162][-0.685106 -0.300162 1.55417]]
weight = 0.00106169 mean = [-5.05376 4.7293 -0.357741] covariance = [[1.05061 0.0283606 -0.611055][0.0283606 0.150371 -0.208567][-0.611055 -0.208567 0.709922]]
weight = 1.82408e-05 mean = [-5.16922 4.89955 -0.295452] covariance = [[0.474071 0.111553 -0.685106][0.111553 0.173392 -0.300162][-0.685106 -0.300162 1.55417]]
weight = 9.77133e-05 mean = [-5.31436 4.77639 0.306992] covariance = [[0.0761242 -0.00139311 -0.0465833][-0.00139311 0.0919366 -0.0661361][-0.0465833 -0.0661361 0.356222]]
weight = 0.270124 mean = [0.418265 3.95509 -2.3095] covariance = [[3.27202 -1.01555 -0.208164][-1.01555 0.629856 -0.289143][-0.208164 -0.289143 0.503054]]
weight = 0.00194838 mean = [-5.41574 4.61584 0.0894377] covariance = [[0.0792158 -0.0083324 -0.0174861][-0.0083324 0.0752735 -0.0839987][-0.0174861 -0.0839987 0.159981]]
weight = 0.00508565 mean = [-5.43858 4.66869 0.157509] covariance = [[0.0316766 -0.00489573 -0.000928544][-0.00489573 0.0343767 -0.00749075][-0.000928544 -0.00749075 0.0441217]]
weight = 0.721597 mean = [-0.379031 3.63625 1.87894] covariance = [[13.0247 -0.907162 5.3289][-0.907162 3.58265 -1.03875][5.3289 -1.03875 5.84199]]
]
2025-05-29 08:50:29 INFO  ren0 [gaussian_mixture_model.h:215] Before splitting
2025-05-29 08:50:29 INFO  ren0 [gaussian_mixture_model.h:216] GMM[
weight = 5.4548e-05 mean = [-4.77238 4.26872 0.494373] covariance = [[0.440051 0.201109 -0.658392][0.201109 0.395297 -0.854256][-0.658392 -0.854256 2.37373]]
weight = 6.5869e-05 mean = [-3.34921 5.45952 -2.99135] covariance = [[1.61923 0.412604 -2.00344][0.412604 0.578811 -1.33715][-2.00344 -1.33715 4.21578]]
weight = 4.2015e-05 mean = [-4.10125 5.34594 -2.3783] covariance = [[0.992381 0.402682 -1.63294][0.402682 0.27288 -0.752766][-1.63294 -0.752766 3.13312]]
weight = 0.00135139 mean = [-5.16672 4.5827 -0.159934] covariance = [[0.565098 -0.0384849 -0.222577][-0.0384849 0.310173 -0.408306][-0.222577 -0.408306 0.793536]]
weight = 2.17102e-05 mean = [-5.05244 4.81002 -0.291492] covariance = [[0.311757 0.0959137 -0.435676][0.0959137 0.243628 -0.35243][-0.435676 -0.35243 1.69039]]
weight = 0.324497 mean = [0.744566 3.84812 -2.29918] covariance = [[1.80736 -0.740474 0.133502][-0.740474 0.489578 -0.251767][0.133502 -0.251767 0.278127]]
weight = 0.00330615 mean = [-5.46564 4.60624 0.01151] covariance = [[0.0373914 -0.0050748 0.0124224][-0.0050748 0.0685864 -0.00622331][0.0124224 -0.00622331 0.124537]]
weight = 0.670661 mean = [-0.533709 3.74596 1.89647] covariance = [[12.4427 -0.756546 4.92649][-0.756546 2.9886 -0.823546][4.92649 -0.823546 5.34132]]
]
2025-05-29 08:50:29 INFO  ren0 [gaussian_mixture_model.h:218] Before merging
2025-05-29 08:50:29 INFO  ren0 [gaussian_mixture_model.h:219] GMM[
weight = 2.7274e-05 mean = [-4.54252 4.55062 -0.273016] covariance = [[0.334392 0.0715158 -0.30561][0.0715158 0.236374 -0.421604][-0.30561 -0.421604 1.19597]]
weight = 3.29345e-05 mean = [-2.81469 5.76994 -4.00954] covariance = [[1.04783 0.0807516 -0.91495][0.0807516 0.386098 -0.705009][-0.91495 -0.705009 2.14234]]
weight = 4.2015e-05 mean = [-4.10125 5.34594 -2.3783] covariance = [[0.992381 0.402682 -1.63294][0.402682 0.27288 -0.752766][-1.63294 -0.752766 3.13312]]
weight = 0.00135139 mean = [-5.16672 4.5827 -0.159934] covariance = [[0.565098 -0.0384849 -0.222577][-0.0384849 0.310173 -0.408306][-0.222577 -0.408306 0.793536]]
weight = 2.17102e-05 mean = [-5.05244 4.81002 -0.291492] covariance = [[0.311757 0.0959137 -0.435676][0.0959137 0.243628 -0.35243][-0.435676 -0.35243 1.69039]]
weight = 2.7274e-05 mean = [-5.00223 3.98682 1.26176] covariance = [[0.334392 0.0715158 -0.30561][0.0715158 0.236374 -0.421604][-0.30561 -0.421604 1.19597]]
weight = 0.324497 mean = [0.744566 3.84812 -2.29918] covariance = [[1.80736 -0.740474 0.133502][-0.740474 0.489578 -0.251767][0.133502 -0.251767 0.278127]]
weight = 3.29345e-05 mean = [-3.88373 5.14909 -1.97315] covariance = [[1.04783 0.0807516 -0.91495][0.0807516 0.386098 -0.705009][-0.91495 -0.705009 2.14234]]
weight = 0.00330615 mean = [-5.46564 4.60624 0.01151] covariance = [[0.0373914 -0.0050748 0.0124224][-0.0050748 0.0685864 -0.00622331][0.0124224 -0.00622331 0.124537]]
weight = 0.670661 mean = [-0.533709 3.74596 1.89647] covariance = [[12.4427 -0.756546 4.92649][-0.756546 2.9886 -0.823546][4.92649 -0.823546 5.34132]]
]
2025-05-29 08:50:29 INFO  ren0 [MIFocalGuidingPathTracer] GMM[
weight = 3.29345e-05 mean = [-2.81469 5.76994 -4.00954] covariance = [[1.04783 0.0807516 -0.91495][0.0807516 0.386098 -0.705009][-0.91495 -0.705009 2.14234]]
weight = 4.2015e-05 mean = [-4.10125 5.34594 -2.3783] covariance = [[0.992381 0.402682 -1.63294][0.402682 0.27288 -0.752766][-1.63294 -0.752766 3.13312]]
weight = 0.00140038 mean = [-5.15279 4.5856 -0.164176] covariance = [[0.564294 -0.0342865 -0.229047][-0.0342865 0.308536 -0.408079][-0.229047 -0.408079 0.815797]]
weight = 2.7274e-05 mean = [-5.00223 3.98682 1.26176] covariance = [[0.334392 0.0715158 -0.30561][0.0715158 0.236374 -0.421604][-0.30561 -0.421604 1.19597]]
weight = 0.324497 mean = [0.744566 3.84812 -2.29918] covariance = [[1.80736 -0.740474 0.133502][-0.740474 0.489578 -0.251767][0.133502 -0.251767 0.278127]]
weight = 3.29345e-05 mean = [-3.88373 5.14909 -1.97315] covariance = [[1.04783 0.0807516 -0.91495][0.0807516 0.386098 -0.705009][-0.91495 -0.705009 2.14234]]
weight = 0.00330615 mean = [-5.46564 4.60624 0.01151] covariance = [[0.0373914 -0.0050748 0.0124224][-0.0050748 0.0685864 -0.00622331][0.0124224 -0.00622331 0.124537]]
weight = 0.670661 mean = [-0.533709 3.74596 1.89647] covariance = [[12.4427 -0.756546 4.92649][-0.756546 2.9886 -0.823546][4.92649 -0.823546 5.34132]]
]
2025-05-29 08:50:29 INFO  ren0 [octree.h:534] root weight: 1.598e+04 (15975.459961)
2025-05-29 08:50:29 INFO  ren0 [octree.h:535] splitting threshold: 1.598e+01 (15.975461)
2025-05-29 08:50:29 INFO  ren0 [octree.h:534] root weight: 3.277e+03 (3276.749512)
2025-05-29 08:50:29 INFO  ren0 [octree.h:535] splitting threshold: 3.277e+00 (3.276750)
2025-05-29 08:50:29 INFO  ren0 [octree.h:550] node count: 924 -> 932 -> 929

2025-05-29 08:50:29 INFO  ren0 [octree.h:550] node count: 482 -> 482 -> 482

2025-05-29 08:50:29 INFO  ren0 [MIFocalGuidingPathTracer] ITERATION 14, until 150.0 seconds
2025-05-29 08:50:46 INFO  ren0 [MIFocalGuidingPathTracer]   281.93 seconds elapsed, passes this iteration: 1, total passes: 19
2025-05-29 08:50:46 INFO  ren0 [pmm_focal_guiding_recursive.cpp:238] final iteration
2025-05-29 08:50:46 INFO  ren0 [MIFocalGuidingPathTracer] Got 379713 non-zero samples
2025-05-29 08:50:46 INFO  ren0 [gaussian_mixture_model.h:821] Processing mega batch of size 379713
2025-05-29 08:50:46 INFO  ren0 [gaussian_mixture_model.h:828] will process 4 batches
2025-05-29 08:50:46 INFO  ren0 [gaussian_mixture_model.h:215] Before splitting
2025-05-29 08:50:46 INFO  ren0 [gaussian_mixture_model.h:216] GMM[
weight = 0.00449396 mean = [-3.19815 5.73531 -3.51465] covariance = [[0.00630519 0.00182406 -0.00867688][0.00182406 0.00633534 -0.00342507][-0.00867688 -0.00342507 0.0182517]]
weight = 0.00598206 mean = [-3.20977 5.73294 -3.4987] covariance = [[0.0191475 0.00816369 -0.0261906][0.00816369 0.00972372 -0.00992921][-0.0261906 -0.00992921 0.0399747]]
weight = 0.00192639 mean = [-4.85677 4.73766 -0.517978] covariance = [[0.398847 0.0660286 -0.397267][0.0660286 0.423287 -0.773039][-0.397267 -0.773039 1.69459]]
weight = 6.27498e-05 mean = [-5.14146 3.98731 1.26375] covariance = [[0.18705 0.0282104 -0.265211][0.0282104 0.0604692 -0.123984][-0.265211 -0.123984 0.551638]]
weight = 0.206699 mean = [-1.26673 4.89115 -2.83284] covariance = [[4.77764 -2.54136 1.25569][-2.54136 1.42993 -0.731515][1.25569 -0.731515 0.437675]]
weight = 0.00275863 mean = [-3.21183 5.72863 -3.49132] covariance = [[0.0235244 0.0116114 -0.0372977][0.0116114 0.0131639 -0.0210664][-0.0372977 -0.0210664 0.0693969]]
weight = 0.000914278 mean = [-5.54394 4.60191 -0.196429] covariance = [[0.0503828 0.000284011 0.0305854][0.000284011 0.0762457 -0.0245781][0.0305854 -0.0245781 0.211405]]
weight = 0.777162 mean = [-0.877649 3.47807 -1.40885] covariance = [[3.7747 -1.39693 1.75679][-1.39693 2.14532 -0.0460473][1.75679 -0.0460473 6.04865]]
]
2025-05-29 08:50:46 INFO  ren0 [gaussian_mixture_model.h:218] Before merging
2025-05-29 08:50:46 INFO  ren0 [gaussian_mixture_model.h:219] GMM[
weight = 0.000963196 mean = [-5.01582 4.43987 0.13203] covariance = [[0.348258 -0.0287016 -0.19049][-0.0287016 0.245944 -0.385912][-0.19049 -0.385912 0.849574]]
weight = 0.00449396 mean = [-3.19815 5.73531 -3.51465] covariance = [[0.00630519 0.00182406 -0.00867688][0.00182406 0.00633534 -0.00342507][-0.00867688 -0.00342507 0.0182517]]
weight = 0.00598206 mean = [-3.20977 5.73294 -3.4987] covariance = [[0.0191475 0.00816369 -0.0261906][0.00816369 0.00972372 -0.00992921][-0.0261906 -0.00992921 0.0399747]]
weight = 0.10335 mean = [-2.35656 5.48087 -3.12998] covariance = [[2.40218 -1.25599 0.608038][-1.25599 0.73442 -0.381068][0.608038 -0.381068 0.261108]]
weight = 0.000963196 mean = [-4.69771 5.03544 -1.16799] covariance = [[0.348258 -0.0287016 -0.19049][-0.0287016 0.245944 -0.385912][-0.19049 -0.385912 0.849574]]
weight = 6.27498e-05 mean = [-5.14146 3.98731 1.26375] covariance = [[0.18705 0.0282104 -0.265211][0.0282104 0.0604692 -0.123984][-0.265211 -0.123984 0.551638]]
weight = 0.10335 mean = [-0.176897 4.30144 -2.53571] covariance = [[2.40218 -1.25599 0.608038][-1.25599 0.73442 -0.381068][0.608038 -0.381068 0.261108]]
weight = 0.00275863 mean = [-3.21183 5.72863 -3.49132] covariance = [[0.0235244 0.0116114 -0.0372977][0.0116114 0.0131639 -0.0210664][-0.0372977 -0.0210664 0.0693969]]
weight = 0.000914278 mean = [-5.54394 4.60191 -0.196429] covariance = [[0.0503828 0.000284011 0.0305854][0.000284011 0.0762457 -0.0245781][0.0305854 -0.0245781 0.211405]]
weight = 0.777162 mean = [-0.877649 3.47807 -1.40885] covariance = [[3.7747 -1.39693 1.75679][-1.39693 2.14532 -0.0460473][1.75679 -0.0460473 6.04865]]
]
2025-05-29 08:50:46 INFO  ren0 [gaussian_mixture_model.h:215] Before splitting
2025-05-29 08:50:46 INFO  ren0 [gaussian_mixture_model.h:216] GMM[
weight = 0.00914802 mean = [-5.21862 4.08275 1.12072] covariance = [[0.134098 -0.0375825 -0.0642543][-0.0375825 0.152623 -0.251022][-0.0642543 -0.251022 0.583643]]
weight = 0.00895528 mean = [0.419825 3.97275 -2.32217] covariance = [[2.4155 -1.40712 0.745972][-1.40712 0.871897 -0.475588][0.745972 -0.475588 0.306463]]
weight = 0.00327827 mean = [-4.97093 4.83423 -0.590891] covariance = [[0.305813 -0.00604644 -0.26527][-0.00604644 0.336437 -0.558491][-0.26527 -0.558491 1.29233]]
weight = 0.00626318 mean = [-5.33637 3.95963 1.55272] covariance = [[0.0789444 -0.00592963 -0.0883989][-0.00592963 0.00477986 0.000842528][-0.0883989 0.000842528 0.11175]]
weight = 0.155376 mean = [-0.223927 4.30943 -2.5138] covariance = [[4.09741 -2.20564 1.12729][-2.20564 1.24821 -0.655397][1.12729 -0.655397 0.388081]]
weight = 0.00125239 mean = [-3.21214 5.72906 -3.49198] covariance = [[0.0244821 0.011444 -0.0387803][0.011444 0.0124288 -0.0206459][-0.0387803 -0.0206459 0.0712115]]
weight = 0.00215672 mean = [-5.53559 4.5923 0.0568323] covariance = [[0.111499 -0.00165203 0.102582][-0.00165203 0.0819909 -0.0360236][0.102582 -0.0360236 0.332552]]
weight = 0.81357 mean = [0.409964 2.85719 0.848229] covariance = [[5.758 -2.62923 5.31096][-2.62923 2.46692 -2.356][5.31096 -2.356 9.99682]]
]
2025-05-29 08:50:46 INFO  ren0 [gaussian_mixture_model.h:218] Before merging
2025-05-29 08:50:46 INFO  ren0 [gaussian_mixture_model.h:219] GMM[
weight = 0.00457401 mean = [-5.25033 3.91097 1.50157] covariance = [[0.132097 -0.0484766 -0.0401015][-0.0484766 0.0936174 -0.120182][-0.0401015 -0.120182 0.293571]]
weight = 0.00457401 mean = [-5.18691 4.25453 0.739881] covariance = [[0.132097 -0.0484766 -0.0401015][-0.0484766 0.0936174 -0.120182][-0.0401015 -0.120182 0.293571]]
weight = 0.00447764 mean = [-0.354045 4.43337 -2.57201] covariance = [[1.21776 -0.69419 0.359281][-0.69419 0.447559 -0.245421][0.359281 -0.245421 0.181631]]
weight = 0.00447764 mean = [1.1937 3.51212 -2.07233] covariance = [[1.21776 -0.69419 0.359281][-0.69419 0.447559 -0.245421][0.359281 -0.245421 0.181631]]
weight = 0.00327827 mean = [-4.97093 4.83423 -0.590891] covariance = [[0.305813 -0.00604644 -0.26527][-0.00604644 0.336437 -0.558491][-0.26527 -0.558491 1.29233]]
weight = 0.00626318 mean = [-5.33637 3.95963 1.55272] covariance = [[0.0789444 -0.00592963 -0.0883989][-0.00592963 0.00477986 0.000842528][-0.0883989 0.000842528 0.11175]]
weight = 0.155376 mean = [-0.223927 4.30943 -2.5138] covariance = [[4.09741 -2.20564 1.12729][-2.20564 1.24821 -0.655397][1.12729 -0.655397 0.388081]]
weight = 0.00125239 mean = [-3.21214 5.72906 -3.49198] covariance = [[0.0244821 0.011444 -0.0387803][0.011444 0.0124288 -0.0206459][-0.0387803 -0.0206459 0.0712115]]
weight = 0.00215672 mean = [-5.53559 4.5923 0.0568323] covariance = [[0.111499 -0.00165203 0.102582][-0.00165203 0.0819909 -0.0360236][0.102582 -0.0360236 0.332552]]
weight = 0.81357 mean = [0.409964 2.85719 0.848229] covariance = [[5.758 -2.62923 5.31096][-2.62923 2.46692 -2.356][5.31096 -2.356 9.99682]]
]
2025-05-29 08:50:46 INFO  ren0 [gaussian_mixture_model.h:215] Before splitting
2025-05-29 08:50:46 INFO  ren0 [gaussian_mixture_model.h:216] GMM[
weight = 0.00179036 mean = [-5.3232 4.04607 1.30706] covariance = [[0.152258 -0.0399374 -0.0873404][-0.0399374 0.128251 -0.199996][-0.0873404 -0.199996 0.51749]]
weight = 0.000483993 mean = [-5.38261 4.31109 0.800423] covariance = [[0.14853 -0.0391291 -0.0781383][-0.0391291 0.11088 -0.169495][-0.0781383 -0.169495 0.42993]]
weight = 0.00342527 mean = [-2.43464 5.62062 -3.08635] covariance = [[2.88025 -1.69044 0.787309][-1.69044 1.00408 -0.457113][0.787309 -0.457113 0.224713]]
weight = 0.00272781 mean = [0.801302 3.73423 -2.20968] covariance = [[1.27751 -0.742041 0.377418][-0.742041 0.461943 -0.239379][0.377418 -0.239379 0.161049]]
weight = 0.00590434 mean = [-5.5017 3.98347 1.74698] covariance = [[0.140291 -0.0161378 -0.16121][-0.0161378 0.00247993 0.01778][-0.16121 0.01778 0.187001]]
weight = 0.429893 mean = [-2.86566 5.82854 -3.23644] covariance = [[1.48817 -0.848465 0.411034][-0.848465 0.500656 -0.228492][0.411034 -0.228492 0.124536]]
weight = 0.034333 mean = [-3.21543 5.8732 -3.43623] covariance = [[0.000126375 4.41781e-05 -0.00018736][4.41781e-05 0.000213954 -1.76943e-05][-0.00018736 -1.76943e-05 0.000373118]]
weight = 0.00694424 mean = [-5.42783 4.66432 -0.552437] covariance = [[0.560477 0.0430164 -0.0572688][0.0430164 0.15737 -0.24101][-0.0572688 -0.24101 1.05692]]
weight = 0.514498 mean = [-7.4769e-05 3.21654 0.132231] covariance = [[3.95284 -1.86721 3.28847][-1.86721 2.15588 -0.834875][3.28847 -0.834875 7.7008]]
]
2025-05-29 08:50:46 INFO  ren0 [gaussian_mixture_model.h:218] Before merging
2025-05-29 08:50:46 INFO  ren0 [gaussian_mixture_model.h:219] GMM[
weight = 0.000895178 mean = [-5.379 3.902 1.66616] covariance = [[0.146042 -0.056013 -0.0472702][-0.056013 0.0867501 -0.0965251][-0.0472702 -0.0965251 0.259589]]
weight = 0.000483993 mean = [-5.38261 4.31109 0.800423] covariance = [[0.14853 -0.0391291 -0.0781383][-0.0391291 0.11088 -0.169495][-0.0781383 -0.169495 0.42993]]
weight = 0.00342527 mean = [-2.43464 5.62062 -3.08635] covariance = [[2.88025 -1.69044 0.787309][-1.69044 1.00408 -0.457113][0.787309 -0.457113 0.224713]]
weight = 0.00272781 mean = [0.801302 3.73423 -2.20968] covariance = [[1.27751 -0.742041 0.377418][-0.742041 0.461943 -0.239379][0.377418 -0.239379 0.161049]]
weight = 0.000895178 mean = [-5.26741 4.19014 0.947955] covariance = [[0.146042 -0.056013 -0.0472702][-0.056013 0.0867501 -0.0965251][-0.0472702 -0.0965251 0.259589]]
weight = 0.00590434 mean = [-5.5017 3.98347 1.74698] covariance = [[0.140291 -0.0161378 -0.16121][-0.0161378 0.00247993 0.01778][-0.16121 0.01778 0.187001]]
weight = 0.429893 mean = [-2.86566 5.82854 -3.23644] covariance = [[1.48817 -0.848465 0.411034][-0.848465 0.500656 -0.228492][0.411034 -0.228492 0.124536]]
weight = 0.034333 mean = [-3.21543 5.8732 -3.43623] covariance = [[0.000126375 4.41781e-05 -0.00018736][4.41781e-05 0.000213954 -1.76943e-05][-0.00018736 -1.76943e-05 0.000373118]]
weight = 0.00694424 mean = [-5.42783 4.66432 -0.552437] covariance = [[0.560477 0.0430164 -0.0572688][0.0430164 0.15737 -0.24101][-0.0572688 -0.24101 1.05692]]
weight = 0.514498 mean = [-7.4769e-05 3.21654 0.132231] covariance = [[3.95284 -1.86721 3.28847][-1.86721 2.15588 -0.834875][3.28847 -0.834875 7.7008]]
]
2025-05-29 08:50:47 INFO  ren0 [gaussian_mixture_model.h:215] Before splitting
2025-05-29 08:50:47 INFO  ren0 [gaussian_mixture_model.h:216] GMM[
weight = 0.00075206 mean = [-5.43084 4.07694 1.37237] covariance = [[0.230282 -0.0564629 -0.131818][-0.0564629 0.110568 -0.15085][-0.131818 -0.15085 0.466588]]
weight = 0.000384756 mean = [-5.58368 4.60145 0.498446] covariance = [[0.167696 -0.0968442 0.00397098][-0.0968442 0.284637 -0.420853][0.00397098 -0.420853 0.786922]]
weight = 0.0078589 mean = [1.09579 3.58347 -2.13659] covariance = [[0.176986 -0.0833106 0.0323101][-0.0833106 0.0634666 -0.0370906][0.0323101 -0.0370906 0.0477836]]
weight = 0.000239937 mean = [-5.37555 4.32308 0.880057] covariance = [[0.233873 -0.0967759 -0.031906][-0.0967759 0.110915 -0.10527][-0.031906 -0.10527 0.24034]]
weight = 0.0138849 mean = [-5.42054 3.97484 1.65325] covariance = [[0.1812 -0.0214585 -0.207906][-0.0214585 0.00265056 0.0244791][-0.207906 0.0244791 0.238907]]
weight = 0.141991 mean = [-2.75339 5.76464 -3.20318] covariance = [[1.87629 -1.07027 0.525052][-1.07027 0.627216 -0.293816][0.525052 -0.293816 0.158033]]
weight = 0.0439236 mean = [-3.21543 5.8732 -3.43623] covariance = [[0.000126375 4.41781e-05 -0.00018736][4.41781e-05 0.000213954 -1.76943e-05][-0.00018736 -1.76943e-05 0.000373118]]
weight = 0.0298206 mean = [-4.97761 4.63609 -2.00905] covariance = [[0.195634 -0.0589749 -0.259167][-0.0589749 0.0997769 0.0501063][-0.259167 0.0501063 1.45695]]
weight = 0.761145 mean = [-0.538193 2.99342 -0.646431] covariance = [[7.6982 -3.10905 4.72962][-3.10905 2.12888 -1.47448][4.72962 -1.47448 6.69792]]
]
2025-05-29 08:50:47 INFO  ren0 [gaussian_mixture_model.h:218] Before merging
2025-05-29 08:50:47 INFO  ren0 [gaussian_mixture_model.h:219] GMM[
weight = 0.00075206 mean = [-5.43084 4.07694 1.37237] covariance = [[0.230282 -0.0564629 -0.131818][-0.0564629 0.110568 -0.15085][-0.131818 -0.15085 0.466588]]
weight = 0.000192378 mean = [-5.5533 4.34927 0.937447] covariance = [[0.16586 -0.081522 -0.0227029][-0.081522 0.157462 -0.199443][-0.0227029 -0.199443 0.401489]]
weight = 0.000192378 mean = [-5.61406 4.85362 0.0594456] covariance = [[0.16586 -0.081522 -0.0227029][-0.081522 0.157462 -0.199443][-0.0227029 -0.199443 0.401489]]
weight = 0.0078589 mean = [1.09579 3.58347 -2.13659] covariance = [[0.176986 -0.0833106 0.0323101][-0.0833106 0.0634666 -0.0370906][0.0323101 -0.0370906 0.0477836]]
weight = 0.000239937 mean = [-5.37555 4.32308 0.880057] covariance = [[0.233873 -0.0967759 -0.031906][-0.0967759 0.110915 -0.10527][-0.031906 -0.10527 0.24034]]
weight = 0.0138849 mean = [-5.42054 3.97484 1.65325] covariance = [[0.1812 -0.0214585 -0.207906][-0.0214585 0.00265056 0.0244791][-0.207906 0.0244791 0.238907]]
weight = 0.141991 mean = [-2.75339 5.76464 -3.20318] covariance = [[1.87629 -1.07027 0.525052][-1.07027 0.627216 -0.293816][0.525052 -0.293816 0.158033]]
weight = 0.0439236 mean = [-3.21543 5.8732 -3.43623] covariance = [[0.000126375 4.41781e-05 -0.00018736][4.41781e-05 0.000213954 -1.76943e-05][-0.00018736 -1.76943e-05 0.000373118]]
weight = 0.0298206 mean = [-4.97761 4.63609 -2.00905] covariance = [[0.195634 -0.0589749 -0.259167][-0.0589749 0.0997769 0.0501063][-0.259167 0.0501063 1.45695]]
weight = 0.761145 mean = [-0.538193 2.99342 -0.646431] covariance = [[7.6982 -3.10905 4.72962][-3.10905 2.12888 -1.47448][4.72962 -1.47448 6.69792]]
]
2025-05-29 08:50:47 INFO  ren0 [MIFocalGuidingPathTracer] GMM[
weight = 0.000192378 mean = [-5.61406 4.85362 0.0594456] covariance = [[0.16586 -0.081522 -0.0227029][-0.081522 0.157462 -0.199443][-0.0227029 -0.199443 0.401489]]
weight = 0.0078589 mean = [1.09579 3.58347 -2.13659] covariance = [[0.176986 -0.0833106 0.0323101][-0.0833106 0.0634666 -0.0370906][0.0323101 -0.0370906 0.0477836]]
weight = 0.00118438 mean = [-5.43953 4.17104 1.20199] covariance = [[0.223544 -0.0705423 -0.0921975][-0.0705423 0.133739 -0.177264][-0.0921975 -0.177264 0.460994]]
weight = 0.0138849 mean = [-5.42054 3.97484 1.65325] covariance = [[0.1812 -0.0214585 -0.207906][-0.0214585 0.00265056 0.0244791][-0.207906 0.0244791 0.238907]]
weight = 0.141991 mean = [-2.75339 5.76464 -3.20318] covariance = [[1.87629 -1.07027 0.525052][-1.07027 0.627216 -0.293816][0.525052 -0.293816 0.158033]]
weight = 0.0439236 mean = [-3.21543 5.8732 -3.43623] covariance = [[0.000126375 4.41781e-05 -0.00018736][4.41781e-05 0.000213954 -1.76943e-05][-0.00018736 -1.76943e-05 0.000373118]]
weight = 0.0298206 mean = [-4.97761 4.63609 -2.00905] covariance = [[0.195634 -0.0589749 -0.259167][-0.0589749 0.0997769 0.0501063][-0.259167 0.0501063 1.45695]]
weight = 0.761145 mean = [-0.538193 2.99342 -0.646431] covariance = [[7.6982 -3.10905 4.72962][-3.10905 2.12888 -1.47448][4.72962 -1.47448 6.69792]]
]
2025-05-29 08:50:47 INFO  ren0 [octree.h:534] root weight: 6.620e+03 (6619.554688)
2025-05-29 08:50:47 INFO  ren0 [octree.h:535] splitting threshold: 6.620e+00 (6.619555)
2025-05-29 08:50:47 INFO  ren0 [octree.h:534] root weight: 8.209e+02 (820.856445)
2025-05-29 08:50:47 INFO  ren0 [octree.h:535] splitting threshold: 8.209e-01 (0.820857)
2025-05-29 08:50:47 INFO  ren0 [octree.h:550] node count: 929 -> 929 -> 750

2025-05-29 08:50:47 INFO  ren0 [octree.h:550] node count: 482 -> 482 -> 481

2025-05-29 08:50:47 INFO  ren0 [MIFocalGuidingPathTracer] ITERATION 15, until 1800.0 seconds
