2025-05-29 09:34:54 INFO  main [mitsuba.cpp:274] Mitsuba version 0.6.0 (Linux, 64 bit), Copyright (c) 2017 Wenzel Jakob
2025-05-29 09:34:54 INFO  main [mitsuba.cpp:377] Parsing scene description from "scene/dining-room/dining-room.xml" ..
2025-05-29 09:34:54 INFO  main [scenehandler.cpp:675] In file "/mitsuba/scene/dining-room/dining-room.xml" (near line 18): Parsing included file "pmm_focal_recursive.xml" ..
2025-05-29 09:34:54 INFO  main [PluginManager] Loading plugin "plugins/pmm_focal_recursive.so" ..
2025-05-29 09:34:54 INFO  main [octree.h:534] root weight: 8.000e-20 (0.000000)
2025-05-29 09:34:54 INFO  main [octree.h:535] splitting threshold: 8.000e-23 (0.000000)
2025-05-29 09:34:54 INFO  main [octree.h:550] node count: 1 -> 585 -> 585

2025-05-29 09:34:54 INFO  main [octree.h:534] root weight: 8.000e-20 (0.000000)
2025-05-29 09:34:54 INFO  main [octree.h:535] splitting threshold: 8.000e-23 (0.000000)
2025-05-29 09:34:54 INFO  main [octree.h:550] node count: 1 -> 585 -> 585

2025-05-29 09:34:54 INFO  main [MIFocalGuidingPathTracer] Final render will have 64 spp, m_budget will not be taken into account.
2025-05-29 09:34:54 INFO  main [MIFocalGuidingPathTracer] budget: 1800
2025-05-29 09:34:54 INFO  main [MIFocalGuidingPathTracer] dumpPrimaryRays: false
2025-05-29 09:34:54 INFO  main [MIFocalGuidingPathTracer] dumpScene: false
2025-05-29 09:34:54 INFO  main [MIFocalGuidingPathTracer] finalSpp: 64
2025-05-29 09:34:54 INFO  main [MIFocalGuidingPathTracer] gmm.alpha: 0.5
2025-05-29 09:34:54 INFO  main [MIFocalGuidingPathTracer] gmm.initMethod: KMeans
2025-05-29 09:34:54 INFO  main [MIFocalGuidingPathTracer] gmm.maxNumComp: 10
2025-05-29 09:34:54 INFO  main [MIFocalGuidingPathTracer] gmm.mergingThreshold: 0.7
2025-05-29 09:34:54 INFO  main [MIFocalGuidingPathTracer] gmm.minNumComp: 3
2025-05-29 09:34:54 INFO  main [MIFocalGuidingPathTracer] gmm.splittingThreshold: 1000
2025-05-29 09:34:54 INFO  main [MIFocalGuidingPathTracer] iterationBudget: 10
2025-05-29 09:34:54 INFO  main [MIFocalGuidingPathTracer] iterationCount: 15
2025-05-29 09:34:54 INFO  main [MIFocalGuidingPathTracer] maxDepth: 40
2025-05-29 09:34:54 INFO  main [MIFocalGuidingPathTracer] minSamplesToStartFitting: 10
2025-05-29 09:34:54 INFO  main [MIFocalGuidingPathTracer] normalBinning: disabled
2025-05-29 09:34:54 INFO  main [MIFocalGuidingPathTracer] renderMaxSeconds: 36000
2025-05-29 09:34:54 INFO  main [MIFocalGuidingPathTracer] rrDepth: 14
2025-05-29 09:34:54 INFO  main [MIFocalGuidingPathTracer] samplingMode: 2
2025-05-29 09:34:54 INFO  main [MIFocalGuidingPathTracer] shouldPretrain: false
2025-05-29 09:34:54 INFO  main [MIFocalGuidingPathTracer] strictNormals: true
2025-05-29 09:34:54 INFO  main [MIFocalGuidingPathTracer] trainingSamples: 4
2025-05-29 09:34:54 INFO  main [MIFocalGuidingPathTracer] tree.threshold: 0.001
2025-05-29 09:34:54 INFO  main [MIFocalGuidingPathTracer] unboundedSplatting: true
2025-05-29 09:34:54 INFO  main [PluginManager] Loading plugin "plugins/independent.so" ..
2025-05-29 09:34:54 INFO  main [PluginManager] Loading plugin "plugins/box.so" ..
2025-05-29 09:34:54 INFO  main [PluginManager] Loading plugin "plugins/hdrfilm.so" ..
2025-05-29 09:34:54 INFO  main [PluginManager] Loading plugin "plugins/perspective.so" ..
2025-05-29 09:34:54 INFO  main [PluginManager] Loading plugin "plugins/roughplastic.so" ..
2025-05-29 09:34:54 INFO  main [PluginManager] Loading plugin "plugins/twosided.so" ..
2025-05-29 09:34:54 INFO  main [PluginManager] Loading plugin "plugins/roughconductor.so" ..
2025-05-29 09:34:54 INFO  main [spectrum.cpp:599] "Cu.eta.spd": loaded a spectral power distribution with 55 entries (between 302.400421 and 885.601257 nm)
2025-05-29 09:34:54 INFO  main [spectrum.cpp:599] "Cu.k.spd": loaded a spectral power distribution with 55 entries (between 302.400421 and 885.601257 nm)
2025-05-29 09:34:54 INFO  main [PluginManager] Loading plugin "plugins/diffuse.so" ..
2025-05-29 09:34:54 INFO  main [PluginManager] Loading plugin "plugins/bitmap.so" ..
2025-05-29 09:34:54 INFO  main [BitmapTexture] Loading texture "picture3.jpg"
2025-05-29 09:34:54 INFO  main [PluginManager] Loading plugin "plugins/lanczos.so" ..
2025-05-29 09:34:54 INFO  main [MIPMap] Generating MIP map cache file "/mitsuba/scene/dining-room/textures/picture3.mip" ..
2025-05-29 09:34:54 INFO  main [BitmapTexture] Loading texture "Tiles.jpg"
2025-05-29 09:34:55 INFO  main [spectrum.cpp:599] "Cu.eta.spd": loaded a spectral power distribution with 55 entries (between 302.400421 and 885.601257 nm)
2025-05-29 09:34:55 INFO  main [spectrum.cpp:599] "Cu.k.spd": loaded a spectral power distribution with 55 entries (between 302.400421 and 885.601257 nm)
2025-05-29 09:34:55 INFO  main [spectrum.cpp:599] "Cu.eta.spd": loaded a spectral power distribution with 55 entries (between 302.400421 and 885.601257 nm)
2025-05-29 09:34:55 INFO  main [spectrum.cpp:599] "Cu.k.spd": loaded a spectral power distribution with 55 entries (between 302.400421 and 885.601257 nm)
2025-05-29 09:34:55 INFO  main [PluginManager] Loading plugin "plugins/conductor.so" ..
2025-05-29 09:34:55 INFO  main [spectrum.cpp:599] "Ir.eta.spd": loaded a spectral power distribution with 28 entries (between 302.389984 and 885.570984 nm)
2025-05-29 09:34:55 INFO  main [spectrum.cpp:599] "Ir.k.spd": loaded a spectral power distribution with 28 entries (between 302.389984 and 885.570984 nm)
2025-05-29 09:34:55 INFO  main [spectrum.cpp:599] "Cu.eta.spd": loaded a spectral power distribution with 55 entries (between 302.400421 and 885.601257 nm)
2025-05-29 09:34:55 INFO  main [spectrum.cpp:599] "Cu.k.spd": loaded a spectral power distribution with 55 entries (between 302.400421 and 885.601257 nm)
2025-05-29 09:34:55 INFO  main [BitmapTexture] Loading texture "Teacup.png"
2025-05-29 09:34:55 INFO  main [spectrum.cpp:599] "Cu.eta.spd": loaded a spectral power distribution with 55 entries (between 302.400421 and 885.601257 nm)
2025-05-29 09:34:55 INFO  main [spectrum.cpp:599] "Cu.k.spd": loaded a spectral power distribution with 55 entries (between 302.400421 and 885.601257 nm)
2025-05-29 09:34:55 INFO  main [PluginManager] Loading plugin "plugins/area.so" ..
2025-05-29 09:34:55 INFO  main [PluginManager] Loading plugin "plugins/disk.so" ..
2025-05-29 09:34:55 INFO  main [PluginManager] Loading plugin "plugins/ply.so" ..
2025-05-29 09:34:55 INFO  main [PLYLoader] Loading geometry from "parabol1.ply" ..
2025-05-29 09:34:55 INFO  main [PLYLoader] "parabol1": Loaded 25856 triangles, 13057 vertices (456.0 KiB in 4 ms).
2025-05-29 09:34:55 INFO  main [PLYLoader] Loading geometry from "parabol2.ply" ..
2025-05-29 09:34:55 INFO  main [PLYLoader] "parabol2": Loaded 25856 triangles, 13057 vertices (456.0 KiB in 3 ms).
2025-05-29 09:34:55 INFO  main [PluginManager] Loading plugin "plugins/obj.so" ..
2025-05-29 09:34:55 INFO  main [WavefrontOBJ] Loading geometry from "Mesh013.obj" ..
2025-05-29 09:34:55 INFO  main [WavefrontOBJ] Mesh013: 1056 triangles, 577 vertices (merged 2591 vertices).
2025-05-29 09:34:55 INFO  main [WavefrontOBJ] Done with "Mesh013.obj" (took 2 ms)
2025-05-29 09:34:55 INFO  main [WavefrontOBJ] Loading geometry from "Mesh016.obj" ..
2025-05-29 09:34:55 INFO  main [WavefrontOBJ] Mesh016: 384 triangles, 768 vertices (merged 384 vertices).
2025-05-29 09:34:55 INFO  main [WavefrontOBJ] Done with "Mesh016.obj" (took 2 ms)
2025-05-29 09:34:55 INFO  main [WavefrontOBJ] Loading geometry from "Mesh015.obj" ..
2025-05-29 09:34:55 INFO  main [WavefrontOBJ] Mesh015: 3136 triangles, 1680 vertices (merged 7728 vertices).
2025-05-29 09:34:55 INFO  main [WavefrontOBJ] Done with "Mesh015.obj" (took 8 ms)
2025-05-29 09:34:55 INFO  main [WavefrontOBJ] Loading geometry from "Mesh023.obj" ..
2025-05-29 09:34:55 INFO  main [WavefrontOBJ] Mesh023: 1056 triangles, 577 vertices (merged 2591 vertices).
2025-05-29 09:34:55 INFO  main [WavefrontOBJ] Done with "Mesh023.obj" (took 2 ms)
2025-05-29 09:34:55 INFO  main [WavefrontOBJ] Loading geometry from "Mesh020.obj" ..
2025-05-29 09:34:55 INFO  main [WavefrontOBJ] Mesh020: 384 triangles, 768 vertices (merged 384 vertices).
2025-05-29 09:34:55 INFO  main [WavefrontOBJ] Done with "Mesh020.obj" (took 2 ms)
2025-05-29 09:34:55 INFO  main [WavefrontOBJ] Loading geometry from "Mesh017.obj" ..
2025-05-29 09:34:55 INFO  main [WavefrontOBJ] Mesh017: 3136 triangles, 1680 vertices (merged 7728 vertices).
2025-05-29 09:34:55 INFO  main [WavefrontOBJ] Done with "Mesh017.obj" (took 7 ms)
2025-05-29 09:34:55 INFO  main [WavefrontOBJ] Loading geometry from "Mesh024.obj" ..
2025-05-29 09:34:55 INFO  main [WavefrontOBJ] Mesh024: 34 triangles, 68 vertices (merged 34 vertices).
2025-05-29 09:34:55 INFO  main [WavefrontOBJ] Done with "Mesh024.obj" (took 0 ms)
2025-05-29 09:34:55 INFO  main [WavefrontOBJ] Loading geometry from "Mesh041.obj" ..
2025-05-29 09:34:55 INFO  main [WavefrontOBJ] Mesh041: 8 triangles, 16 vertices (merged 8 vertices).
2025-05-29 09:34:55 INFO  main [WavefrontOBJ] Done with "Mesh041.obj" (took 0 ms)
2025-05-29 09:34:55 INFO  main [WavefrontOBJ] Loading geometry from "Mesh011.obj" ..
2025-05-29 09:34:55 INFO  main [WavefrontOBJ] Mesh011: 8992 triangles, 4544 vertices (merged 22432 vertices).
2025-05-29 09:34:55 INFO  main [WavefrontOBJ] Done with "Mesh011.obj" (took 94 ms)
2025-05-29 09:34:55 INFO  main [PluginManager] Loading plugin "plugins/homogeneous.so" ..
2025-05-29 09:34:55 INFO  main [PluginManager] Loading plugin "plugins/isotropic.so" ..
2025-05-29 09:34:55 INFO  main [WavefrontOBJ] Loading geometry from "Mesh026.obj" ..
2025-05-29 09:34:55 INFO  main [WavefrontOBJ] Mesh026: 7624 triangles, 4070 vertices (merged 18802 vertices).
2025-05-29 09:34:55 INFO  main [WavefrontOBJ] Done with "Mesh026.obj" (took 30 ms)
2025-05-29 09:34:55 INFO  main [WavefrontOBJ] Loading geometry from "Mesh018.obj" ..
2025-05-29 09:34:55 INFO  main [WavefrontOBJ] Mesh018: 2016 triangles, 1260 vertices (merged 4788 vertices).
2025-05-29 09:34:55 INFO  main [WavefrontOBJ] Done with "Mesh018.obj" (took 6 ms)
2025-05-29 09:34:55 INFO  main [WavefrontOBJ] Loading geometry from "Mesh007.obj" ..
2025-05-29 09:34:55 INFO  main [WavefrontOBJ] Mesh007: 4352 triangles, 2178 vertices (merged 10878 vertices).
2025-05-29 09:34:55 INFO  main [WavefrontOBJ] Done with "Mesh007.obj" (took 11 ms)
2025-05-29 09:34:55 INFO  main [WavefrontOBJ] Loading geometry from "Mesh005.obj" ..
2025-05-29 09:34:55 INFO  main [WavefrontOBJ] Mesh005: 160 triangles, 144 vertices (merged 336 vertices).
2025-05-29 09:34:55 INFO  main [WavefrontOBJ] Done with "Mesh005.obj" (took 0 ms)
2025-05-29 09:34:55 INFO  main [WavefrontOBJ] Loading geometry from "Mesh019.obj" ..
2025-05-29 09:34:55 INFO  main [WavefrontOBJ] Mesh019: 560 triangles, 400 vertices (merged 1280 vertices).
2025-05-29 09:34:55 INFO  main [WavefrontOBJ] Done with "Mesh019.obj" (took 1 ms)
2025-05-29 09:34:55 INFO  main [WavefrontOBJ] Loading geometry from "Mesh021.obj" ..
2025-05-29 09:34:55 INFO  main [WavefrontOBJ] Mesh021: 720 triangles, 482 vertices (merged 1678 vertices).
2025-05-29 09:34:55 INFO  main [WavefrontOBJ] Done with "Mesh021.obj" (took 1 ms)
2025-05-29 09:34:55 INFO  main [WavefrontOBJ] Loading geometry from "Mesh037.obj" ..
2025-05-29 09:34:55 INFO  main [WavefrontOBJ] Mesh037: 7624 triangles, 4070 vertices (merged 18802 vertices).
2025-05-29 09:34:55 INFO  main [WavefrontOBJ] Done with "Mesh037.obj" (took 18 ms)
2025-05-29 09:34:55 INFO  main [WavefrontOBJ] Loading geometry from "Mesh004.obj" ..
2025-05-29 09:34:55 INFO  main [WavefrontOBJ] Mesh004: 2016 triangles, 1260 vertices (merged 4788 vertices).
2025-05-29 09:34:55 INFO  main [WavefrontOBJ] Done with "Mesh004.obj" (took 5 ms)
2025-05-29 09:34:55 INFO  main [WavefrontOBJ] Loading geometry from "Mesh014.obj" ..
2025-05-29 09:34:55 INFO  main [WavefrontOBJ] Mesh014: 160 triangles, 144 vertices (merged 336 vertices).
2025-05-29 09:34:55 INFO  main [WavefrontOBJ] Done with "Mesh014.obj" (took 0 ms)
2025-05-29 09:34:55 INFO  main [WavefrontOBJ] Loading geometry from "Mesh012.obj" ..
2025-05-29 09:34:55 INFO  main [WavefrontOBJ] Mesh012: 560 triangles, 400 vertices (merged 1280 vertices).
2025-05-29 09:34:55 INFO  main [WavefrontOBJ] Done with "Mesh012.obj" (took 1 ms)
2025-05-29 09:34:55 INFO  main [WavefrontOBJ] Loading geometry from "Mesh028.obj" ..
2025-05-29 09:34:55 INFO  main [WavefrontOBJ] Mesh028: 720 triangles, 482 vertices (merged 1678 vertices).
2025-05-29 09:34:55 INFO  main [WavefrontOBJ] Done with "Mesh028.obj" (took 2 ms)
2025-05-29 09:34:55 INFO  main [WavefrontOBJ] Loading geometry from "Mesh025.obj" ..
2025-05-29 09:34:55 INFO  main [WavefrontOBJ] Mesh025: 4352 triangles, 2178 vertices (merged 10878 vertices).
2025-05-29 09:34:55 INFO  main [WavefrontOBJ] Done with "Mesh025.obj" (took 10 ms)
2025-05-29 09:34:55 INFO  main [WavefrontOBJ] Loading geometry from "Mesh008.obj" ..
2025-05-29 09:34:55 INFO  main [WavefrontOBJ] Mesh008: 6320 triangles, 3270 vertices (merged 15690 vertices).
2025-05-29 09:34:55 INFO  main [WavefrontOBJ] Done with "Mesh008.obj" (took 15 ms)
2025-05-29 09:34:55 INFO  main [WavefrontOBJ] Loading geometry from "Mesh032.obj" ..
2025-05-29 09:34:55 INFO  main [WavefrontOBJ] Mesh032: 13248 triangles, 6686 vertices (merged 33058 vertices).
2025-05-29 09:34:55 INFO  main [WavefrontOBJ] Done with "Mesh032.obj" (took 30 ms)
2025-05-29 09:34:55 INFO  main [WavefrontOBJ] Loading geometry from "Mesh035.obj" ..
2025-05-29 09:34:55 INFO  main [WavefrontOBJ] Mesh035: 14480 triangles, 7404 vertices (merged 36036 vertices).
2025-05-29 09:34:55 INFO  main [WavefrontOBJ] Done with "Mesh035.obj" (took 34 ms)
2025-05-29 09:34:55 INFO  main [WavefrontOBJ] Loading geometry from "Mesh042.obj" ..
2025-05-29 09:34:55 INFO  main [WavefrontOBJ] Mesh042: 2320 triangles, 1492 vertices (merged 5468 vertices).
2025-05-29 09:34:55 INFO  main [WavefrontOBJ] Done with "Mesh042.obj" (took 6 ms)
2025-05-29 09:34:55 INFO  main [WavefrontOBJ] Loading geometry from "Mesh010.obj" ..
2025-05-29 09:34:55 INFO  main [WavefrontOBJ] Mesh010: 13248 triangles, 6686 vertices (merged 33058 vertices).
2025-05-29 09:34:55 INFO  main [WavefrontOBJ] Done with "Mesh010.obj" (took 30 ms)
2025-05-29 09:34:55 INFO  main [WavefrontOBJ] Loading geometry from "Mesh036.obj" ..
2025-05-29 09:34:55 INFO  main [WavefrontOBJ] Mesh036: 14480 triangles, 7404 vertices (merged 36036 vertices).
2025-05-29 09:34:55 INFO  main [WavefrontOBJ] Done with "Mesh036.obj" (took 33 ms)
2025-05-29 09:34:55 INFO  main [WavefrontOBJ] Loading geometry from "Mesh027.obj" ..
2025-05-29 09:34:55 INFO  main [WavefrontOBJ] Mesh027: 2320 triangles, 1492 vertices (merged 5468 vertices).
2025-05-29 09:34:55 INFO  main [WavefrontOBJ] Done with "Mesh027.obj" (took 6 ms)
2025-05-29 09:34:55 INFO  main [WavefrontOBJ] Loading geometry from "Mesh043.obj" ..
2025-05-29 09:34:55 INFO  main [WavefrontOBJ] Mesh043: 13248 triangles, 6686 vertices (merged 33058 vertices).
2025-05-29 09:34:55 INFO  main [WavefrontOBJ] Done with "Mesh043.obj" (took 31 ms)
2025-05-29 09:34:55 INFO  main [WavefrontOBJ] Loading geometry from "Mesh044.obj" ..
2025-05-29 09:34:55 INFO  main [WavefrontOBJ] Mesh044: 14480 triangles, 7404 vertices (merged 36036 vertices).
2025-05-29 09:34:55 INFO  main [WavefrontOBJ] Done with "Mesh044.obj" (took 32 ms)
2025-05-29 09:34:55 INFO  main [WavefrontOBJ] Loading geometry from "Mesh031.obj" ..
2025-05-29 09:34:55 INFO  main [WavefrontOBJ] Mesh031: 2320 triangles, 1492 vertices (merged 5468 vertices).
2025-05-29 09:34:55 INFO  main [WavefrontOBJ] Done with "Mesh031.obj" (took 6 ms)
2025-05-29 09:34:55 INFO  main [WavefrontOBJ] Loading geometry from "Mesh022.obj" ..
2025-05-29 09:34:55 INFO  main [WavefrontOBJ] Mesh022: 13248 triangles, 6686 vertices (merged 33058 vertices).
2025-05-29 09:34:55 INFO  main [WavefrontOBJ] Done with "Mesh022.obj" (took 29 ms)
2025-05-29 09:34:55 INFO  main [WavefrontOBJ] Loading geometry from "Mesh038.obj" ..
2025-05-29 09:34:55 INFO  main [WavefrontOBJ] Mesh038: 14480 triangles, 7404 vertices (merged 36036 vertices).
2025-05-29 09:34:55 INFO  main [WavefrontOBJ] Done with "Mesh038.obj" (took 31 ms)
2025-05-29 09:34:55 INFO  main [WavefrontOBJ] Loading geometry from "Mesh030.obj" ..
2025-05-29 09:34:55 INFO  main [WavefrontOBJ] Mesh030: 2320 triangles, 1492 vertices (merged 5468 vertices).
2025-05-29 09:34:55 INFO  main [WavefrontOBJ] Done with "Mesh030.obj" (took 5 ms)
2025-05-29 09:34:55 INFO  main [WavefrontOBJ] Loading geometry from "Mesh046.obj" ..
2025-05-29 09:34:55 INFO  main [WavefrontOBJ] Mesh046: 13248 triangles, 6686 vertices (merged 33058 vertices).
2025-05-29 09:34:55 INFO  main [WavefrontOBJ] Done with "Mesh046.obj" (took 29 ms)
2025-05-29 09:34:55 INFO  main [WavefrontOBJ] Loading geometry from "Mesh047.obj" ..
2025-05-29 09:34:55 INFO  main [WavefrontOBJ] Mesh047: 14480 triangles, 7404 vertices (merged 36036 vertices).
2025-05-29 09:34:55 INFO  main [WavefrontOBJ] Done with "Mesh047.obj" (took 73 ms)
2025-05-29 09:34:55 INFO  main [WavefrontOBJ] Loading geometry from "Mesh034.obj" ..
2025-05-29 09:34:55 INFO  main [WavefrontOBJ] Mesh034: 2320 triangles, 1492 vertices (merged 5468 vertices).
2025-05-29 09:34:55 INFO  main [WavefrontOBJ] Done with "Mesh034.obj" (took 7 ms)
2025-05-29 09:34:55 INFO  main [WavefrontOBJ] Loading geometry from "Mesh033.obj" ..
2025-05-29 09:34:55 INFO  main [WavefrontOBJ] Mesh033: 44 triangles, 96 vertices (merged 36 vertices).
2025-05-29 09:34:55 INFO  main [WavefrontOBJ] Done with "Mesh033.obj" (took 0 ms)
2025-05-29 09:34:55 INFO  main [WavefrontOBJ] Loading geometry from "Mesh006.obj" ..
2025-05-29 09:34:55 INFO  main [WavefrontOBJ] Mesh006: 4 triangles, 6 vertices (merged 6 vertices).
2025-05-29 09:34:55 INFO  main [WavefrontOBJ] Done with "Mesh006.obj" (took 0 ms)
2025-05-29 09:34:55 INFO  main [WavefrontOBJ] Loading geometry from "Mesh048.obj" ..
2025-05-29 09:34:55 INFO  main [WavefrontOBJ] Mesh048: 30 triangles, 38 vertices (merged 52 vertices).
2025-05-29 09:34:55 INFO  main [WavefrontOBJ] Done with "Mesh048.obj" (took 0 ms)
2025-05-29 09:34:55 INFO  main [WavefrontOBJ] Loading geometry from "Mesh049.obj" ..
2025-05-29 09:34:55 INFO  main [WavefrontOBJ] Mesh049: 13248 triangles, 6686 vertices (merged 33058 vertices).
2025-05-29 09:34:55 INFO  main [WavefrontOBJ] Done with "Mesh049.obj" (took 30 ms)
2025-05-29 09:34:55 INFO  main [WavefrontOBJ] Loading geometry from "Mesh051.obj" ..
2025-05-29 09:34:55 INFO  main [WavefrontOBJ] Mesh051: 14480 triangles, 7404 vertices (merged 36036 vertices).
2025-05-29 09:34:55 INFO  main [WavefrontOBJ] Done with "Mesh051.obj" (took 32 ms)
2025-05-29 09:34:55 INFO  main [WavefrontOBJ] Loading geometry from "Mesh040.obj" ..
2025-05-29 09:34:55 INFO  main [WavefrontOBJ] Mesh040: 2320 triangles, 1492 vertices (merged 5468 vertices).
2025-05-29 09:34:55 INFO  main [WavefrontOBJ] Done with "Mesh040.obj" (took 5 ms)
2025-05-29 09:34:55 INFO  main [WavefrontOBJ] Loading geometry from "Mesh003.obj" ..
2025-05-29 09:34:55 INFO  main [WavefrontOBJ] Mesh003: 18176 triangles, 9150 vertices (merged 45378 vertices).
2025-05-29 09:34:55 INFO  main [WavefrontOBJ] Done with "Mesh003.obj" (took 42 ms)
2025-05-29 09:34:55 INFO  main [WavefrontOBJ] Loading geometry from "Mesh002.obj" ..
2025-05-29 09:34:55 INFO  main [WavefrontOBJ] Mesh002: 7624 triangles, 4070 vertices (merged 18802 vertices).
2025-05-29 09:34:55 INFO  main [WavefrontOBJ] Done with "Mesh002.obj" (took 17 ms)
2025-05-29 09:34:55 INFO  main [WavefrontOBJ] Loading geometry from "Mesh009.obj" ..
2025-05-29 09:34:55 INFO  main [WavefrontOBJ] Mesh009: 2016 triangles, 1260 vertices (merged 4788 vertices).
2025-05-29 09:34:55 INFO  main [WavefrontOBJ] Done with "Mesh009.obj" (took 5 ms)
2025-05-29 09:34:55 INFO  main [WavefrontOBJ] Loading geometry from "Mesh045.obj" ..
2025-05-29 09:34:55 INFO  main [WavefrontOBJ] Mesh045: 4352 triangles, 2178 vertices (merged 10878 vertices).
2025-05-29 09:34:55 INFO  main [WavefrontOBJ] Done with "Mesh045.obj" (took 10 ms)
2025-05-29 09:34:55 INFO  main [WavefrontOBJ] Loading geometry from "Mesh029.obj" ..
2025-05-29 09:34:55 INFO  main [WavefrontOBJ] Mesh029: 160 triangles, 144 vertices (merged 336 vertices).
2025-05-29 09:34:55 INFO  main [WavefrontOBJ] Done with "Mesh029.obj" (took 0 ms)
2025-05-29 09:34:55 INFO  main [WavefrontOBJ] Loading geometry from "Mesh039.obj" ..
2025-05-29 09:34:55 INFO  main [WavefrontOBJ] Mesh039: 560 triangles, 400 vertices (merged 1280 vertices).
2025-05-29 09:34:55 INFO  main [WavefrontOBJ] Done with "Mesh039.obj" (took 1 ms)
2025-05-29 09:34:55 INFO  main [WavefrontOBJ] Loading geometry from "Mesh050.obj" ..
2025-05-29 09:34:55 INFO  main [WavefrontOBJ] Mesh050: 720 triangles, 482 vertices (merged 1678 vertices).
2025-05-29 09:34:55 INFO  main [WavefrontOBJ] Done with "Mesh050.obj" (took 1 ms)
2025-05-29 09:34:55 INFO  main [WavefrontOBJ] Loading geometry from "Mesh001.obj" ..
2025-05-29 09:34:55 INFO  main [WavefrontOBJ] Mesh001: 170 triangles, 340 vertices (merged 170 vertices).
2025-05-29 09:34:55 INFO  main [WavefrontOBJ] Done with "Mesh001.obj" (took 1 ms)
2025-05-29 09:34:55 INFO  main [WavefrontOBJ] Loading geometry from "Mesh000.obj" ..
2025-05-29 09:34:55 INFO  main [WavefrontOBJ] Mesh000: 22 triangles, 44 vertices (merged 22 vertices).
2025-05-29 09:34:55 INFO  main [WavefrontOBJ] Done with "Mesh000.obj" (took 0 ms)
2025-05-29 09:34:55 INFO  main [PluginManager] Loading plugin "plugins/rectangle.so" ..
2025-05-29 09:34:55 INFO  ren0 [KDTreeBase] Constructing a SAH kd-tree (321251 primitives) ..
2025-05-29 09:34:56 INFO  ren0 [KDTreeBase] Finished -- took 895 ms.
2025-05-29 09:34:56 INFO  ren0 [octree.h:534] root weight: 8.000e-20 (0.000000)
2025-05-29 09:34:56 INFO  ren0 [octree.h:535] splitting threshold: 8.000e-23 (0.000000)
2025-05-29 09:34:56 INFO  ren0 [octree.h:550] node count: 1 -> 585 -> 585

2025-05-29 09:34:56 INFO  ren0 [octree.h:534] root weight: 4.096e-17 (0.000000)
2025-05-29 09:34:56 INFO  ren0 [octree.h:535] splitting threshold: 4.096e-20 (0.000000)
2025-05-29 09:34:56 INFO  ren0 [octree.h:550] node count: 585 -> 585 -> 585

2025-05-29 09:34:56 INFO  ren0 [octree.h:534] root weight: 8.000e-20 (0.000000)
2025-05-29 09:34:56 INFO  ren0 [octree.h:535] splitting threshold: 8.000e-23 (0.000000)
2025-05-29 09:34:56 INFO  ren0 [octree.h:550] node count: 1 -> 585 -> 585

2025-05-29 09:34:56 INFO  ren0 [octree.h:534] root weight: 8.000e-20 (0.000000)
2025-05-29 09:34:56 INFO  ren0 [octree.h:535] splitting threshold: 8.000e-23 (0.000000)
2025-05-29 09:34:56 INFO  ren0 [octree.h:550] node count: 1 -> 585 -> 585

2025-05-29 09:34:56 INFO  ren0 [octree.h:534] root weight: 4.096e-17 (0.000000)
2025-05-29 09:34:56 INFO  ren0 [octree.h:535] splitting threshold: 4.096e-20 (0.000000)
2025-05-29 09:34:56 INFO  ren0 [octree.h:550] node count: 585 -> 585 -> 585

2025-05-29 09:34:56 INFO  ren0 [octree.h:534] root weight: 8.000e-20 (0.000000)
2025-05-29 09:34:56 INFO  ren0 [octree.h:535] splitting threshold: 8.000e-23 (0.000000)
2025-05-29 09:34:56 INFO  ren0 [octree.h:550] node count: 1 -> 585 -> 585

2025-05-29 09:34:56 INFO  ren0 [MIFocalGuidingPathTracer] AABB3[min=[-6.3658, -1.5274, -4.73046], max=[5.27597, 8.04131, 10.0598]]
2025-05-29 09:34:56 INFO  ren0 [MIFocalGuidingPathTracer] Starting render job (1280x720, 12 cores, SSE2 enabled) ..
2025-05-29 09:34:56 INFO  ren0 [MIFocalGuidingPathTracer] ITERATION 0, until 10.0 seconds
2025-05-29 09:35:06 INFO  ren0 [MIFocalGuidingPathTracer]   10.06 seconds elapsed, passes this iteration: 3, total passes: 3
2025-05-29 09:35:06 INFO  ren0 [MIFocalGuidingPathTracer] Got 1010716 non-zero samples
2025-05-29 09:35:06 INFO  ren0 [gaussian_mixture_model.h:821] Processing mega batch of size 1010716
2025-05-29 09:35:06 INFO  ren0 [gaussian_mixture_model.h:828] will process 11 batches
2025-05-29 09:35:06 INFO  ren0 [gaussian_mixture_model.h:557] KMeans
2025-05-29 09:35:06 INFO  ren0 [gaussian_mixture_model.h:560] GMM[
weight = 0.15916 mean = [-3.42566 4.97734 -1.78015] covariance = [[2.52957 -0.594145 -0.754923][-0.594145 2.31361 1.04477][-0.754923 1.04477 3.41705]]
weight = 0.05387 mean = [2.40318 0.901642 7.67032] covariance = [[2.44034 -0.855842 -0.299978][-0.855842 2.33686 0.782082][-0.299978 0.782082 2.16746]]
weight = 0.04552 mean = [2.10103 6.18453 8.14123] covariance = [[4.95802 -0.565928 -1.11549][-0.565928 1.44349 -0.436371][-1.11549 -0.436371 1.67242]]
weight = 0.09958 mean = [-2.95384 1.18223 6.94441] covariance = [[3.65031 -0.907048 -1.22953][-0.907048 3.21872 1.34222][-1.22953 1.34222 3.67695]]
weight = 0.20751 mean = [-3.14877 0.820499 -0.723311] covariance = [[3.65722 -0.416798 -0.984893][-0.416798 1.78402 0.636773][-0.984893 0.636773 5.31992]]
weight = 0.07852 mean = [2.23593 2.94388 -2.61144] covariance = [[1.9993 0.435672 0.385603][0.435672 1.827 0.0867731][0.385603 0.0867731 1.4165]]
weight = 0.18266 mean = [-0.805266 5.08854 2.94164] covariance = [[5.47298 -0.539391 -3.32632][-0.539391 2.81243 1.97722][-3.32632 1.97722 6.99873]]
weight = 0.04824 mean = [1.19432 6.29216 -2.43875] covariance = [[2.40866 0.495527 0.54749][0.495527 1.2676 0.322481][0.54749 0.322481 1.71306]]
weight = 0.08354 mean = [2.95189 2.06987 3.56704] covariance = [[1.89735 0.308642 -0.0461415][0.308642 3.7827 2.08597][-0.0461415 2.08597 3.7983]]
weight = 0.0414 mean = [2.9195 -0.340271 -2.47881] covariance = [[2.16948 0.112145 0.557335][0.112145 0.44559 -0.0341083][0.557335 -0.0341083 1.86488]]
]
2025-05-29 09:35:07 INFO  ren0 [gaussian_mixture_model.h:215] Before splitting
2025-05-29 09:35:07 INFO  ren0 [gaussian_mixture_model.h:216] GMM[
weight = 0.0741824 mean = [-2.42728 4.80395 -1.35467] covariance = [[1.25856 0.593495 0.399145][0.593495 1.62762 0.984716][0.399145 0.984716 1.27855]]
weight = 0.00100273 mean = [2.59261 0.891446 7.80005] covariance = [[4.91157 -0.876974 -1.28637][-0.876974 2.12491 0.590929][-1.28637 0.590929 2.11805]]
weight = 0.000746509 mean = [2.05951 6.33002 7.63858] covariance = [[7.07807 0.157608 -2.57589][0.157608 1.25664 -0.270776][-2.57589 -0.270776 2.71792]]
weight = 0.0562665 mean = [-3.56378 -0.0777303 6.33101] covariance = [[0.350038 -0.165038 -0.210686][-0.165038 0.796048 -0.11463][-0.210686 -0.11463 2.04567]]
weight = 0.828631 mean = [-3.05877 -0.191529 -1.92433] covariance = [[2.61772 -0.714728 1.06355][-0.714728 0.595906 -0.180657][1.06355 -0.180657 1.36873]]
weight = 0.0150399 mean = [2.0234 2.8314 -3.93006] covariance = [[4.13435 0.4972 -0.680958][0.4972 0.944857 -0.287147][-0.680958 -0.287147 1.37649]]
weight = 0.0146912 mean = [-0.445125 3.75194 0.103024] covariance = [[8.21425 -0.97394 -5.70775][-0.97394 4.04506 2.36374][-5.70775 2.36374 10.7051]]
weight = 0.00298896 mean = [-0.0727432 5.69208 -2.06884] covariance = [[4.02067 0.7722 -1.13386][0.7722 1.50833 0.21585][-1.13386 0.21585 1.80983]]
weight = 0.0031445 mean = [1.48157 1.04963 2.23058] covariance = [[5.48437 4.1974 3.69961][4.1974 7.37599 5.09365][3.69961 5.09365 5.64327]]
weight = 0.00330654 mean = [2.29478 -0.372729 -2.54727] covariance = [[6.78046 0.591465 -1.13375][0.591465 0.48244 -0.326268][-1.13375 -0.326268 2.02779]]
]
2025-05-29 09:35:07 INFO  ren0 [gaussian_mixture_model.h:218] Before merging
2025-05-29 09:35:07 INFO  ren0 [gaussian_mixture_model.h:219] GMM[
weight = 0.0741824 mean = [-2.42728 4.80395 -1.35467] covariance = [[1.25856 0.593495 0.399145][0.593495 1.62762 0.984716][0.399145 0.984716 1.27855]]
weight = 0.00100273 mean = [2.59261 0.891446 7.80005] covariance = [[4.91157 -0.876974 -1.28637][-0.876974 2.12491 0.590929][-1.28637 0.590929 2.11805]]
weight = 0.000746509 mean = [2.05951 6.33002 7.63858] covariance = [[7.07807 0.157608 -2.57589][0.157608 1.25664 -0.270776][-2.57589 -0.270776 2.71792]]
weight = 0.0562665 mean = [-3.56378 -0.0777303 6.33101] covariance = [[0.350038 -0.165038 -0.210686][-0.165038 0.796048 -0.11463][-0.210686 -0.11463 2.04567]]
weight = 0.828631 mean = [-3.05877 -0.191529 -1.92433] covariance = [[2.61772 -0.714728 1.06355][-0.714728 0.595906 -0.180657][1.06355 -0.180657 1.36873]]
weight = 0.0150399 mean = [2.0234 2.8314 -3.93006] covariance = [[4.13435 0.4972 -0.680958][0.4972 0.944857 -0.287147][-0.680958 -0.287147 1.37649]]
weight = 0.0146912 mean = [-0.445125 3.75194 0.103024] covariance = [[8.21425 -0.97394 -5.70775][-0.97394 4.04506 2.36374][-5.70775 2.36374 10.7051]]
weight = 0.00298896 mean = [-0.0727432 5.69208 -2.06884] covariance = [[4.02067 0.7722 -1.13386][0.7722 1.50833 0.21585][-1.13386 0.21585 1.80983]]
weight = 0.0031445 mean = [1.48157 1.04963 2.23058] covariance = [[5.48437 4.1974 3.69961][4.1974 7.37599 5.09365][3.69961 5.09365 5.64327]]
weight = 0.00330654 mean = [2.29478 -0.372729 -2.54727] covariance = [[6.78046 0.591465 -1.13375][0.591465 0.48244 -0.326268][-1.13375 -0.326268 2.02779]]
]
2025-05-29 09:35:07 INFO  ren0 [gaussian_mixture_model.h:215] Before splitting
2025-05-29 09:35:07 INFO  ren0 [gaussian_mixture_model.h:216] GMM[
weight = 0.0010321 mean = [2.95545 1.68797 8.31202] covariance = [[5.11875 0.917074 0.14503][0.917074 3.52647 1.53763][0.14503 1.53763 2.34433]]
weight = 0.00083288 mean = [2.57336 5.79878 7.95286] covariance = [[6.42006 -0.932359 -0.319428][-0.932359 1.79359 -1.0708][-0.319428 -1.0708 2.85239]]
weight = 0.100611 mean = [-3.82379 0.169441 4.79707] covariance = [[0.172402 -0.0557114 0.23813][-0.0557114 0.804213 -1.14165][0.23813 -1.14165 3.91937]]
weight = 0.554492 mean = [-2.96133 -0.269019 -2.1254] covariance = [[2.37531 -0.682702 0.823306][-0.682702 0.54981 -0.0797103][0.823306 -0.0797103 1.24621]]
weight = 0.0151855 mean = [-0.177278 2.78161 -3.91328] covariance = [[10.1629 0.357609 0.0729933][0.357609 0.700828 -0.124149][0.0729933 -0.124149 0.914971]]
weight = 0.02918 mean = [-2.25089 2.55689 0.893637] covariance = [[7.78321 2.21536 -3.15961][2.21536 3.38147 -0.652953][-3.15961 -0.652953 6.91548]]
weight = 0.293711 mean = [-3.46895 3.49076 -3.34093] covariance = [[0.662936 1.02426 1.09522][1.02426 2.17 2.13938][1.09522 2.13938 2.28526]]
weight = 0.002496 mean = [1.43513 1.50264 2.63148] covariance = [[7.16223 3.64928 3.21698][3.64928 6.58362 4.23341][3.21698 4.23341 5.53815]]
weight = 0.00246024 mean = [2.50879 -0.313428 -2.61363] covariance = [[6.65134 0.619198 -0.820017][0.619198 0.481891 -0.232317][-0.820017 -0.232317 1.9403]]
]
2025-05-29 09:35:07 INFO  ren0 [gaussian_mixture_model.h:218] Before merging
2025-05-29 09:35:07 INFO  ren0 [gaussian_mixture_model.h:219] GMM[
weight = 0.000516048 mean = [1.98257 1.06496 7.9897] covariance = [[3.22579 -0.295144 -0.482136][-0.295144 2.7502 1.136][-0.482136 1.136 2.13655]]
weight = 0.000516048 mean = [3.92832 2.31098 8.63435] covariance = [[3.22579 -0.295144 -0.482136][-0.295144 2.7502 1.136][-0.482136 1.136 2.13655]]
weight = 0.00083288 mean = [2.57336 5.79878 7.95286] covariance = [[6.42006 -0.932359 -0.319428][-0.932359 1.79359 -1.0708][-0.319428 -1.0708 2.85239]]
weight = 0.100611 mean = [-3.82379 0.169441 4.79707] covariance = [[0.172402 -0.0557114 0.23813][-0.0557114 0.804213 -1.14165][0.23813 -1.14165 3.91937]]
weight = 0.554492 mean = [-2.96133 -0.269019 -2.1254] covariance = [[2.37531 -0.682702 0.823306][-0.682702 0.54981 -0.0797103][0.823306 -0.0797103 1.24621]]
weight = 0.0151855 mean = [-0.177278 2.78161 -3.91328] covariance = [[10.1629 0.357609 0.0729933][0.357609 0.700828 -0.124149][0.0729933 -0.124149 0.914971]]
weight = 0.02918 mean = [-2.25089 2.55689 0.893637] covariance = [[7.78321 2.21536 -3.15961][2.21536 3.38147 -0.652953][-3.15961 -0.652953 6.91548]]
weight = 0.293711 mean = [-3.46895 3.49076 -3.34093] covariance = [[0.662936 1.02426 1.09522][1.02426 2.17 2.13938][1.09522 2.13938 2.28526]]
weight = 0.002496 mean = [1.43513 1.50264 2.63148] covariance = [[7.16223 3.64928 3.21698][3.64928 6.58362 4.23341][3.21698 4.23341 5.53815]]
weight = 0.00246024 mean = [2.50879 -0.313428 -2.61363] covariance = [[6.65134 0.619198 -0.820017][0.619198 0.481891 -0.232317][-0.820017 -0.232317 1.9403]]
]
2025-05-29 09:35:07 INFO  ren0 [gaussian_mixture_model.h:215] Before splitting
2025-05-29 09:35:07 INFO  ren0 [gaussian_mixture_model.h:216] GMM[
weight = 7.54683e-05 mean = [0.948496 0.368467 8.1599] covariance = [[4.18846 0.40465 -1.43641][0.40465 2.19471 0.0353685][-1.43641 0.0353685 2.15903]]
weight = 0.000396016 mean = [3.00951 1.68501 8.26739] covariance = [[4.95429 0.793594 0.00157085][0.793594 3.45897 1.44068][0.00157085 1.44068 2.38938]]
weight = 0.000440271 mean = [1.68404 5.91775 8.05615] covariance = [[8.05415 -0.787564 -1.19164][-0.787564 1.50454 -0.686235][-1.19164 -0.686235 2.80344]]
weight = 0.0884713 mean = [-3.64771 -0.656991 7.03628] covariance = [[0.107355 -0.143238 0.473703][-0.143238 0.852029 -1.92445][0.473703 -1.92445 5.8106]]
weight = 0.669989 mean = [-1.98669 -0.497631 -3.2255] covariance = [[1.58059 -0.622172 -0.362941][-0.622172 0.551271 0.23452][-0.362941 0.23452 1.1763]]
weight = 0.0253159 mean = [-0.83354 2.78701 -3.69494] covariance = [[4.54814 0.354042 -0.932631][0.354042 0.636728 -0.0885218][-0.932631 -0.0885218 1.27291]]
weight = 0.173243 mean = [-3.08445 4.07405 -2.54776] covariance = [[0.935246 1.23013 1.48763][1.23013 2.40673 2.4703][1.48763 2.4703 2.83232]]
weight = 0.0349303 mean = [-1.93758 2.94922 -1.68701] covariance = [[1.64325 -0.251746 0.246846][-0.251746 2.37543 1.13984][0.246846 1.13984 3.25228]]
weight = 0.00713857 mean = [-0.234233 -0.934943 -3.94133] covariance = [[2.94983 0.415104 0.687128][0.415104 0.204248 0.151759][0.687128 0.151759 0.765951]]
]
2025-05-29 09:35:07 INFO  ren0 [gaussian_mixture_model.h:218] Before merging
2025-05-29 09:35:07 INFO  ren0 [gaussian_mixture_model.h:219] GMM[
weight = 3.77342e-05 mean = [1.93509 0.505681 7.65836] covariance = [[2.24174 0.133902 -0.446773][0.133902 2.15706 0.173005][-0.446773 0.173005 1.65596]]
weight = 0.000396016 mean = [3.00951 1.68501 8.26739] covariance = [[4.95429 0.793594 0.00157085][0.793594 3.45897 1.44068][0.00157085 1.44068 2.38938]]
weight = 0.000440271 mean = [1.68404 5.91775 8.05615] covariance = [[8.05415 -0.787564 -1.19164][-0.787564 1.50454 -0.686235][-1.19164 -0.686235 2.80344]]
weight = 0.0884713 mean = [-3.64771 -0.656991 7.03628] covariance = [[0.107355 -0.143238 0.473703][-0.143238 0.852029 -1.92445][0.473703 -1.92445 5.8106]]
weight = 0.669989 mean = [-1.98669 -0.497631 -3.2255] covariance = [[1.58059 -0.622172 -0.362941][-0.622172 0.551271 0.23452][-0.362941 0.23452 1.1763]]
weight = 0.0253159 mean = [-0.83354 2.78701 -3.69494] covariance = [[4.54814 0.354042 -0.932631][0.354042 0.636728 -0.0885218][-0.932631 -0.0885218 1.27291]]
weight = 3.77342e-05 mean = [-0.038097 0.231254 8.66144] covariance = [[2.24174 0.133902 -0.446773][0.133902 2.15706 0.173005][-0.446773 0.173005 1.65596]]
weight = 0.173243 mean = [-3.08445 4.07405 -2.54776] covariance = [[0.935246 1.23013 1.48763][1.23013 2.40673 2.4703][1.48763 2.4703 2.83232]]
weight = 0.0349303 mean = [-1.93758 2.94922 -1.68701] covariance = [[1.64325 -0.251746 0.246846][-0.251746 2.37543 1.13984][0.246846 1.13984 3.25228]]
weight = 0.00713857 mean = [-0.234233 -0.934943 -3.94133] covariance = [[2.94983 0.415104 0.687128][0.415104 0.204248 0.151759][0.687128 0.151759 0.765951]]
]
2025-05-29 09:35:07 INFO  ren0 [gaussian_mixture_model.h:215] Before splitting
2025-05-29 09:35:07 INFO  ren0 [gaussian_mixture_model.h:216] GMM[
weight = 0.000121398 mean = [1.74803 0.64142 6.74164] covariance = [[5.03706 -0.381467 -2.31345][-0.381467 2.24973 0.0379179][-2.31345 0.0379179 5.01719]]
weight = 0.00130808 mean = [1.42112 0.849219 6.34511] covariance = [[10.4731 -0.546141 -1.78177][-0.546141 3.07075 2.41219][-1.78177 2.41219 6.33879]]
weight = 0.00235032 mean = [-1.16222 5.57195 7.41697] covariance = [[10.2719 1.01231 -2.5674][1.01231 0.984675 -0.256095][-2.5674 -0.256095 3.37873]]
weight = 0.0678412 mean = [-3.95381 -0.522846 5.56078] covariance = [[0.181812 -0.124334 0.831637][-0.124334 0.785442 -1.82165][0.831637 -1.82165 6.91407]]
weight = 0.736671 mean = [-1.00376 -1.04631 -2.8299] covariance = [[1.50154 -0.728117 0.0754934][-0.728117 0.507571 -0.046831][0.0754934 -0.046831 0.604978]]
weight = 0.00012891 mean = [-1.64364 1.06697 8.32144] covariance = [[3.77823 -0.445006 -0.675172][-0.445006 1.93914 -0.267625][-0.675172 -0.267625 1.8503]]
weight = 0.123421 mean = [-2.83432 3.94435 -2.32305] covariance = [[0.767729 0.937217 1.20268][0.937217 2.2463 2.07212][1.20268 2.07212 2.31407]]
weight = 0.0624667 mean = [-2.73841 2.61577 -2.09582] covariance = [[3.68603 0.286832 -0.373383][0.286832 1.49398 0.828735][-0.373383 0.828735 2.99696]]
weight = 0.00569109 mean = [0.297642 -0.992904 -3.36977] covariance = [[4.50429 0.819117 0.881633][0.819117 0.352285 0.0679426][0.881633 0.0679426 1.06158]]
]
2025-05-29 09:35:07 INFO  ren0 [gaussian_mixture_model.h:218] Before merging
2025-05-29 09:35:07 INFO  ren0 [gaussian_mixture_model.h:219] GMM[
weight = 6.06989e-05 mean = [2.71039 0.562483 5.78921] covariance = [[3.1848 -0.229537 -0.480304][-0.229537 2.23728 -0.112444][-0.480304 -0.112444 3.20297]]
weight = 0.00130808 mean = [1.42112 0.849219 6.34511] covariance = [[10.4731 -0.546141 -1.78177][-0.546141 3.07075 2.41219][-1.78177 2.41219 6.33879]]
weight = 0.00235032 mean = [-1.16222 5.57195 7.41697] covariance = [[10.2719 1.01231 -2.5674][1.01231 0.984675 -0.256095][-2.5674 -0.256095 3.37873]]
weight = 0.0678412 mean = [-3.95381 -0.522846 5.56078] covariance = [[0.181812 -0.124334 0.831637][-0.124334 0.785442 -1.82165][0.831637 -1.82165 6.91407]]
weight = 0.736671 mean = [-1.00376 -1.04631 -2.8299] covariance = [[1.50154 -0.728117 0.0754934][-0.728117 0.507571 -0.046831][0.0754934 -0.046831 0.604978]]
weight = 6.06989e-05 mean = [0.785671 0.720356 7.69406] covariance = [[3.1848 -0.229537 -0.480304][-0.229537 2.23728 -0.112444][-0.480304 -0.112444 3.20297]]
weight = 0.00012891 mean = [-1.64364 1.06697 8.32144] covariance = [[3.77823 -0.445006 -0.675172][-0.445006 1.93914 -0.267625][-0.675172 -0.267625 1.8503]]
weight = 0.123421 mean = [-2.83432 3.94435 -2.32305] covariance = [[0.767729 0.937217 1.20268][0.937217 2.2463 2.07212][1.20268 2.07212 2.31407]]
weight = 0.0624667 mean = [-2.73841 2.61577 -2.09582] covariance = [[3.68603 0.286832 -0.373383][0.286832 1.49398 0.828735][-0.373383 0.828735 2.99696]]
weight = 0.00569109 mean = [0.297642 -0.992904 -3.36977] covariance = [[4.50429 0.819117 0.881633][0.819117 0.352285 0.0679426][0.881633 0.0679426 1.06158]]
]
2025-05-29 09:35:07 INFO  ren0 [gaussian_mixture_model.h:215] Before splitting
2025-05-29 09:35:07 INFO  ren0 [gaussian_mixture_model.h:216] GMM[
weight = 0.00309191 mean = [-0.830868 5.46669 7.04142] covariance = [[10.5483 1.11012 -1.62038][1.11012 1.18873 -0.283971][-1.62038 -0.283971 3.15352]]
weight = 0.0816757 mean = [-3.96667 0.430045 3.71511] covariance = [[0.0992898 -0.100206 0.519981][-0.100206 1.43197 -3.01897][0.519981 -3.01897 7.84725]]
weight = 0.680777 mean = [-1.32369 -0.871084 -2.88912] covariance = [[1.49934 -0.578151 0.017686][-0.578151 0.424765 -0.0442944][0.017686 -0.0442944 0.663063]]
weight = 0.00094272 mean = [-0.214899 1.37504 5.7839] covariance = [[9.06179 -0.675406 -2.42499][-0.675406 3.09595 2.50795][-2.42499 2.50795 9.49154]]
weight = 0.144944 mean = [-3.5432 3.70707 -3.29666] covariance = [[1.00407 0.679203 1.44771][0.679203 1.23787 1.3406][1.44771 1.3406 2.33778]]
weight = 0.0841665 mean = [-3.35067 2.72885 -2.12238] covariance = [[3.19867 0.125774 -0.0691077][0.125774 1.15207 -0.0985336][-0.0691077 -0.0985336 3.38509]]
weight = 0.00440273 mean = [0.54858 -0.828492 -3.283] covariance = [[5.40611 0.973999 0.995287][0.973999 0.448999 0.0926311][0.995287 0.0926311 1.09534]]
]
2025-05-29 09:35:07 INFO  ren0 [gaussian_mixture_model.h:218] Before merging
2025-05-29 09:35:07 INFO  ren0 [gaussian_mixture_model.h:219] GMM[
weight = 0.00154596 mean = [-2.44435 5.27472 7.38065] covariance = [[5.34165 0.490647 -0.525667][0.490647 1.11503 -0.153725][-0.525667 -0.153725 2.92337]]
weight = 0.340388 mean = [-1.92998 -0.606366 -2.90973] covariance = [[0.764167 -0.257156 -0.00730294][-0.257156 0.284623 -0.0333838][-0.00730294 -0.0333838 0.662223]]
weight = 0.00154596 mean = [0.782618 5.65866 6.70218] covariance = [[5.34165 0.490647 -0.525667][0.490647 1.11503 -0.153725][-0.525667 -0.153725 2.92337]]
weight = 0.0816757 mean = [-3.96667 0.430045 3.71511] covariance = [[0.0992898 -0.100206 0.519981][-0.100206 1.43197 -3.01897][0.519981 -3.01897 7.84725]]
weight = 0.340388 mean = [-0.717392 -1.1358 -2.86851] covariance = [[0.764167 -0.257156 -0.00730294][-0.257156 0.284623 -0.0333838][-0.00730294 -0.0333838 0.662223]]
weight = 0.00047136 mean = [-1.28944 1.8121 7.09947] covariance = [[6.75254 0.263873 0.402254][0.263873 2.71392 1.35799][0.402254 1.35799 6.03013]]
weight = 0.00047136 mean = [0.859637 0.937975 4.46834] covariance = [[6.75254 0.263873 0.402254][0.263873 2.71392 1.35799][0.402254 1.35799 6.03013]]
weight = 0.144944 mean = [-3.5432 3.70707 -3.29666] covariance = [[1.00407 0.679203 1.44771][0.679203 1.23787 1.3406][1.44771 1.3406 2.33778]]
weight = 0.0841665 mean = [-3.35067 2.72885 -2.12238] covariance = [[3.19867 0.125774 -0.0691077][0.125774 1.15207 -0.0985336][-0.0691077 -0.0985336 3.38509]]
weight = 0.00440273 mean = [0.54858 -0.828492 -3.283] covariance = [[5.40611 0.973999 0.995287][0.973999 0.448999 0.0926311][0.995287 0.0926311 1.09534]]
]
2025-05-29 09:35:07 INFO  ren0 [gaussian_mixture_model.h:215] Before splitting
2025-05-29 09:35:07 INFO  ren0 [gaussian_mixture_model.h:216] GMM[
weight = 0.00136698 mean = [-3.94792 5.18467 7.58552] covariance = [[6.02378 0.114893 -0.927872][0.114893 1.26487 -0.359182][-0.927872 -0.359182 3.45811]]
weight = 0.191884 mean = [-1.35041 -0.611362 -3.6194] covariance = [[1.06866 -0.217735 -0.175298][-0.217735 0.716789 0.724468][-0.175298 0.724468 1.00931]]
weight = 0.00196929 mean = [0.732444 5.65137 6.49611] covariance = [[10.1388 1.18089 -2.1232][1.18089 1.19624 -0.287896][-2.1232 -0.287896 6.55977]]
weight = 0.0887336 mean = [-4.03882 -0.322397 4.83386] covariance = [[0.23681 -0.151119 1.21601][-0.151119 0.976929 -2.42267][1.21601 -2.42267 9.44509]]
weight = 0.534127 mean = [-0.800801 -0.964502 -3.69152] covariance = [[0.766617 -0.267665 -0.28026][-0.267665 0.277767 0.188544][-0.28026 0.188544 0.798992]]
weight = 0.000955884 mean = [-2.00808 1.0932 6.5911] covariance = [[9.33734 0.323049 2.26677][0.323049 2.18317 0.581715][2.26677 0.581715 7.11767]]
weight = 0.00169529 mean = [1.17795 1.14422 2.69231] covariance = [[9.78553 1.34818 -2.80031][1.34818 3.02325 -1.07484][-2.80031 -1.07484 13.9785]]
weight = 0.171611 mean = [-2.86976 2.54295 -2.38486] covariance = [[2.06915 0.491818 0.643166][0.491818 5.46658 2.00972][0.643166 2.00972 2.32305]]
weight = 0.0076572 mean = [-0.125226 -0.850194 -3.81412] covariance = [[5.09566 1.10995 1.17013][1.10995 0.504151 0.243991][1.17013 0.243991 0.856846]]
]
2025-05-29 09:35:08 INFO  ren0 [gaussian_mixture_model.h:218] Before merging
2025-05-29 09:35:08 INFO  ren0 [gaussian_mixture_model.h:219] GMM[
weight = 0.000683489 mean = [-2.75352 5.23954 7.19328] covariance = [[3.17063 -0.0161719 0.00910953][-0.0161719 1.25886 -0.31614][0.00910953 -0.31614 3.15041]]
weight = 0.191884 mean = [-1.35041 -0.611362 -3.6194] covariance = [[1.06866 -0.217735 -0.175298][-0.217735 0.716789 0.724468][-0.175298 0.724468 1.00931]]
weight = 0.00196929 mean = [0.732444 5.65137 6.49611] covariance = [[10.1388 1.18089 -2.1232][1.18089 1.19624 -0.287896][-2.1232 -0.287896 6.55977]]
weight = 0.0887336 mean = [-4.03882 -0.322397 4.83386] covariance = [[0.23681 -0.151119 1.21601][-0.151119 0.976929 -2.42267][1.21601 -2.42267 9.44509]]
weight = 0.534127 mean = [-0.800801 -0.964502 -3.69152] covariance = [[0.766617 -0.267665 -0.28026][-0.267665 0.277767 0.188544][-0.28026 0.188544 0.798992]]
weight = 0.000955884 mean = [-2.00808 1.0932 6.5911] covariance = [[9.33734 0.323049 2.26677][0.323049 2.18317 0.581715][2.26677 0.581715 7.11767]]
weight = 0.00169529 mean = [1.17795 1.14422 2.69231] covariance = [[9.78553 1.34818 -2.80031][1.34818 3.02325 -1.07484][-2.80031 -1.07484 13.9785]]
weight = 0.000683489 mean = [-5.14231 5.1298 7.97777] covariance = [[3.17063 -0.0161719 0.00910953][-0.0161719 1.25886 -0.31614][0.00910953 -0.31614 3.15041]]
weight = 0.171611 mean = [-2.86976 2.54295 -2.38486] covariance = [[2.06915 0.491818 0.643166][0.491818 5.46658 2.00972][0.643166 2.00972 2.32305]]
weight = 0.0076572 mean = [-0.125226 -0.850194 -3.81412] covariance = [[5.09566 1.10995 1.17013][1.10995 0.504151 0.243991][1.17013 0.243991 0.856846]]
]
2025-05-29 09:35:08 INFO  ren0 [gaussian_mixture_model.h:215] Before splitting
2025-05-29 09:35:08 INFO  ren0 [gaussian_mixture_model.h:216] GMM[
weight = 0.00149965 mean = [-3.77306 5.18986 7.35233] covariance = [[5.21774 0.159294 -0.545565][0.159294 1.58946 -0.177764][-0.545565 -0.177764 4.09368]]
weight = 0.00356797 mean = [1.10154 5.64263 5.88353] covariance = [[10.1909 1.45793 -1.37714][1.45793 1.32883 0.1272][-1.37714 0.1272 8.35572]]
weight = 0.10849 mean = [-4.07017 0.234528 3.66284] covariance = [[0.285246 -0.100894 1.32124][-0.100894 1.18155 -2.61271][1.32124 -2.61271 10.2088]]
weight = 0.633768 mean = [-1.30831 -0.733757 -3.17759] covariance = [[1.07467 -0.257964 -0.277739][-0.257964 0.348877 0.351064][-0.277739 0.351064 1.54201]]
weight = 0.00218855 mean = [-1.95473 1.16515 6.90623] covariance = [[8.79395 -0.192415 2.89723][-0.192415 1.84651 -0.00371713][2.89723 -0.00371713 8.89009]]
weight = 0.00561429 mean = [1.56973 1.38003 1.17506] covariance = [[8.56359 1.68563 -2.83446][1.68563 3.45613 -1.62561][-2.83446 -1.62561 14.6403]]
weight = 0.000647422 mean = [-5.05819 4.87269 7.53465] covariance = [[1.43581 0.461841 0.395287][0.461841 1.71484 0.39072][0.395287 0.39072 3.29088]]
weight = 0.236806 mean = [-2.95666 1.57049 -2.34067] covariance = [[2.9763 0.388076 1.27832][0.388076 5.03722 1.06665][1.27832 1.06665 2.27994]]
weight = 0.00741837 mean = [0.257791 -0.726931 -3.60488] covariance = [[6.90734 1.39469 1.09453][1.39469 0.591385 0.231745][1.09453 0.231745 0.984761]]
]
2025-05-29 09:35:08 INFO  ren0 [gaussian_mixture_model.h:218] Before merging
2025-05-29 09:35:08 INFO  ren0 [gaussian_mixture_model.h:219] GMM[
weight = 0.000749823 mean = [-2.69457 5.2547 6.91032] covariance = [[2.89145 0.0194376 0.407849][0.0194376 1.58106 -0.120446][0.407849 -0.120446 3.70294]]
weight = 0.000749823 mean = [-4.85156 5.12502 7.79434] covariance = [[2.89145 0.0194376 0.407849][0.0194376 1.58106 -0.120446][0.407849 -0.120446 3.70294]]
weight = 0.00356797 mean = [1.10154 5.64263 5.88353] covariance = [[10.1909 1.45793 -1.37714][1.45793 1.32883 0.1272][-1.37714 0.1272 8.35572]]
weight = 0.10849 mean = [-4.07017 0.234528 3.66284] covariance = [[0.285246 -0.100894 1.32124][-0.100894 1.18155 -2.61271][1.32124 -2.61271 10.2088]]
weight = 0.633768 mean = [-1.30831 -0.733757 -3.17759] covariance = [[1.07467 -0.257964 -0.277739][-0.257964 0.348877 0.351064][-0.277739 0.351064 1.54201]]
weight = 0.00218855 mean = [-1.95473 1.16515 6.90623] covariance = [[8.79395 -0.192415 2.89723][-0.192415 1.84651 -0.00371713][2.89723 -0.00371713 8.89009]]
weight = 0.00561429 mean = [1.56973 1.38003 1.17506] covariance = [[8.56359 1.68563 -2.83446][1.68563 3.45613 -1.62561][-2.83446 -1.62561 14.6403]]
weight = 0.000647422 mean = [-5.05819 4.87269 7.53465] covariance = [[1.43581 0.461841 0.395287][0.461841 1.71484 0.39072][0.395287 0.39072 3.29088]]
weight = 0.236806 mean = [-2.95666 1.57049 -2.34067] covariance = [[2.9763 0.388076 1.27832][0.388076 5.03722 1.06665][1.27832 1.06665 2.27994]]
weight = 0.00741837 mean = [0.257791 -0.726931 -3.60488] covariance = [[6.90734 1.39469 1.09453][1.39469 0.591385 0.231745][1.09453 0.231745 0.984761]]
]
2025-05-29 09:35:08 INFO  ren0 [gaussian_mixture_model.h:215] Before splitting
2025-05-29 09:35:08 INFO  ren0 [gaussian_mixture_model.h:216] GMM[
weight = 0.00299549 mean = [-3.37632 5.26485 6.79814] covariance = [[3.81276 0.129233 0.0623639][0.129233 1.33676 0.0406791][0.0623639 0.0406791 5.16757]]
weight = 0.0010193 mean = [-4.23979 5.26046 7.23662] covariance = [[1.78812 0.231813 0.604229][0.231813 1.52997 0.154298][0.604229 0.154298 5.14559]]
weight = 0.00872884 mean = [0.0715165 5.40447 5.12806] covariance = [[11.2626 1.63111 0.567251][1.63111 1.19863 0.46915][0.567251 0.46915 8.67556]]
weight = 0.235772 mean = [-4.2205 -0.146382 3.77711] covariance = [[0.422473 -0.162105 1.98905][-0.162105 0.794165 -2.13473][1.98905 -2.13473 11.9689]]
weight = 0.00551344 mean = [-2.64002 1.32802 6.64759] covariance = [[9.18914 -0.491807 4.05385][-0.491807 2.10013 -1.15009][4.05385 -1.15009 9.31122]]
weight = 0.0140458 mean = [2.09585 1.52013 0.0502148] covariance = [[7.95915 0.603678 -4.26884][0.603678 3.79513 -1.78457][-4.26884 -1.78457 15.9008]]
weight = 0.00164587 mean = [-4.93601 4.81951 7.14001] covariance = [[1.18611 0.57078 0.643072][0.57078 1.9851 0.702437][0.643072 0.702437 4.95316]]
weight = 0.336127 mean = [-2.98114 1.75712 -2.55537] covariance = [[2.67747 0.283569 1.0459][0.283569 4.21832 0.839571][1.0459 0.839571 2.2997]]
weight = 0.394152 mean = [-1.6632 -0.654775 -3.96251] covariance = [[0.400494 -0.0178576 -0.284189][-0.0178576 0.0244695 0.0872687][-0.284189 0.0872687 0.807155]]
]
2025-05-29 09:35:08 INFO  ren0 [gaussian_mixture_model.h:218] Before merging
2025-05-29 09:35:08 INFO  ren0 [gaussian_mixture_model.h:219] GMM[
weight = 0.00149775 mean = [-3.42978 5.251 5.66249] covariance = [[3.80705 0.127752 -0.059063][0.127752 1.33638 0.00922045][-0.059063 0.00922045 2.58818]]
weight = 0.0010193 mean = [-4.23979 5.26046 7.23662] covariance = [[1.78812 0.231813 0.604229][0.231813 1.52997 0.154298][0.604229 0.154298 5.14559]]
weight = 0.00872884 mean = [0.0715165 5.40447 5.12806] covariance = [[11.2626 1.63111 0.567251][1.63111 1.19863 0.46915][0.567251 0.46915 8.67556]]
weight = 0.235772 mean = [-4.2205 -0.146382 3.77711] covariance = [[0.422473 -0.162105 1.98905][-0.162105 0.794165 -2.13473][1.98905 -2.13473 11.9689]]
weight = 0.00149775 mean = [-3.32286 5.2787 7.93379] covariance = [[3.80705 0.127752 -0.059063][0.127752 1.33638 0.00922045][-0.059063 0.00922045 2.58818]]
weight = 0.00551344 mean = [-2.64002 1.32802 6.64759] covariance = [[9.18914 -0.491807 4.05385][-0.491807 2.10013 -1.15009][4.05385 -1.15009 9.31122]]
weight = 0.0140458 mean = [2.09585 1.52013 0.0502148] covariance = [[7.95915 0.603678 -4.26884][0.603678 3.79513 -1.78457][-4.26884 -1.78457 15.9008]]
weight = 0.00164587 mean = [-4.93601 4.81951 7.14001] covariance = [[1.18611 0.57078 0.643072][0.57078 1.9851 0.702437][0.643072 0.702437 4.95316]]
weight = 0.336127 mean = [-2.98114 1.75712 -2.55537] covariance = [[2.67747 0.283569 1.0459][0.283569 4.21832 0.839571][1.0459 0.839571 2.2997]]
weight = 0.394152 mean = [-1.6632 -0.654775 -3.96251] covariance = [[0.400494 -0.0178576 -0.284189][-0.0178576 0.0244695 0.0872687][-0.284189 0.0872687 0.807155]]
]
2025-05-29 09:35:08 INFO  ren0 [gaussian_mixture_model.h:215] Before splitting
2025-05-29 09:35:08 INFO  ren0 [gaussian_mixture_model.h:216] GMM[
weight = 0.00810513 mean = [-0.10367 5.37556 4.8835] covariance = [[10.138 1.35482 0.156971][1.35482 1.21371 0.533367][0.156971 0.533367 8.58091]]
weight = 0.255762 mean = [-4.04976 -0.103439 4.37893] covariance = [[0.323112 -0.17966 1.62671][-0.17966 1.1167 -2.81241][1.62671 -2.81241 11.7884]]
weight = 0.00466439 mean = [-2.62934 1.38785 6.28294] covariance = [[8.44744 -0.451944 3.63654][-0.451944 2.07155 -1.13229][3.63654 -1.13229 8.62808]]
weight = 0.0157876 mean = [2.23928 1.5224 -0.263775] covariance = [[6.73897 -0.329887 -2.38537][-0.329887 4.11997 -1.97953][-2.38537 -1.97953 13.4026]]
weight = 0.0030141 mean = [-3.98641 5.36483 6.9637] covariance = [[2.59978 1.04609 1.2051][1.04609 2.04414 1.06985][1.2051 1.06985 5.91758]]
weight = 0.252253 mean = [-3.04387 2.04496 -2.57891] covariance = [[2.87831 -0.0178245 0.787244][-0.0178245 4.40723 0.846967][0.787244 0.846967 2.5454]]
weight = 0.460414 mean = [-1.77911 -0.651541 -4.15085] covariance = [[0.21761 -0.00948356 -0.122145][-0.00948356 0.0124438 0.0437191][-0.122145 0.0437191 0.446999]]
]
2025-05-29 09:35:08 INFO  ren0 [gaussian_mixture_model.h:218] Before merging
2025-05-29 09:35:08 INFO  ren0 [gaussian_mixture_model.h:219] GMM[
weight = 0.00405256 mean = [1.47347 5.62125 5.09511] covariance = [[5.16322 0.579848 -0.51051][0.579848 1.093 0.429387][-0.51051 0.429387 8.49136]]
weight = 0.00233219 mean = [-3.83768 1.5803 5.02682] covariance = [[5.5273 0.0131371 0.600919][0.0131371 1.99749 -0.648818][0.600919 -0.648818 5.47243]]
weight = 0.00405256 mean = [-1.68081 5.12987 4.67189] covariance = [[5.16322 0.579848 -0.51051][0.579848 1.093 0.429387][-0.51051 0.429387 8.49136]]
weight = 0.255762 mean = [-4.04976 -0.103439 4.37893] covariance = [[0.323112 -0.17966 1.62671][-0.17966 1.1167 -2.81241][1.62671 -2.81241 11.7884]]
weight = 0.00789378 mean = [1.69991 1.19653 1.53137] covariance = [[6.15714 -0.68142 -0.448863][-0.68142 3.9076 -0.809553][-0.448863 -0.809553 6.95754]]
weight = 0.00233219 mean = [-1.42101 1.1954 7.53906] covariance = [[5.5273 0.0131371 0.600919][0.0131371 1.99749 -0.648818][0.600919 -0.648818 5.47243]]
weight = 0.00789378 mean = [2.77865 1.84828 -2.05892] covariance = [[6.15714 -0.68142 -0.448863][-0.68142 3.9076 -0.809553][-0.448863 -0.809553 6.95754]]
weight = 0.0030141 mean = [-3.98641 5.36483 6.9637] covariance = [[2.59978 1.04609 1.2051][1.04609 2.04414 1.06985][1.2051 1.06985 5.91758]]
weight = 0.252253 mean = [-3.04387 2.04496 -2.57891] covariance = [[2.87831 -0.0178245 0.787244][-0.0178245 4.40723 0.846967][0.787244 0.846967 2.5454]]
weight = 0.460414 mean = [-1.77911 -0.651541 -4.15085] covariance = [[0.21761 -0.00948356 -0.122145][-0.00948356 0.0124438 0.0437191][-0.122145 0.0437191 0.446999]]
]
2025-05-29 09:35:08 INFO  ren0 [gaussian_mixture_model.h:215] Before splitting
2025-05-29 09:35:08 INFO  ren0 [gaussian_mixture_model.h:216] GMM[
weight = 0.000927639 mean = [1.3338 5.58757 4.06483] covariance = [[4.04683 0.577741 -0.89685][0.577741 1.45038 -0.309292][-0.89685 -0.309292 10.84]]
weight = 0.000717021 mean = [-4.35838 1.49278 4.80216] covariance = [[3.65811 -0.356055 -0.472838][-0.356055 2.54787 0.318108][-0.472838 0.318108 13.8207]]
weight = 0.00449064 mean = [-0.577462 5.28545 4.63984] covariance = [[10.1886 1.44777 0.236827][1.44777 1.28462 0.431711][0.236827 0.431711 9.70908]]
weight = 0.224546 mean = [-3.87965 -0.0556014 4.96905] covariance = [[0.256695 -0.37864 1.73594][-0.37864 1.96966 -5.21031][1.73594 -5.21031 16.7239]]
weight = 0.00544225 mean = [-0.69511 0.117484 -0.190365] covariance = [[4.08824 1.73691 0.450456][1.73691 3.36829 -0.0590642][0.450456 -0.0590642 3.2906]]
weight = 0.00261332 mean = [-2.61535 1.42515 6.78243] covariance = [[8.46828 -0.202169 2.41756][-0.202169 2.01049 -0.830026][2.41756 -0.830026 8.41925]]
weight = 0.0118304 mean = [1.60536 1.48513 -0.99307] covariance = [[7.02685 0.733714 -1.67495][0.733714 4.7285 -1.90976][-1.67495 -1.90976 9.60606]]
weight = 0.00217992 mean = [-4.26411 5.16163 6.99198] covariance = [[2.67133 1.2595 0.894863][1.2595 2.14966 0.676812][0.894863 0.676812 7.07773]]
weight = 0.747253 mean = [-2.36834 0.249032 -2.72367] covariance = [[2.21835 -0.657179 0.258274][-0.657179 1.28624 0.147861][0.258274 0.147861 1.53517]]
]
2025-05-29 09:35:09 INFO  ren0 [gaussian_mixture_model.h:218] Before merging
2025-05-29 09:35:09 INFO  ren0 [gaussian_mixture_model.h:219] GMM[
weight = 0.00046382 mean = [1.55181 5.65408 2.42441] covariance = [[3.95179 0.54874 -0.181619][0.54874 1.44154 -0.0910647][-0.181619 -0.0910647 5.45804]]
weight = 0.000717021 mean = [-4.35838 1.49278 4.80216] covariance = [[3.65811 -0.356055 -0.472838][-0.356055 2.54787 0.318108][-0.472838 0.318108 13.8207]]
weight = 0.00449064 mean = [-0.577462 5.28545 4.63984] covariance = [[10.1886 1.44777 0.236827][1.44777 1.28462 0.431711][0.236827 0.431711 9.70908]]
weight = 0.224546 mean = [-3.87965 -0.0556014 4.96905] covariance = [[0.256695 -0.37864 1.73594][-0.37864 1.96966 -5.21031][1.73594 -5.21031 16.7239]]
weight = 0.00544225 mean = [-0.69511 0.117484 -0.190365] covariance = [[4.08824 1.73691 0.450456][1.73691 3.36829 -0.0590642][0.450456 -0.0590642 3.2906]]
weight = 0.00261332 mean = [-2.61535 1.42515 6.78243] covariance = [[8.46828 -0.202169 2.41756][-0.202169 2.01049 -0.830026][2.41756 -0.830026 8.41925]]
weight = 0.0118304 mean = [1.60536 1.48513 -0.99307] covariance = [[7.02685 0.733714 -1.67495][0.733714 4.7285 -1.90976][-1.67495 -1.90976 9.60606]]
weight = 0.00217992 mean = [-4.26411 5.16163 6.99198] covariance = [[2.67133 1.2595 0.894863][1.2595 2.14966 0.676812][0.894863 0.676812 7.07773]]
weight = 0.00046382 mean = [1.1158 5.52105 5.70525] covariance = [[3.95179 0.54874 -0.181619][0.54874 1.44154 -0.0910647][-0.181619 -0.0910647 5.45804]]
weight = 0.747253 mean = [-2.36834 0.249032 -2.72367] covariance = [[2.21835 -0.657179 0.258274][-0.657179 1.28624 0.147861][0.258274 0.147861 1.53517]]
]
2025-05-29 09:35:09 INFO  ren0 [gaussian_mixture_model.h:215] Before splitting
2025-05-29 09:35:09 INFO  ren0 [gaussian_mixture_model.h:216] GMM[
weight = 0.00128862 mean = [0.207912 6.23891 2.4451] covariance = [[5.21687 -1.02072 2.18167][-1.02072 1.73223 -1.7913][2.18167 -1.7913 10.7388]]
weight = 0.00621798 mean = [-1.07998 5.96263 2.99244] covariance = [[7.33109 0.245557 1.50435][0.245557 1.89097 -1.62201][1.50435 -1.62201 11.5749]]
weight = 0.184249 mean = [-3.87969 -0.0554259 4.96859] covariance = [[0.25671 -0.378725 1.73616][-0.378725 1.97009 -5.21147][1.73616 -5.21147 16.7269]]
weight = 0.0025992 mean = [-2.39514 1.39563 6.78416] covariance = [[9.8896 -0.657124 3.31468][-0.657124 2.12585 -1.00592][3.31468 -1.00592 8.58221]]
weight = 0.0131214 mean = [1.3826 1.81022 -1.07938] covariance = [[7.27163 0.0113356 -1.22945][0.0113356 6.19508 -1.67154][-1.22945 -1.67154 8.48564]]
weight = 0.00273492 mean = [-3.97913 5.727 6.3823] covariance = [[2.42258 1.47289 -0.720016][1.47289 2.59542 -0.386505][-0.720016 -0.386505 10.5365]]
weight = 8.93389e-05 mean = [-0.670162 6.59978 2.29091] covariance = [[4.39183 -1.75363 3.80674][-1.75363 1.81606 -2.63231][3.80674 -2.63231 9.96878]]
weight = 0.7897 mean = [-2.44458 -0.0816789 -2.75191] covariance = [[1.77847 -0.445056 0.21887][-0.445056 1.47478 0.133213][0.21887 0.133213 1.21158]]
]
2025-05-29 09:35:09 INFO  ren0 [gaussian_mixture_model.h:218] Before merging
2025-05-29 09:35:09 INFO  ren0 [gaussian_mixture_model.h:219] GMM[
weight = 0.000644312 mean = [0.779123 5.90111 4.03727] covariance = [[4.56432 -0.634823 0.362736][-0.634823 1.50403 -0.715663][0.362736 -0.715663 5.66883]]
weight = 0.000644312 mean = [-0.3633 6.5767 0.852931] covariance = [[4.56432 -0.634823 0.362736][-0.634823 1.50403 -0.715663][0.362736 -0.715663 5.66883]]
weight = 0.00310899 mean = [-0.585715 5.71455 4.65385] covariance = [[6.84251 0.490787 -0.138001][0.490787 1.76789 -0.797687][-0.138001 -0.797687 6.05424]]
weight = 0.184249 mean = [-3.87969 -0.0554259 4.96859] covariance = [[0.25671 -0.378725 1.73616][-0.378725 1.97009 -5.21147][1.73616 -5.21147 16.7269]]
weight = 0.00310899 mean = [-1.57424 6.21071 1.33102] covariance = [[6.84251 0.490787 -0.138001][0.490787 1.76789 -0.797687][-0.138001 -0.797687 6.05424]]
weight = 0.0025992 mean = [-2.39514 1.39563 6.78416] covariance = [[9.8896 -0.657124 3.31468][-0.657124 2.12585 -1.00592][3.31468 -1.00592 8.58221]]
weight = 0.0131214 mean = [1.3826 1.81022 -1.07938] covariance = [[7.27163 0.0113356 -1.22945][0.0113356 6.19508 -1.67154][-1.22945 -1.67154 8.48564]]
weight = 0.00273492 mean = [-3.97913 5.727 6.3823] covariance = [[2.42258 1.47289 -0.720016][1.47289 2.59542 -0.386505][-0.720016 -0.386505 10.5365]]
weight = 8.93389e-05 mean = [-0.670162 6.59978 2.29091] covariance = [[4.39183 -1.75363 3.80674][-1.75363 1.81606 -2.63231][3.80674 -2.63231 9.96878]]
weight = 0.7897 mean = [-2.44458 -0.0816789 -2.75191] covariance = [[1.77847 -0.445056 0.21887][-0.445056 1.47478 0.133213][0.21887 0.133213 1.21158]]
]
2025-05-29 09:35:09 INFO  ren0 [MIFocalGuidingPathTracer] GMM[
weight = 0.000644312 mean = [0.779123 5.90111 4.03727] covariance = [[4.56432 -0.634823 0.362736][-0.634823 1.50403 -0.715663][0.362736 -0.715663 5.66883]]
weight = 0.000644312 mean = [-0.3633 6.5767 0.852931] covariance = [[4.56432 -0.634823 0.362736][-0.634823 1.50403 -0.715663][0.362736 -0.715663 5.66883]]
weight = 0.00310899 mean = [-0.585715 5.71455 4.65385] covariance = [[6.84251 0.490787 -0.138001][0.490787 1.76789 -0.797687][-0.138001 -0.797687 6.05424]]
weight = 0.184249 mean = [-3.87969 -0.0554259 4.96859] covariance = [[0.25671 -0.378725 1.73616][-0.378725 1.97009 -5.21147][1.73616 -5.21147 16.7269]]
weight = 0.00310899 mean = [-1.57424 6.21071 1.33102] covariance = [[6.84251 0.490787 -0.138001][0.490787 1.76789 -0.797687][-0.138001 -0.797687 6.05424]]
weight = 0.0025992 mean = [-2.39514 1.39563 6.78416] covariance = [[9.8896 -0.657124 3.31468][-0.657124 2.12585 -1.00592][3.31468 -1.00592 8.58221]]
weight = 0.0131214 mean = [1.3826 1.81022 -1.07938] covariance = [[7.27163 0.0113356 -1.22945][0.0113356 6.19508 -1.67154][-1.22945 -1.67154 8.48564]]
weight = 0.00282425 mean = [-3.87446 5.75461 6.25288] covariance = [[2.82029 1.45929 -0.991528][1.45929 2.59411 -0.56693][-0.991528 -0.56693 11.0313]]
weight = 0.7897 mean = [-2.44458 -0.0816789 -2.75191] covariance = [[1.77847 -0.445056 0.21887][-0.445056 1.47478 0.133213][0.21887 0.133213 1.21158]]
]
2025-05-29 09:35:09 INFO  ren0 [octree.h:534] root weight: 2.652e+04 (26519.773438)
2025-05-29 09:35:09 INFO  ren0 [octree.h:535] splitting threshold: 2.652e+01 (26.519775)
2025-05-29 09:35:09 INFO  ren0 [octree.h:534] root weight: 4.846e+03 (4846.191895)
2025-05-29 09:35:09 INFO  ren0 [octree.h:535] splitting threshold: 4.846e+00 (4.846192)
2025-05-29 09:35:09 INFO  ren0 [octree.h:550] node count: 585 -> 989 -> 824

2025-05-29 09:35:09 INFO  ren0 [octree.h:550] node count: 585 -> 701 -> 632

2025-05-29 09:35:09 INFO  ren0 [MIFocalGuidingPathTracer] ITERATION 1, until 20.0 seconds
2025-05-29 09:35:34 INFO  ren0 [MIFocalGuidingPathTracer]   37.35 seconds elapsed, passes this iteration: 1, total passes: 4
2025-05-29 09:35:34 INFO  ren0 [MIFocalGuidingPathTracer] Got 42473 non-zero samples
2025-05-29 09:35:34 INFO  ren0 [gaussian_mixture_model.h:821] Processing mega batch of size 42473
2025-05-29 09:35:34 INFO  ren0 [gaussian_mixture_model.h:828] will process 1 batches
2025-05-29 09:35:34 INFO  ren0 [gaussian_mixture_model.h:215] Before splitting
2025-05-29 09:35:34 INFO  ren0 [gaussian_mixture_model.h:216] GMM[
weight = 6.41642e-05 mean = [1.35227 4.32449 -1.46133] covariance = [[0.244868 0.202712 -0.400291][0.202712 3.10482 -7.14834][-0.400291 -7.14834 19.9947]]
weight = 0.00100471 mean = [1.47411 5.34548 -3.88407] covariance = [[0.0943114 0.0922002 -0.134521][0.0922002 0.45155 -0.40451][-0.134521 -0.40451 0.444738]]
weight = 0.000312052 mean = [0.873911 2.32052 3.24199] covariance = [[1.27734 0.561221 -0.338539][0.561221 4.14401 -9.08651][-0.338539 -9.08651 25.33]]
weight = 3.93266e-05 mean = [-3.87789 0.129891 4.63076] covariance = [[0.255211 -0.321305 1.62184][-0.321305 2.74543 -6.4283][1.62184 -6.4283 18.535]]
weight = 0.00241523 mean = [1.37188 5.20069 -3.6784] covariance = [[0.50949 0.188624 -0.479379][0.188624 0.815869 -0.886922][-0.479379 -0.886922 1.38258]]
weight = 0.179797 mean = [-2.10582 0.0829857 5.84332] covariance = [[8.57911 2.21928 3.55163][2.21928 0.603497 0.780366][3.55163 0.780366 2.94462]]
weight = 0.379823 mean = [-0.0746243 1.50587 0.00974029] covariance = [[2.54031 1.96807 -3.29354][1.96807 4.22665 -4.8737][-3.29354 -4.8737 8.71383]]
weight = 6.25631e-05 mean = [-4.6254 0.37022 4.35489] covariance = [[1.36015 0.990615 -1.56892][0.990615 5.528 -2.56256][-1.56892 -2.56256 4.81287]]
weight = 0.436483 mean = [-1.70618 0.902089 -1.21859] covariance = [[2.58085 0.229132 1.33608][0.229132 0.466985 -0.594412][1.33608 -0.594412 3.19977]]
]
2025-05-29 09:35:34 INFO  ren0 [gaussian_mixture_model.h:218] Before merging
2025-05-29 09:35:34 INFO  ren0 [gaussian_mixture_model.h:219] GMM[
weight = 3.20821e-05 mean = [1.39961 5.14263 -3.69384] covariance = [[0.240395 0.125241 -0.188891][0.125241 1.76614 -3.49534][-0.188891 -3.49534 10.0265]]
weight = 0.00100471 mean = [1.47411 5.34548 -3.88407] covariance = [[0.0943114 0.0922002 -0.134521][0.0922002 0.45155 -0.40451][-0.134521 -0.40451 0.444738]]
weight = 0.000312052 mean = [0.873911 2.32052 3.24199] covariance = [[1.27734 0.561221 -0.338539][0.561221 4.14401 -9.08651][-0.338539 -9.08651 25.33]]
weight = 3.93266e-05 mean = [-3.87789 0.129891 4.63076] covariance = [[0.255211 -0.321305 1.62184][-0.321305 2.74543 -6.4283][1.62184 -6.4283 18.535]]
weight = 0.00241523 mean = [1.37188 5.20069 -3.6784] covariance = [[0.50949 0.188624 -0.479379][0.188624 0.815869 -0.886922][-0.479379 -0.886922 1.38258]]
weight = 0.179797 mean = [-2.10582 0.0829857 5.84332] covariance = [[8.57911 2.21928 3.55163][2.21928 0.603497 0.780366][3.55163 0.780366 2.94462]]
weight = 0.379823 mean = [-0.0746243 1.50587 0.00974029] covariance = [[2.54031 1.96807 -3.29354][1.96807 4.22665 -4.8737][-3.29354 -4.8737 8.71383]]
weight = 3.20821e-05 mean = [1.30492 3.50636 0.771184] covariance = [[0.240395 0.125241 -0.188891][0.125241 1.76614 -3.49534][-0.188891 -3.49534 10.0265]]
weight = 6.25631e-05 mean = [-4.6254 0.37022 4.35489] covariance = [[1.36015 0.990615 -1.56892][0.990615 5.528 -2.56256][-1.56892 -2.56256 4.81287]]
weight = 0.436483 mean = [-1.70618 0.902089 -1.21859] covariance = [[2.58085 0.229132 1.33608][0.229132 0.466985 -0.594412][1.33608 -0.594412 3.19977]]
]
2025-05-29 09:35:34 INFO  ren0 [MIFocalGuidingPathTracer] GMM[
weight = 3.20821e-05 mean = [1.39961 5.14263 -3.69384] covariance = [[0.240395 0.125241 -0.188891][0.125241 1.76614 -3.49534][-0.188891 -3.49534 10.0265]]
weight = 0.000312052 mean = [0.873911 2.32052 3.24199] covariance = [[1.27734 0.561221 -0.338539][0.561221 4.14401 -9.08651][-0.338539 -9.08651 25.33]]
weight = 3.93266e-05 mean = [-3.87789 0.129891 4.63076] covariance = [[0.255211 -0.321305 1.62184][-0.321305 2.74543 -6.4283][1.62184 -6.4283 18.535]]
weight = 0.00341994 mean = [1.40192 5.24323 -3.73882] covariance = [[0.389697 0.163368 -0.382429][0.163368 0.713198 -0.751377][-0.382429 -0.751377 1.11585]]
weight = 0.179797 mean = [-2.10582 0.0829857 5.84332] covariance = [[8.57911 2.21928 3.55163][2.21928 0.603497 0.780366][3.55163 0.780366 2.94462]]
weight = 0.379822 mean = [-0.0746243 1.50587 0.00974029] covariance = [[2.54031 1.96807 -3.29354][1.96807 4.22665 -4.8737][-3.29354 -4.8737 8.71383]]
weight = 3.20821e-05 mean = [1.30492 3.50636 0.771184] covariance = [[0.240395 0.125241 -0.188891][0.125241 1.76614 -3.49534][-0.188891 -3.49534 10.0265]]
weight = 6.2563e-05 mean = [-4.6254 0.37022 4.35489] covariance = [[1.36015 0.990615 -1.56892][0.990615 5.528 -2.56256][-1.56892 -2.56256 4.81287]]
weight = 0.436482 mean = [-1.70618 0.902089 -1.21859] covariance = [[2.58085 0.229132 1.33608][0.229132 0.466985 -0.594412][1.33608 -0.594412 3.19977]]
]
2025-05-29 09:35:34 INFO  ren0 [octree.h:534] root weight: 1.562e+06 (1561840.250000)
2025-05-29 09:35:34 INFO  ren0 [octree.h:535] splitting threshold: 1.562e+03 (1561.840332)
2025-05-29 09:35:34 INFO  ren0 [octree.h:534] root weight: 1.551e+06 (1550869.500000)
2025-05-29 09:35:34 INFO  ren0 [octree.h:535] splitting threshold: 1.551e+03 (1550.869629)
2025-05-29 09:35:34 INFO  ren0 [octree.h:550] node count: 824 -> 989 -> 961

2025-05-29 09:35:34 INFO  ren0 [octree.h:550] node count: 632 -> 997 -> 988

2025-05-29 09:35:34 INFO  ren0 [MIFocalGuidingPathTracer] ITERATION 2, until 30.0 seconds
2025-05-29 09:36:00 INFO  ren0 [MIFocalGuidingPathTracer]   63.79 seconds elapsed, passes this iteration: 1, total passes: 5
2025-05-29 09:36:00 INFO  ren0 [MIFocalGuidingPathTracer] Got 92716 non-zero samples
2025-05-29 09:36:00 INFO  ren0 [gaussian_mixture_model.h:821] Processing mega batch of size 92716
2025-05-29 09:36:00 INFO  ren0 [gaussian_mixture_model.h:828] will process 1 batches
2025-05-29 09:36:00 INFO  ren0 [gaussian_mixture_model.h:215] Before splitting
2025-05-29 09:36:00 INFO  ren0 [gaussian_mixture_model.h:216] GMM[
weight = 6.43365e-05 mean = [1.35272 4.3224 -1.45041] covariance = [[0.244813 0.201703 -0.396644][0.201703 3.09973 -7.13926][-0.396644 -7.13926 19.993]]
weight = 0.000476466 mean = [1.53979 2.76502 4.62828] covariance = [[2.12198 1.06732 1.21183][1.06732 4.20219 -5.84324][1.21183 -5.84324 22.9089]]
weight = 4.02238e-05 mean = [-3.88806 0.195272 4.46789] covariance = [[0.257527 -0.340033 1.66562][-0.340033 2.88264 -6.75936][1.66562 -6.75936 19.3265]]
weight = 0.0024175 mean = [1.37172 5.19988 -3.67733] covariance = [[0.509457 0.188787 -0.479407][0.188787 0.816184 -0.887205][-0.479407 -0.887205 1.3827]]
weight = 0.179729 mean = [-2.10573 0.0830128 5.84332] covariance = [[8.57999 2.21955 3.55166][2.21955 0.603585 0.780348][3.55166 0.780348 2.94492]]
weight = 0.380396 mean = [-0.0746883 1.50934 0.00701222] covariance = [[2.55069 1.96128 -3.28864][1.96128 4.23448 -4.87139][-3.28864 -4.87139 8.71477]]
weight = 1.63822e-06 mean = [1.61582 2.93054 4.68581] covariance = [[0.178592 0.0191903 0.304454][0.0191903 0.781278 -1.10588][0.304454 -1.10588 5.17982]]
weight = 0.000138089 mean = [-4.4443 2.57594 4.95364] covariance = [[1.78765 1.47578 0.0566805][1.47578 8.67961 -2.23193][0.0566805 -2.23193 12.3941]]
weight = 0.436737 mean = [-1.70932 0.90316 -1.22036] covariance = [[2.59426 0.22424 1.34368][0.22424 0.468773 -0.596941][1.34368 -0.596941 3.20393]]
]
2025-05-29 09:36:00 INFO  ren0 [gaussian_mixture_model.h:218] Before merging
2025-05-29 09:36:00 INFO  ren0 [gaussian_mixture_model.h:219] GMM[
weight = 3.21682e-05 mean = [1.39967 5.13958 -3.68283] covariance = [[0.240414 0.124967 -0.187013][0.124967 1.76416 -3.49068][-0.187013 -3.49068 10.0256]]
weight = 3.21682e-05 mean = [1.30576 3.50521 0.782] covariance = [[0.240414 0.124967 -0.187013][0.124967 1.76416 -3.49068][-0.187013 -3.49068 10.0256]]
weight = 0.000476466 mean = [1.53979 2.76502 4.62828] covariance = [[2.12198 1.06732 1.21183][1.06732 4.20219 -5.84324][1.21183 -5.84324 22.9089]]
weight = 4.02238e-05 mean = [-3.88806 0.195272 4.46789] covariance = [[0.257527 -0.340033 1.66562][-0.340033 2.88264 -6.75936][1.66562 -6.75936 19.3265]]
weight = 0.0024175 mean = [1.37172 5.19988 -3.67733] covariance = [[0.509457 0.188787 -0.479407][0.188787 0.816184 -0.887205][-0.479407 -0.887205 1.3827]]
weight = 0.179729 mean = [-2.10573 0.0830128 5.84332] covariance = [[8.57999 2.21955 3.55166][2.21955 0.603585 0.780348][3.55166 0.780348 2.94492]]
weight = 0.380396 mean = [-0.0746883 1.50934 0.00701222] covariance = [[2.55069 1.96128 -3.28864][1.96128 4.23448 -4.87139][-3.28864 -4.87139 8.71477]]
weight = 1.63822e-06 mean = [1.61582 2.93054 4.68581] covariance = [[0.178592 0.0191903 0.304454][0.0191903 0.781278 -1.10588][0.304454 -1.10588 5.17982]]
weight = 0.000138089 mean = [-4.4443 2.57594 4.95364] covariance = [[1.78765 1.47578 0.0566805][1.47578 8.67961 -2.23193][0.0566805 -2.23193 12.3941]]
weight = 0.436737 mean = [-1.70932 0.90316 -1.22036] covariance = [[2.59426 0.22424 1.34368][0.22424 0.468773 -0.596941][1.34368 -0.596941 3.20393]]
]
2025-05-29 09:36:00 INFO  ren0 [MIFocalGuidingPathTracer] GMM[
weight = 3.21682e-05 mean = [1.39967 5.13958 -3.68283] covariance = [[0.240414 0.124967 -0.187013][0.124967 1.76416 -3.49068][-0.187013 -3.49068 10.0256]]
weight = 3.21682e-05 mean = [1.30576 3.50521 0.782] covariance = [[0.240414 0.124967 -0.187013][0.124967 1.76416 -3.49068][-0.187013 -3.49068 10.0256]]
weight = 4.02238e-05 mean = [-3.88806 0.195272 4.46789] covariance = [[0.257527 -0.340033 1.66562][-0.340033 2.88264 -6.75936][1.66562 -6.75936 19.3265]]
weight = 0.0024175 mean = [1.37172 5.19988 -3.67733] covariance = [[0.509457 0.188787 -0.479407][0.188787 0.816184 -0.887205][-0.479407 -0.887205 1.3827]]
weight = 0.179729 mean = [-2.10573 0.0830128 5.84332] covariance = [[8.57999 2.21955 3.55166][2.21955 0.603585 0.780348][3.55166 0.780348 2.94492]]
weight = 0.380396 mean = [-0.0746883 1.50934 0.00701222] covariance = [[2.55069 1.96128 -3.28864][1.96128 4.23448 -4.87139][-3.28864 -4.87139 8.71477]]
weight = 0.000478104 mean = [1.54005 2.76559 4.62848] covariance = [[2.11535 1.06377 1.20873][1.06377 4.19057 -5.82697][1.20873 -5.82697 22.8482]]
weight = 0.000138089 mean = [-4.4443 2.57594 4.95364] covariance = [[1.78765 1.47578 0.0566805][1.47578 8.67961 -2.23193][0.0566805 -2.23193 12.3941]]
weight = 0.436737 mean = [-1.70932 0.90316 -1.22036] covariance = [[2.59426 0.22424 1.34368][0.22424 0.468773 -0.596941][1.34368 -0.596941 3.20393]]
]
2025-05-29 09:36:00 INFO  ren0 [octree.h:534] root weight: 7.813e+05 (781259.687500)
2025-05-29 09:36:00 INFO  ren0 [octree.h:535] splitting threshold: 7.813e+02 (781.259705)
2025-05-29 09:36:00 INFO  ren0 [octree.h:534] root weight: 7.758e+05 (775833.500000)
2025-05-29 09:36:00 INFO  ren0 [octree.h:535] splitting threshold: 7.758e+02 (775.833557)
2025-05-29 09:36:00 INFO  ren0 [octree.h:550] node count: 961 -> 961 -> 961

2025-05-29 09:36:00 INFO  ren0 [octree.h:550] node count: 988 -> 988 -> 988

2025-05-29 09:36:00 INFO  ren0 [MIFocalGuidingPathTracer] ITERATION 3, until 40.0 seconds
2025-05-29 09:36:28 INFO  ren0 [MIFocalGuidingPathTracer]   91.95 seconds elapsed, passes this iteration: 1, total passes: 6
2025-05-29 09:36:28 INFO  ren0 [MIFocalGuidingPathTracer] Got 94090 non-zero samples
2025-05-29 09:36:28 INFO  ren0 [gaussian_mixture_model.h:821] Processing mega batch of size 94090
2025-05-29 09:36:28 INFO  ren0 [gaussian_mixture_model.h:828] will process 1 batches
2025-05-29 09:36:28 INFO  ren0 [gaussian_mixture_model.h:215] Before splitting
2025-05-29 09:36:28 INFO  ren0 [gaussian_mixture_model.h:216] GMM[
weight = 6.44372e-05 mean = [1.35313 4.32364 -1.44397] covariance = [[0.244377 0.201142 -0.39413][0.201142 3.0915 -7.11122][-0.39413 -7.11122 19.9233]]
weight = 1.0809e-06 mean = [1.36587 2.93989 3.33249] covariance = [[0.189309 0.236269 -0.328057][0.236269 3.01456 -4.94386][-0.328057 -4.94386 10.5752]]
weight = 5.49219e-05 mean = [-3.86037 1.16781 2.79335] covariance = [[0.20195 -0.172033 1.13148][-0.172033 4.71108 -9.41137][1.13148 -9.41137 21.9824]]
weight = 0.0024155 mean = [1.37082 5.19796 -3.67426] covariance = [[0.509892 0.188862 -0.479773][0.188862 0.817122 -0.888207][-0.479773 -0.888207 1.3842]]
weight = 0.179129 mean = [-2.10579 0.0829928 5.84346] covariance = [[8.5818 2.2201 3.55137][2.2201 0.603775 0.780164][3.55137 0.780164 2.94638]]
weight = 0.381 mean = [-0.0717923 1.51674 -0.00198525] covariance = [[2.57792 1.9512 -3.2924][1.9512 4.24355 -4.86521][-3.2924 -4.86521 8.71811]]
weight = 0.000276592 mean = [2.78702 4.71417 5.51483] covariance = [[3.02724 2.27521 -1.62803][2.27521 6.37436 -5.01572][-1.62803 -5.01572 8.70333]]
weight = 0.000969965 mean = [-5.05613 4.25325 1.58719] covariance = [[1.64219 0.990954 1.76244][0.990954 5.44696 -0.4184][1.76244 -0.4184 18.2394]]
weight = 0.436089 mean = [-1.71254 0.90336 -1.22279] covariance = [[2.61114 0.223569 1.35154][0.223569 0.470705 -0.597701][1.35154 -0.597701 3.20937]]
]
2025-05-29 09:36:28 INFO  ren0 [gaussian_mixture_model.h:218] Before merging
2025-05-29 09:36:28 INFO  ren0 [gaussian_mixture_model.h:219] GMM[
weight = 3.22186e-05 mean = [1.3999 5.1392 -3.67246] covariance = [[0.240013 0.124863 -0.185702][0.124863 1.76121 -3.47625][-0.185702 -3.47625 9.99093]]
weight = 1.0809e-06 mean = [1.36587 2.93989 3.33249] covariance = [[0.189309 0.236269 -0.328057][0.236269 3.01456 -4.94386][-0.328057 -4.94386 10.5752]]
weight = 3.22186e-05 mean = [1.30637 3.50807 0.784522] covariance = [[0.240013 0.124863 -0.185702][0.124863 1.76121 -3.47625][-0.185702 -3.47625 9.99093]]
weight = 5.49219e-05 mean = [-3.86037 1.16781 2.79335] covariance = [[0.20195 -0.172033 1.13148][-0.172033 4.71108 -9.41137][1.13148 -9.41137 21.9824]]
weight = 0.0024155 mean = [1.37082 5.19796 -3.67426] covariance = [[0.509892 0.188862 -0.479773][0.188862 0.817122 -0.888207][-0.479773 -0.888207 1.3842]]
weight = 0.179129 mean = [-2.10579 0.0829928 5.84346] covariance = [[8.5818 2.2201 3.55137][2.2201 0.603775 0.780164][3.55137 0.780164 2.94638]]
weight = 0.381 mean = [-0.0717923 1.51674 -0.00198525] covariance = [[2.57792 1.9512 -3.2924][1.9512 4.24355 -4.86521][-3.2924 -4.86521 8.71811]]
weight = 0.000276592 mean = [2.78702 4.71417 5.51483] covariance = [[3.02724 2.27521 -1.62803][2.27521 6.37436 -5.01572][-1.62803 -5.01572 8.70333]]
weight = 0.000969965 mean = [-5.05613 4.25325 1.58719] covariance = [[1.64219 0.990954 1.76244][0.990954 5.44696 -0.4184][1.76244 -0.4184 18.2394]]
weight = 0.436089 mean = [-1.71254 0.90336 -1.22279] covariance = [[2.61114 0.223569 1.35154][0.223569 0.470705 -0.597701][1.35154 -0.597701 3.20937]]
]
2025-05-29 09:36:28 INFO  ren0 [MIFocalGuidingPathTracer] GMM[
weight = 3.22187e-05 mean = [1.3999 5.1392 -3.67246] covariance = [[0.240013 0.124863 -0.185702][0.124863 1.76121 -3.47625][-0.185702 -3.47625 9.99093]]
weight = 3.22187e-05 mean = [1.30637 3.50807 0.784522] covariance = [[0.240013 0.124863 -0.185702][0.124863 1.76121 -3.47625][-0.185702 -3.47625 9.99093]]
weight = 5.49219e-05 mean = [-3.86037 1.16781 2.79335] covariance = [[0.20195 -0.172033 1.13148][-0.172033 4.71108 -9.41137][1.13148 -9.41137 21.9824]]
weight = 0.0024155 mean = [1.37082 5.19796 -3.67426] covariance = [[0.509892 0.188862 -0.479773][0.188862 0.817122 -0.888207][-0.479773 -0.888207 1.3842]]
weight = 0.179129 mean = [-2.10579 0.0829928 5.84346] covariance = [[8.5818 2.2201 3.55137][2.2201 0.603775 0.780164][3.55137 0.780164 2.94638]]
weight = 0.000276593 mean = [2.78702 4.71417 5.51483] covariance = [[3.02724 2.27521 -1.62803][2.27521 6.37436 -5.01572][-1.62803 -5.01572 8.70333]]
weight = 0.000969967 mean = [-5.05613 4.25325 1.58719] covariance = [[1.64219 0.990954 1.76244][0.990954 5.44696 -0.4184][1.76244 -0.4184 18.2394]]
weight = 0.81709 mean = [-0.947476 1.18937 -0.653541] covariance = [[3.26561 1.2796 -0.315402][1.2796 2.32358 -2.40124][-0.315402 -2.40124 6.14894]]
]
2025-05-29 09:36:28 INFO  ren0 [octree.h:534] root weight: 3.913e+05 (391288.625000)
2025-05-29 09:36:28 INFO  ren0 [octree.h:535] splitting threshold: 3.913e+02 (391.288635)
2025-05-29 09:36:28 INFO  ren0 [octree.h:534] root weight: 3.882e+05 (388226.875000)
2025-05-29 09:36:28 INFO  ren0 [octree.h:535] splitting threshold: 3.882e+02 (388.226898)
2025-05-29 09:36:28 INFO  ren0 [octree.h:550] node count: 961 -> 961 -> 961

2025-05-29 09:36:28 INFO  ren0 [octree.h:550] node count: 988 -> 988 -> 988

2025-05-29 09:36:28 INFO  ren0 [MIFocalGuidingPathTracer] ITERATION 4, until 50.0 seconds
2025-05-29 09:36:52 INFO  ren0 [MIFocalGuidingPathTracer]   116.05 seconds elapsed, passes this iteration: 1, total passes: 7
2025-05-29 09:36:52 INFO  ren0 [MIFocalGuidingPathTracer] Got 99224 non-zero samples
2025-05-29 09:36:52 INFO  ren0 [gaussian_mixture_model.h:821] Processing mega batch of size 99224
2025-05-29 09:36:52 INFO  ren0 [gaussian_mixture_model.h:828] will process 1 batches
2025-05-29 09:36:52 INFO  ren0 [gaussian_mixture_model.h:215] Before splitting
2025-05-29 09:36:52 INFO  ren0 [gaussian_mixture_model.h:216] GMM[
weight = 0.000110122 mean = [1.35558 4.41357 -1.36775] covariance = [[0.255771 0.204322 -0.385957][0.204322 3.00929 -6.54913][-0.385957 -6.54913 18.6063]]
weight = 2.04149e-05 mean = [1.1167 3.98085 2.61632] covariance = [[0.354076 0.443955 -0.869349][0.443955 2.90048 -5.46144][-0.869349 -5.46144 11.992]]
weight = 0.000115794 mean = [-3.74922 1.71654 2.22882] covariance = [[0.294532 -0.0288055 1.23113][-0.0288055 4.90209 -9.1854][1.23113 -9.1854 21.9309]]
weight = 0.00394529 mean = [1.34846 5.2075 -3.65728] covariance = [[0.529024 0.164443 -0.475539][0.164443 0.841607 -0.887036][-0.475539 -0.887036 1.38102]]
weight = 0.281966 mean = [-2.12212 0.0778631 5.83612] covariance = [[8.61324 2.23075 3.56888][2.23075 0.607574 0.785503][3.56888 0.785503 2.95256]]
weight = 0.00337211 mean = [1.97162 5.2358 5.76739] covariance = [[3.09777 -0.261433 -0.379842][-0.261433 4.87082 -3.58281][-0.379842 -3.58281 8.93739]]
weight = 0.00753406 mean = [-4.35511 4.59714 2.61025] covariance = [[2.29929 1.53819 1.72193][1.53819 3.66131 -0.741845][1.72193 -0.741845 14.6437]]
weight = 0.702937 mean = [-1.67201 0.95156 -1.2315] covariance = [[2.82482 0.310778 1.30358][0.310778 0.64555 -0.643179][1.30358 -0.643179 3.37132]]
]
2025-05-29 09:36:52 INFO  ren0 [gaussian_mixture_model.h:218] Before merging
2025-05-29 09:36:52 INFO  ren0 [gaussian_mixture_model.h:219] GMM[
weight = 5.50608e-05 mean = [1.40335 5.19764 -3.52021] covariance = [[0.251217 0.129412 -0.180315][0.129412 1.77975 -3.17375][-0.180315 -3.17375 9.34015]]
weight = 5.50608e-05 mean = [1.30781 3.62949 0.784706] covariance = [[0.251217 0.129412 -0.180315][0.129412 1.77975 -3.17375][-0.180315 -3.17375 9.34015]]
weight = 1.02075e-05 mean = [1.24714 4.7906 0.889491] covariance = [[0.320056 0.232701 -0.418843][0.232701 1.58908 -2.66481][-0.418843 -2.66481 6.02812]]
weight = 0.000115794 mean = [-3.74922 1.71654 2.22882] covariance = [[0.294532 -0.0288055 1.23113][-0.0288055 4.90209 -9.1854][1.23113 -9.1854 21.9309]]
weight = 0.00394529 mean = [1.34846 5.2075 -3.65728] covariance = [[0.529024 0.164443 -0.475539][0.164443 0.841607 -0.887036][-0.475539 -0.887036 1.38102]]
weight = 0.281966 mean = [-2.12212 0.0778631 5.83612] covariance = [[8.61324 2.23075 3.56888][2.23075 0.607574 0.785503][3.56888 0.785503 2.95256]]
weight = 1.02075e-05 mean = [0.986254 3.17109 4.34316] covariance = [[0.320056 0.232701 -0.418843][0.232701 1.58908 -2.66481][-0.418843 -2.66481 6.02812]]
weight = 0.00337211 mean = [1.97162 5.2358 5.76739] covariance = [[3.09777 -0.261433 -0.379842][-0.261433 4.87082 -3.58281][-0.379842 -3.58281 8.93739]]
weight = 0.00753406 mean = [-4.35511 4.59714 2.61025] covariance = [[2.29929 1.53819 1.72193][1.53819 3.66131 -0.741845][1.72193 -0.741845 14.6437]]
weight = 0.702937 mean = [-1.67201 0.95156 -1.2315] covariance = [[2.82482 0.310778 1.30358][0.310778 0.64555 -0.643179][1.30358 -0.643179 3.37132]]
]
2025-05-29 09:36:52 INFO  ren0 [MIFocalGuidingPathTracer] GMM[
weight = 5.50608e-05 mean = [1.40335 5.19764 -3.52021] covariance = [[0.251217 0.129412 -0.180315][0.129412 1.77975 -3.17375][-0.180315 -3.17375 9.34015]]
weight = 5.50608e-05 mean = [1.30781 3.62949 0.784706] covariance = [[0.251217 0.129412 -0.180315][0.129412 1.77975 -3.17375][-0.180315 -3.17375 9.34015]]
weight = 1.02075e-05 mean = [1.24714 4.7906 0.889491] covariance = [[0.320056 0.232701 -0.418843][0.232701 1.58908 -2.66481][-0.418843 -2.66481 6.02812]]
weight = 0.000115794 mean = [-3.74922 1.71654 2.22882] covariance = [[0.294532 -0.0288055 1.23113][-0.0288055 4.90209 -9.1854][1.23113 -9.1854 21.9309]]
weight = 0.00394529 mean = [1.34846 5.2075 -3.65728] covariance = [[0.529024 0.164443 -0.475539][0.164443 0.841607 -0.887036][-0.475539 -0.887036 1.38102]]
weight = 0.281966 mean = [-2.12212 0.0778631 5.83612] covariance = [[8.61324 2.23075 3.56888][2.23075 0.607574 0.785503][3.56888 0.785503 2.95256]]
weight = 1.02075e-05 mean = [0.986254 3.17109 4.34316] covariance = [[0.320056 0.232701 -0.418843][0.232701 1.58908 -2.66481][-0.418843 -2.66481 6.02812]]
weight = 0.0109062 mean = [-2.39893 4.79461 3.58642] covariance = [[11.0958 1.84481 5.33846][1.84481 4.12242 -1.18958][5.33846 -1.18958 15.0083]]
weight = 0.702937 mean = [-1.67201 0.95156 -1.2315] covariance = [[2.82482 0.310778 1.30358][0.310778 0.64555 -0.643179][1.30358 -0.643179 3.37132]]
]
2025-05-29 09:36:52 INFO  ren0 [octree.h:534] root weight: 1.965e+05 (196509.265625)
2025-05-29 09:36:52 INFO  ren0 [octree.h:535] splitting threshold: 1.965e+02 (196.509277)
2025-05-29 09:36:52 INFO  ren0 [octree.h:534] root weight: 1.945e+05 (194470.500000)
2025-05-29 09:36:52 INFO  ren0 [octree.h:535] splitting threshold: 1.945e+02 (194.470505)
2025-05-29 09:36:52 INFO  ren0 [octree.h:550] node count: 961 -> 961 -> 961

2025-05-29 09:36:52 INFO  ren0 [octree.h:550] node count: 988 -> 988 -> 988

2025-05-29 09:36:52 INFO  ren0 [MIFocalGuidingPathTracer] ITERATION 5, until 60.0 seconds
2025-05-29 09:37:19 INFO  ren0 [MIFocalGuidingPathTracer]   142.45 seconds elapsed, passes this iteration: 1, total passes: 8
2025-05-29 09:37:19 INFO  ren0 [MIFocalGuidingPathTracer] Got 51185 non-zero samples
2025-05-29 09:37:19 INFO  ren0 [gaussian_mixture_model.h:821] Processing mega batch of size 51185
2025-05-29 09:37:19 INFO  ren0 [gaussian_mixture_model.h:828] will process 1 batches
2025-05-29 09:37:19 INFO  ren0 [gaussian_mixture_model.h:215] Before splitting
2025-05-29 09:37:19 INFO  ren0 [gaussian_mixture_model.h:216] GMM[
weight = 0.00014163 mean = [1.38642 4.33085 -1.21481] covariance = [[0.276005 0.17196 -0.171238][0.17196 2.36104 -4.82112][-0.171238 -4.82112 14.1448]]
weight = 6.83749e-05 mean = [1.63686 3.90547 0.532112] covariance = [[0.443671 0.103367 0.530844][0.103367 0.611182 -0.668509][0.530844 -0.668509 4.43507]]
weight = 3.26828e-05 mean = [1.38491 4.25376 1.90311] covariance = [[0.603247 0.311432 -0.581742][0.311432 2.06097 -3.91314][-0.581742 -3.91314 8.75592]]
weight = 0.000122348 mean = [-3.75429 1.94377 1.79101] covariance = [[0.276823 -0.0103501 1.12659][-0.0103501 4.735 -8.79844][1.12659 -8.79844 20.7909]]
weight = 0.00463388 mean = [1.30194 4.92645 -3.28125] covariance = [[0.481739 0.177151 -0.450989][0.177151 1.04644 -1.18147][-0.450989 -1.18147 1.76977]]
weight = 0.260533 mean = [-2.11477 0.0806106 5.83497] covariance = [[8.64857 2.2452 3.55721][2.2452 0.613347 0.781865][3.55721 0.781865 2.95026]]
weight = 8.71411e-06 mean = [1.77595 3.85951 3.06104] covariance = [[0.728895 0.235153 -0.500673][0.235153 0.863991 -2.04725][-0.500673 -2.04725 6.41695]]
weight = 0.0458462 mean = [-3.28425 4.97437 0.837398] covariance = [[4.20303 0.989578 0.180736][0.989578 3.69364 -3.54895][0.180736 -3.54895 12.3176]]
weight = 0.688613 mean = [-1.58973 1.04829 -1.36031] covariance = [[3.00294 0.407388 1.1399][0.407388 0.830056 -0.884225][1.1399 -0.884225 3.68812]]
]
2025-05-29 09:37:19 INFO  ren0 [gaussian_mixture_model.h:218] Before merging
2025-05-29 09:37:19 INFO  ren0 [gaussian_mixture_model.h:219] GMM[
weight = 7.08151e-05 mean = [1.4144 5.00062 -3.09041] covariance = [[0.274449 0.134475 -0.0662659][0.134475 1.46385 -2.30866][-0.0662659 -2.30866 7.10909]]
weight = 6.83749e-05 mean = [1.63686 3.90547 0.532112] covariance = [[0.443671 0.103367 0.530844][0.103367 0.611182 -0.668509][0.530844 -0.668509 4.43507]]
weight = 3.26828e-05 mean = [1.38491 4.25376 1.90311] covariance = [[0.603247 0.311432 -0.581742][0.311432 2.06097 -3.91314][-0.581742 -3.91314 8.75592]]
weight = 0.000122348 mean = [-3.75429 1.94377 1.79101] covariance = [[0.276823 -0.0103501 1.12659][-0.0103501 4.735 -8.79844][1.12659 -8.79844 20.7909]]
weight = 0.00463388 mean = [1.30194 4.92645 -3.28125] covariance = [[0.481739 0.177151 -0.450989][0.177151 1.04644 -1.18147][-0.450989 -1.18147 1.76977]]
weight = 0.260533 mean = [-2.11477 0.0806106 5.83497] covariance = [[8.64857 2.2452 3.55721][2.2452 0.613347 0.781865][3.55721 0.781865 2.95026]]
weight = 8.71411e-06 mean = [1.77595 3.85951 3.06104] covariance = [[0.728895 0.235153 -0.500673][0.235153 0.863991 -2.04725][-0.500673 -2.04725 6.41695]]
weight = 7.08151e-05 mean = [1.35844 3.66107 0.660785] covariance = [[0.274449 0.134475 -0.0662659][0.134475 1.46385 -2.30866][-0.0662659 -2.30866 7.10909]]
weight = 0.0458462 mean = [-3.28425 4.97437 0.837398] covariance = [[4.20303 0.989578 0.180736][0.989578 3.69364 -3.54895][0.180736 -3.54895 12.3176]]
weight = 0.688613 mean = [-1.58973 1.04829 -1.36031] covariance = [[3.00294 0.407388 1.1399][0.407388 0.830056 -0.884225][1.1399 -0.884225 3.68812]]
]
2025-05-29 09:37:19 INFO  ren0 [MIFocalGuidingPathTracer] GMM[
weight = 7.08151e-05 mean = [1.4144 5.00062 -3.09041] covariance = [[0.274449 0.134475 -0.0662659][0.134475 1.46385 -2.30866][-0.0662659 -2.30866 7.10909]]
weight = 6.83749e-05 mean = [1.63686 3.90547 0.532112] covariance = [[0.443671 0.103367 0.530844][0.103367 0.611182 -0.668509][0.530844 -0.668509 4.43507]]
weight = 0.000122348 mean = [-3.75429 1.94377 1.79101] covariance = [[0.276823 -0.0103501 1.12659][-0.0103501 4.735 -8.79844][1.12659 -8.79844 20.7909]]
weight = 0.00463388 mean = [1.30194 4.92645 -3.28125] covariance = [[0.481739 0.177151 -0.450989][0.177151 1.04644 -1.18147][-0.450989 -1.18147 1.76977]]
weight = 0.260533 mean = [-2.11477 0.0806106 5.83497] covariance = [[8.64857 2.2452 3.55721][2.2452 0.613347 0.781865][3.55721 0.781865 2.95026]]
weight = 4.13969e-05 mean = [1.46723 4.17077 2.14685] covariance = [[0.655118 0.269754 -0.489426][0.269754 1.83484 -3.59624][-0.489426 -3.59624 8.4864]]
weight = 7.08151e-05 mean = [1.35844 3.66107 0.660785] covariance = [[0.274449 0.134475 -0.0662659][0.134475 1.46385 -2.30866][-0.0662659 -2.30866 7.10909]]
weight = 0.0458462 mean = [-3.28425 4.97437 0.837398] covariance = [[4.20303 0.989578 0.180736][0.989578 3.69364 -3.54895][0.180736 -3.54895 12.3176]]
weight = 0.688613 mean = [-1.58973 1.04829 -1.36031] covariance = [[3.00294 0.407388 1.1399][0.407388 0.830056 -0.884225][1.1399 -0.884225 3.68812]]
]
2025-05-29 09:37:19 INFO  ren0 [octree.h:534] root weight: 9.938e+04 (99376.679688)
2025-05-29 09:37:19 INFO  ren0 [octree.h:535] splitting threshold: 9.938e+01 (99.376686)
2025-05-29 09:37:19 INFO  ren0 [octree.h:534] root weight: 9.770e+04 (97702.226562)
2025-05-29 09:37:19 INFO  ren0 [octree.h:535] splitting threshold: 9.770e+01 (97.702232)
2025-05-29 09:37:19 INFO  ren0 [octree.h:550] node count: 961 -> 962 -> 962

2025-05-29 09:37:19 INFO  ren0 [octree.h:550] node count: 988 -> 989 -> 989

2025-05-29 09:37:19 INFO  ren0 [MIFocalGuidingPathTracer] ITERATION 6, until 70.0 seconds
2025-05-29 09:37:46 INFO  ren0 [MIFocalGuidingPathTracer]   169.84 seconds elapsed, passes this iteration: 1, total passes: 9
2025-05-29 09:37:46 INFO  ren0 [MIFocalGuidingPathTracer] Got 67762 non-zero samples
2025-05-29 09:37:46 INFO  ren0 [gaussian_mixture_model.h:821] Processing mega batch of size 67762
2025-05-29 09:37:46 INFO  ren0 [gaussian_mixture_model.h:828] will process 1 batches
2025-05-29 09:37:46 INFO  ren0 [gaussian_mixture_model.h:215] Before splitting
2025-05-29 09:37:46 INFO  ren0 [gaussian_mixture_model.h:216] GMM[
weight = 0.00214188 mean = [1.37048 4.29286 -4.31345] covariance = [[0.055284 0.046703 -0.0292178][0.046703 0.0541914 -0.0380123][-0.0292178 -0.0380123 0.0697925]]
weight = 0.000416943 mean = [1.33861 4.17785 -3.75705] covariance = [[0.291217 0.0435568 0.638303][0.0435568 0.134339 -0.233853][0.638303 -0.233853 3.53645]]
weight = 1.83001e-06 mean = [-3.52675 1.76255 2.97963] covariance = [[0.286962 -0.0515666 1.21755][-0.0515666 2.52288 -4.83616][1.21755 -4.83616 13.6585]]
weight = 0.016115 mean = [1.40443 4.43167 -4.19034] covariance = [[0.312268 0.133098 -0.445784][0.133098 0.0824762 -0.210036][-0.445784 -0.210036 0.742023]]
weight = 0.0140849 mean = [-0.362392 0.369072 7.04487] covariance = [[2.42304 0.741517 -0.202654][0.741517 0.315557 -0.490742][-0.202654 -0.490742 2.80876]]
weight = 2.38296e-05 mean = [2.45975 3.36241 4.2534] covariance = [[0.770301 0.423051 -0.307203][0.423051 2.25073 -4.10449][-0.307203 -4.10449 9.59993]]
weight = 0.000514972 mean = [1.35316 4.21245 -4.05836] covariance = [[0.0738227 0.0381575 0.0187715][0.0381575 0.187347 -0.500344][0.0187715 -0.500344 1.97263]]
weight = 0.23634 mean = [-2.38626 5.52737 -1.39116] covariance = [[0.405194 -0.368356 0.156906][-0.368356 1.77876 -0.237911][0.156906 -0.237911 1.13453]]
weight = 0.73036 mean = [-1.04997 1.21327 -2.82589] covariance = [[1.41938 1.52019 -0.448015][1.52019 2.74326 -0.720121][-0.448015 -0.720121 0.664836]]
]
2025-05-29 09:37:46 INFO  ren0 [gaussian_mixture_model.h:218] Before merging
2025-05-29 09:37:46 INFO  ren0 [gaussian_mixture_model.h:219] GMM[
weight = 0.00214188 mean = [1.37048 4.29286 -4.31345] covariance = [[0.055284 0.046703 -0.0292178][0.046703 0.0541914 -0.0380123][-0.0292178 -0.0380123 0.0697925]]
weight = 0.000208471 mean = [1.51529 4.1179 -2.81735] covariance = [[0.228797 0.0647415 0.306254][0.0647415 0.12716 -0.121177][0.306254 -0.121177 1.77039]]
weight = 0.000208471 mean = [1.16193 4.2378 -4.69675] covariance = [[0.228797 0.0647415 0.306254][0.0647415 0.12716 -0.121177][0.306254 -0.121177 1.77039]]
weight = 1.83001e-06 mean = [-3.52675 1.76255 2.97963] covariance = [[0.286962 -0.0515666 1.21755][-0.0515666 2.52288 -4.83616][1.21755 -4.83616 13.6585]]
weight = 0.016115 mean = [1.40443 4.43167 -4.19034] covariance = [[0.312268 0.133098 -0.445784][0.133098 0.0824762 -0.210036][-0.445784 -0.210036 0.742023]]
weight = 0.0140849 mean = [-0.362392 0.369072 7.04487] covariance = [[2.42304 0.741517 -0.202654][0.741517 0.315557 -0.490742][-0.202654 -0.490742 2.80876]]
weight = 2.38296e-05 mean = [2.45975 3.36241 4.2534] covariance = [[0.770301 0.423051 -0.307203][0.423051 2.25073 -4.10449][-0.307203 -4.10449 9.59993]]
weight = 0.000514972 mean = [1.35316 4.21245 -4.05836] covariance = [[0.0738227 0.0381575 0.0187715][0.0381575 0.187347 -0.500344][0.0187715 -0.500344 1.97263]]
weight = 0.23634 mean = [-2.38626 5.52737 -1.39116] covariance = [[0.405194 -0.368356 0.156906][-0.368356 1.77876 -0.237911][0.156906 -0.237911 1.13453]]
weight = 0.73036 mean = [-1.04997 1.21327 -2.82589] covariance = [[1.41938 1.52019 -0.448015][1.52019 2.74326 -0.720121][-0.448015 -0.720121 0.664836]]
]
2025-05-29 09:37:46 INFO  ren0 [MIFocalGuidingPathTracer] GMM[
weight = 0.000208472 mean = [1.51529 4.1179 -2.81735] covariance = [[0.228797 0.0647415 0.306254][0.0647415 0.12716 -0.121177][0.306254 -0.121177 1.77039]]
weight = 0.000208472 mean = [1.16193 4.2378 -4.69675] covariance = [[0.228797 0.0647415 0.306254][0.0647415 0.12716 -0.121177][0.306254 -0.121177 1.77039]]
weight = 0.0182569 mean = [1.40044 4.41538 -4.20478] covariance = [[0.282248 0.12345 -0.39648][0.12345 0.0811631 -0.188084][-0.39648 -0.188084 0.664737]]
weight = 0.0140849 mean = [-0.362392 0.369072 7.04487] covariance = [[2.42304 0.741517 -0.202654][0.741517 0.315557 -0.490742][-0.202654 -0.490742 2.80876]]
weight = 2.38297e-05 mean = [2.45975 3.36241 4.2534] covariance = [[0.770301 0.423051 -0.307203][0.423051 2.25073 -4.10449][-0.307203 -4.10449 9.59993]]
weight = 0.000514973 mean = [1.35316 4.21245 -4.05836] covariance = [[0.0738227 0.0381575 0.0187715][0.0381575 0.187347 -0.500344][0.0187715 -0.500344 1.97263]]
weight = 0.236341 mean = [-2.38626 5.52737 -1.39116] covariance = [[0.405194 -0.368356 0.156906][-0.368356 1.77876 -0.237911][0.156906 -0.237911 1.13453]]
weight = 0.730362 mean = [-1.04997 1.21327 -2.82589] covariance = [[1.41938 1.52019 -0.448015][1.52019 2.74326 -0.720121][-0.448015 -0.720121 0.664836]]
]
2025-05-29 09:37:46 INFO  ren0 [octree.h:534] root weight: 3.374e+05 (337448.531250)
2025-05-29 09:37:46 INFO  ren0 [octree.h:535] splitting threshold: 3.374e+02 (337.448547)
2025-05-29 09:37:46 INFO  ren0 [octree.h:534] root weight: 1.853e+05 (185303.609375)
2025-05-29 09:37:46 INFO  ren0 [octree.h:535] splitting threshold: 1.853e+02 (185.303619)
2025-05-29 09:37:46 INFO  ren0 [octree.h:550] node count: 962 -> 1253 -> 1139

2025-05-29 09:37:46 INFO  ren0 [octree.h:550] node count: 989 -> 1137 -> 820

2025-05-29 09:37:46 INFO  ren0 [MIFocalGuidingPathTracer] ITERATION 7, until 80.0 seconds
2025-05-29 09:38:12 INFO  ren0 [MIFocalGuidingPathTracer]   195.68 seconds elapsed, passes this iteration: 1, total passes: 10
2025-05-29 09:38:12 INFO  ren0 [MIFocalGuidingPathTracer] Got 168912 non-zero samples
2025-05-29 09:38:12 INFO  ren0 [gaussian_mixture_model.h:821] Processing mega batch of size 168912
2025-05-29 09:38:12 INFO  ren0 [gaussian_mixture_model.h:828] will process 2 batches
2025-05-29 09:38:12 INFO  ren0 [gaussian_mixture_model.h:215] Before splitting
2025-05-29 09:38:12 INFO  ren0 [gaussian_mixture_model.h:216] GMM[
weight = 0.000128903 mean = [1.35241 4.16015 -3.49501] covariance = [[0.295891 0.0421957 0.620477][0.0421957 0.136143 -0.277626][0.620477 -0.277626 4.25498]]
weight = 3.83911e-07 mean = [1.61015 3.89677 -1.51455] covariance = [[0.417702 0.142124 0.190718][0.142124 0.169058 0.0859174][0.190718 0.0859174 1.9681]]
weight = 0.00463011 mean = [1.40385 4.43141 -4.18943] covariance = [[0.312759 0.133322 -0.446602][0.133322 0.0825797 -0.210413][-0.446602 -0.210413 0.743438]]
weight = 0.00410601 mean = [-0.355133 0.376307 6.99902] covariance = [[2.6279 0.801755 -0.209575][0.801755 0.336269 -0.50845][-0.209575 -0.50845 2.98666]]
weight = 0.00019235 mean = [1.52347 3.01926 4.89986] covariance = [[4.92552 0.754226 -3.67926][0.754226 3.9565 -3.76632][-3.67926 -3.76632 14.7935]]
weight = 0.000150837 mean = [1.35071 4.19669 -3.99384] covariance = [[0.0743982 0.040158 0.00977819][0.040158 0.198295 -0.547231][0.00977819 -0.547231 2.16652]]
weight = 0.177636 mean = [-2.96301 4.92353 -1.11947] covariance = [[1.16952 1.15699 -0.502893][1.15699 4.01164 -0.620615][-0.502893 -0.620615 0.834875]]
weight = 0.813156 mean = [-3.3919 0.584706 -2.45727] covariance = [[4.19146 0.670956 -0.67798][0.670956 1.70716 0.661897][-0.67798 0.661897 1.56436]]
]
2025-05-29 09:38:12 INFO  ren0 [gaussian_mixture_model.h:218] Before merging
2025-05-29 09:38:12 INFO  ren0 [gaussian_mixture_model.h:219] GMM[
weight = 6.44513e-05 mean = [1.19597 4.22625 -4.52598] covariance = [[0.24695 0.0628754 0.297895][0.0628754 0.127417 -0.141349][0.297895 -0.141349 2.12921]]
weight = 6.44513e-05 mean = [1.50886 4.09406 -2.46405] covariance = [[0.24695 0.0628754 0.297895][0.0628754 0.127417 -0.141349][0.297895 -0.141349 2.12921]]
weight = 1.91955e-07 mean = [1.69825 3.93652 -0.814617] covariance = [[0.402188 0.13512 0.0673867][0.13512 0.165908 0.0302746][0.0673867 0.0302746 0.988303]]
weight = 1.91955e-07 mean = [1.52204 3.85702 -2.21448] covariance = [[0.402188 0.13512 0.0673867][0.13512 0.165908 0.0302746][0.0673867 0.0302746 0.988303]]
weight = 0.00463011 mean = [1.40385 4.43141 -4.18943] covariance = [[0.312759 0.133322 -0.446602][0.133322 0.0825797 -0.210413][-0.446602 -0.210413 0.743438]]
weight = 0.00410601 mean = [-0.355133 0.376307 6.99902] covariance = [[2.6279 0.801755 -0.209575][0.801755 0.336269 -0.50845][-0.209575 -0.50845 2.98666]]
weight = 0.00019235 mean = [1.52347 3.01926 4.89986] covariance = [[4.92552 0.754226 -3.67926][0.754226 3.9565 -3.76632][-3.67926 -3.76632 14.7935]]
weight = 0.000150837 mean = [1.35071 4.19669 -3.99384] covariance = [[0.0743982 0.040158 0.00977819][0.040158 0.198295 -0.547231][0.00977819 -0.547231 2.16652]]
weight = 0.177636 mean = [-2.96301 4.92353 -1.11947] covariance = [[1.16952 1.15699 -0.502893][1.15699 4.01164 -0.620615][-0.502893 -0.620615 0.834875]]
weight = 0.813156 mean = [-3.3919 0.584706 -2.45727] covariance = [[4.19146 0.670956 -0.67798][0.670956 1.70716 0.661897][-0.67798 0.661897 1.56436]]
]
2025-05-29 09:38:12 INFO  ren0 [gaussian_mixture_model.h:215] Before splitting
2025-05-29 09:38:12 INFO  ren0 [gaussian_mixture_model.h:216] GMM[
weight = 1.43323e-06 mean = [0.991286 3.90973 -3.67995] covariance = [[0.288651 0.0964848 0.343176][0.0964848 0.153938 -0.0184831][0.343176 -0.0184831 1.21104]]
weight = 8.35983e-05 mean = [1.36617 4.14832 -3.41043] covariance = [[0.307404 0.0387575 0.659787][0.0387575 0.138788 -0.29651][0.659787 -0.29651 4.38758]]
weight = 0.00259567 mean = [-0.358387 0.378632 6.9835] covariance = [[2.71658 0.828696 -0.21897][0.828696 0.346047 -0.519357][-0.21897 -0.519357 3.05081]]
weight = 0.000503878 mean = [0.562072 3.83961 5.2869] covariance = [[9.32796 -3.14448 -6.29955][-3.14448 7.96113 -0.985766][-6.29955 -0.985766 13.2661]]
weight = 0.000105367 mean = [1.28203 4.199 -3.92744] covariance = [[0.118207 0.0358701 -0.0381303][0.0358701 0.185548 -0.490936][-0.0381303 -0.490936 2.01894]]
weight = 0.230966 mean = [-2.72672 4.89564 -1.32701] covariance = [[0.654913 0.507238 -0.320679][0.507238 3.03049 -0.137799][-0.320679 -0.137799 0.484519]]
weight = 0.765744 mean = [-2.98198 0.707325 -2.37] covariance = [[3.26175 0.433995 -0.495087][0.433995 1.62799 0.592876][-0.495087 0.592876 1.15401]]
]
2025-05-29 09:38:12 INFO  ren0 [gaussian_mixture_model.h:218] Before merging
2025-05-29 09:38:12 INFO  ren0 [gaussian_mixture_model.h:219] GMM[
weight = 7.16613e-07 mean = [1.17274 3.91606 -3.13383] covariance = [[0.222807 0.0941869 0.144982][0.0941869 0.153868 -0.0253988][0.144982 -0.0253988 0.614559]]
weight = 4.17992e-05 mean = [1.52986 4.07877 -2.36354] covariance = [[0.25382 0.0615293 0.317041][0.0615293 0.129122 -0.150878][0.317041 -0.150878 2.19564]]
weight = 7.16613e-07 mean = [0.80983 3.9034 -4.22608] covariance = [[0.222807 0.0941869 0.144982][0.0941869 0.153868 -0.0253988][0.144982 -0.0253988 0.614559]]
weight = 4.17992e-05 mean = [1.20247 4.21788 -4.45732] covariance = [[0.25382 0.0615293 0.317041][0.0615293 0.129122 -0.150878][0.317041 -0.150878 2.19564]]
weight = 0.000251939 mean = [-0.731989 4.08099 6.95184] covariance = [[5.97879 -2.51976 -1.99049][-2.51976 7.84461 -1.78954][-1.99049 -1.78954 7.72212]]
weight = 0.00259567 mean = [-0.358387 0.378632 6.9835] covariance = [[2.71658 0.828696 -0.21897][0.828696 0.346047 -0.519357][-0.21897 -0.519357 3.05081]]
weight = 0.000251939 mean = [1.85613 3.59822 3.62196] covariance = [[5.97879 -2.51976 -1.99049][-2.51976 7.84461 -1.78954][-1.99049 -1.78954 7.72212]]
weight = 0.000105367 mean = [1.28203 4.199 -3.92744] covariance = [[0.118207 0.0358701 -0.0381303][0.0358701 0.185548 -0.490936][-0.0381303 -0.490936 2.01894]]
weight = 0.230966 mean = [-2.72672 4.89564 -1.32701] covariance = [[0.654913 0.507238 -0.320679][0.507238 3.03049 -0.137799][-0.320679 -0.137799 0.484519]]
weight = 0.765744 mean = [-2.98198 0.707325 -2.37] covariance = [[3.26175 0.433995 -0.495087][0.433995 1.62799 0.592876][-0.495087 0.592876 1.15401]]
]
2025-05-29 09:38:12 INFO  ren0 [MIFocalGuidingPathTracer] GMM[
weight = 4.17992e-05 mean = [1.52986 4.07877 -2.36354] covariance = [[0.25382 0.0615293 0.317041][0.0615293 0.129122 -0.150878][0.317041 -0.150878 2.19564]]
weight = 4.17992e-05 mean = [1.20247 4.21788 -4.45732] covariance = [[0.25382 0.0615293 0.317041][0.0615293 0.129122 -0.150878][0.317041 -0.150878 2.19564]]
weight = 0.000251939 mean = [-0.731989 4.08099 6.95184] covariance = [[5.97879 -2.51976 -1.99049][-2.51976 7.84461 -1.78954][-1.99049 -1.78954 7.72212]]
weight = 0.00259567 mean = [-0.358387 0.378632 6.9835] covariance = [[2.71658 0.828696 -0.21897][0.828696 0.346047 -0.519357][-0.21897 -0.519357 3.05081]]
weight = 0.000251939 mean = [1.85613 3.59822 3.62196] covariance = [[5.97879 -2.51976 -1.99049][-2.51976 7.84461 -1.78954][-1.99049 -1.78954 7.72212]]
weight = 0.000105368 mean = [1.28203 4.199 -3.92744] covariance = [[0.118207 0.0358701 -0.0381303][0.0358701 0.185548 -0.490936][-0.0381303 -0.490936 2.01894]]
weight = 0.996711 mean = [-2.92283 1.67788 -2.12831] covariance = [[2.66928 0.6413 -0.407275][0.6413 5.07601 1.20126][-0.407275 1.20126 1.19255]]
]
2025-05-29 09:38:12 INFO  ren0 [octree.h:534] root weight: 4.135e+05 (413526.468750)
2025-05-29 09:38:12 INFO  ren0 [octree.h:535] splitting threshold: 4.135e+02 (413.526489)
2025-05-29 09:38:12 INFO  ren0 [octree.h:534] root weight: 1.540e+05 (153983.406250)
2025-05-29 09:38:12 INFO  ren0 [octree.h:535] splitting threshold: 1.540e+02 (153.983414)
2025-05-29 09:38:12 INFO  ren0 [octree.h:550] node count: 1139 -> 1365 -> 1172

2025-05-29 09:38:12 INFO  ren0 [octree.h:550] node count: 820 -> 846 -> 701

2025-05-29 09:38:12 INFO  ren0 [MIFocalGuidingPathTracer] ITERATION 8, until 90.0 seconds
2025-05-29 09:38:37 INFO  ren0 [MIFocalGuidingPathTracer]   220.34 seconds elapsed, passes this iteration: 1, total passes: 11
2025-05-29 09:38:37 INFO  ren0 [MIFocalGuidingPathTracer] Got 175245 non-zero samples
2025-05-29 09:38:37 INFO  ren0 [gaussian_mixture_model.h:821] Processing mega batch of size 175245
2025-05-29 09:38:37 INFO  ren0 [gaussian_mixture_model.h:828] will process 2 batches
2025-05-29 09:38:37 INFO  ren0 [gaussian_mixture_model.h:215] Before splitting
2025-05-29 09:38:37 INFO  ren0 [gaussian_mixture_model.h:216] GMM[
weight = 0.000610042 mean = [1.75805 4.69138 -3.49497] covariance = [[0.197611 0.0739898 -0.0067462][0.0739898 0.0563333 -0.0628138][-0.0067462 -0.0628138 0.418917]]
weight = 0.000615803 mean = [1.81567 4.74806 -3.53879] covariance = [[0.179858 0.0605779 -0.0548645][0.0605779 0.0212931 -0.0194169][-0.0548645 -0.0194169 0.0214097]]
weight = 0.000332607 mean = [-0.45659 3.36117 5.79889] covariance = [[10.5132 -0.594326 -1.09641][-0.594326 5.62181 -2.16799][-1.09641 -2.16799 12.5822]]
weight = 0.00138497 mean = [-0.356402 0.387072 6.95749] covariance = [[3.2163 0.984577 -0.0526357][0.984577 0.4 -0.475503][-0.0526357 -0.475503 3.1482]]
weight = 0.00211734 mean = [3.2844 4.4888 -1.58742] covariance = [[4.38903 0.308756 -5.64848][0.308756 4.26596 -3.48858][-5.64848 -3.48858 17.0362]]
weight = 0.0005995 mean = [1.43182 4.58394 -3.4677] covariance = [[0.126075 0.0469715 -0.0315827][0.0469715 0.0468048 -0.0420457][-0.0315827 -0.0420457 0.220877]]
weight = 0.99434 mean = [-2.37084 1.31978 -1.65201] covariance = [[4.30999 1.28571 -0.754982][1.28571 3.51239 -1.18609][-0.754982 -1.18609 1.93228]]
]
2025-05-29 09:38:37 INFO  ren0 [gaussian_mixture_model.h:218] Before merging
2025-05-29 09:38:37 INFO  ren0 [gaussian_mixture_model.h:219] GMM[
weight = 0.000166304 mean = [-0.999558 2.93301 7.49931] covariance = [[9.92362 -1.05928 0.750137][-1.05928 5.25518 -0.711893][0.750137 -0.711893 6.79939]]
weight = 0.000610042 mean = [1.75805 4.69138 -3.49497] covariance = [[0.197611 0.0739898 -0.0067462][0.0739898 0.0563333 -0.0628138][-0.0067462 -0.0628138 0.418917]]
weight = 0.00105867 mean = [2.53057 4.01775 0.45945] covariance = [[3.25252 -0.401421 -2.5625][-0.401421 3.8222 -1.56024][-2.5625 -1.56024 8.65684]]
weight = 0.000615803 mean = [1.81567 4.74806 -3.53879] covariance = [[0.179858 0.0605779 -0.0548645][0.0605779 0.0212931 -0.0194169][-0.0548645 -0.0194169 0.0214097]]
weight = 0.000166304 mean = [0.0863777 3.78933 4.09847] covariance = [[9.92362 -1.05928 0.750137][-1.05928 5.25518 -0.711893][0.750137 -0.711893 6.79939]]
weight = 0.00138497 mean = [-0.356402 0.387072 6.95749] covariance = [[3.2163 0.984577 -0.0526357][0.984577 0.4 -0.475503][-0.0526357 -0.475503 3.1482]]
weight = 0.00105867 mean = [4.03823 4.95984 -3.63428] covariance = [[3.25252 -0.401421 -2.5625][-0.401421 3.8222 -1.56024][-2.5625 -1.56024 8.65684]]
weight = 0.0005995 mean = [1.43182 4.58394 -3.4677] covariance = [[0.126075 0.0469715 -0.0315827][0.0469715 0.0468048 -0.0420457][-0.0315827 -0.0420457 0.220877]]
weight = 0.49717 mean = [-3.23929 0.600417 -1.25376] covariance = [[2.80157 0.0362386 -0.0632734][0.0362386 2.47743 -0.613125][-0.0632734 -0.613125 1.6151]]
weight = 0.49717 mean = [-1.50238 2.03915 -2.05025] covariance = [[2.80157 0.0362386 -0.0632734][0.0362386 2.47743 -0.613125][-0.0632734 -0.613125 1.6151]]
]
2025-05-29 09:38:37 INFO  ren0 [gaussian_mixture_model.h:215] Before splitting
2025-05-29 09:38:37 INFO  ren0 [gaussian_mixture_model.h:216] GMM[
weight = 0.000338913 mean = [-2.23395 2.80514 7.6606] covariance = [[8.55355 -0.138716 0.696674][-0.138716 5.64695 -2.2135][0.696674 -2.2135 4.65954]]
weight = 0.00396497 mean = [4.57384 5.6118 -3.90074] covariance = [[0.841371 0.133177 -1.41816][0.133177 0.618008 -0.680859][-1.41816 -0.680859 4.00059]]
weight = 0.00122086 mean = [0.681558 4.36734 -3.19088] covariance = [[0.416734 0.13994 -0.127765][0.13994 0.0471996 -0.0431144][-0.127765 -0.0431144 0.0402306]]
weight = 0.000382526 mean = [-0.694773 4.19247 5.13354] covariance = [[11.8601 0.0182446 0.72803][0.0182446 5.82772 -2.55897][0.72803 -2.55897 10.0752]]
weight = 0.00088398 mean = [0.560702 0.526062 7.65367] covariance = [[4.60849 1.07914 1.56385][1.07914 0.378504 -0.211326][1.56385 -0.211326 3.99907]]
weight = 0.0176939 mean = [4.69024 5.65073 -4.27171] covariance = [[0.386652 0.104272 -0.561106][0.104272 0.426185 -0.386547][-0.561106 -0.386547 1.45066]]
weight = 0.00044157 mean = [1.01391 4.45681 -3.31769] covariance = [[0.361716 0.114988 -0.115977][0.114988 0.0549839 -0.0556227][-0.115977 -0.0556227 0.172029]]
weight = 0.188786 mean = [-3.92588 2.23718 -1.33174] covariance = [[2.80278 0.254073 -0.308764][0.254073 1.1419 -0.664607][-0.308764 -0.664607 0.449942]]
weight = 0.786288 mean = [-2.34589 2.65507 -2.10064] covariance = [[3.10981 0.647272 -0.46469][0.647272 6.17208 -2.47992][-0.46469 -2.47992 1.95342]]
]
2025-05-29 09:38:37 INFO  ren0 [gaussian_mixture_model.h:218] Before merging
2025-05-29 09:38:37 INFO  ren0 [gaussian_mixture_model.h:219] GMM[
weight = 0.000169457 mean = [-0.857111 2.4487 8.08251] covariance = [[4.7622 0.842782 -0.465145][0.842782 5.39287 -1.91273][-0.465145 -1.91273 4.30352]]
weight = 0.000169457 mean = [-3.61079 3.16157 7.23868] covariance = [[4.7622 0.842782 -0.465145][0.842782 5.39287 -1.91273][-0.465145 -1.91273 4.30352]]
weight = 0.00396497 mean = [4.57384 5.6118 -3.90074] covariance = [[0.841371 0.133177 -1.41816][0.133177 0.618008 -0.680859][-1.41816 -0.680859 4.00059]]
weight = 0.00122086 mean = [0.681558 4.36734 -3.19088] covariance = [[0.416734 0.13994 -0.127765][0.13994 0.0471996 -0.0431144][-0.127765 -0.0431144 0.0402306]]
weight = 0.000382526 mean = [-0.694773 4.19247 5.13354] covariance = [[11.8601 0.0182446 0.72803][0.0182446 5.82772 -2.55897][0.72803 -2.55897 10.0752]]
weight = 0.00088398 mean = [0.560702 0.526062 7.65367] covariance = [[4.60849 1.07914 1.56385][1.07914 0.378504 -0.211326][1.56385 -0.211326 3.99907]]
weight = 0.0176939 mean = [4.69024 5.65073 -4.27171] covariance = [[0.386652 0.104272 -0.561106][0.104272 0.426185 -0.386547][-0.561106 -0.386547 1.45066]]
weight = 0.00044157 mean = [1.01391 4.45681 -3.31769] covariance = [[0.361716 0.114988 -0.115977][0.114988 0.0549839 -0.0556227][-0.115977 -0.0556227 0.172029]]
weight = 0.188786 mean = [-3.92588 2.23718 -1.33174] covariance = [[2.80278 0.254073 -0.308764][0.254073 1.1419 -0.664607][-0.308764 -0.664607 0.449942]]
weight = 0.786288 mean = [-2.34589 2.65507 -2.10064] covariance = [[3.10981 0.647272 -0.46469][0.647272 6.17208 -2.47992][-0.46469 -2.47992 1.95342]]
]
2025-05-29 09:38:37 INFO  ren0 [MIFocalGuidingPathTracer] GMM[
weight = 0.000169457 mean = [-0.857111 2.4487 8.08251] covariance = [[4.7622 0.842782 -0.465145][0.842782 5.39287 -1.91273][-0.465145 -1.91273 4.30352]]
weight = 0.000169457 mean = [-3.61079 3.16157 7.23868] covariance = [[4.7622 0.842782 -0.465145][0.842782 5.39287 -1.91273][-0.465145 -1.91273 4.30352]]
weight = 0.00122086 mean = [0.681558 4.36734 -3.19088] covariance = [[0.416734 0.13994 -0.127765][0.13994 0.0471996 -0.0431144][-0.127765 -0.0431144 0.0402306]]
weight = 0.000382526 mean = [-0.694773 4.19247 5.13354] covariance = [[11.8601 0.0182446 0.72803][0.0182446 5.82772 -2.55897][0.72803 -2.55897 10.0752]]
weight = 0.00088398 mean = [0.560702 0.526062 7.65367] covariance = [[4.60849 1.07914 1.56385][1.07914 0.378504 -0.211326][1.56385 -0.211326 3.99907]]
weight = 0.0216589 mean = [4.66893 5.6436 -4.2038] covariance = [[0.471931 0.110241 -0.72446][0.110241 0.461537 -0.442585][-0.72446 -0.442585 1.93805]]
weight = 0.00044157 mean = [1.01391 4.45681 -3.31769] covariance = [[0.361716 0.114988 -0.115977][0.114988 0.0549839 -0.0556227][-0.115977 -0.0556227 0.172029]]
weight = 0.188786 mean = [-3.92588 2.23718 -1.33174] covariance = [[2.80278 0.254073 -0.308764][0.254073 1.1419 -0.664607][-0.308764 -0.664607 0.449942]]
weight = 0.786288 mean = [-2.34589 2.65507 -2.10064] covariance = [[3.10981 0.647272 -0.46469][0.647272 6.17208 -2.47992][-0.46469 -2.47992 1.95342]]
]
2025-05-29 09:38:37 INFO  ren0 [octree.h:534] root weight: 2.550e+05 (255026.421875)
2025-05-29 09:38:37 INFO  ren0 [octree.h:535] splitting threshold: 2.550e+02 (255.026428)
2025-05-29 09:38:37 INFO  ren0 [octree.h:534] root weight: 9.315e+04 (93154.921875)
2025-05-29 09:38:37 INFO  ren0 [octree.h:535] splitting threshold: 9.315e+01 (93.154922)
2025-05-29 09:38:37 INFO  ren0 [octree.h:550] node count: 1172 -> 1229 -> 1156

2025-05-29 09:38:37 INFO  ren0 [octree.h:550] node count: 701 -> 719 -> 713

2025-05-29 09:38:37 INFO  ren0 [MIFocalGuidingPathTracer] ITERATION 9, until 100.0 seconds
2025-05-29 09:39:08 INFO  ren0 [MIFocalGuidingPathTracer]   252.05 seconds elapsed, passes this iteration: 1, total passes: 12
2025-05-29 09:39:08 INFO  ren0 [pmm_focal_guiding_recursive.cpp:220] starting iterative narrowing
2025-05-29 09:39:08 INFO  ren0 [MIFocalGuidingPathTracer] Got 248378 non-zero samples
2025-05-29 09:39:08 INFO  ren0 [gaussian_mixture_model.h:821] Processing mega batch of size 248378
2025-05-29 09:39:08 INFO  ren0 [gaussian_mixture_model.h:828] will process 3 batches
2025-05-29 09:39:09 INFO  ren0 [gaussian_mixture_model.h:215] Before splitting
2025-05-29 09:39:09 INFO  ren0 [gaussian_mixture_model.h:216] GMM[
weight = 0.000220066 mean = [-1.83652 1.72169 8.00652] covariance = [[5.45431 1.08666 -0.71684][1.08666 4.2858 -2.16377][-0.71684 -2.16377 3.31339]]
weight = 0.000177467 mean = [-3.19783 2.16271 7.18115] covariance = [[1.98574 0.762776 -0.843217][0.762776 5.64271 -5.09434][-0.843217 -5.09434 7.2859]]
weight = 0.000162086 mean = [0.681153 4.36721 -3.19074] covariance = [[0.416826 0.139965 -0.127787][0.139965 0.0472055 -0.0431197][-0.127787 -0.0431197 0.040238]]
weight = 0.00200768 mean = [-1.48779 6.8686 0.529576] covariance = [[2.98328 -1.45377 1.21547][-1.45377 3.91657 -3.83491][1.21547 -3.83491 5.85709]]
weight = 0.000155035 mean = [0.580408 0.599431 7.28755] covariance = [[5.62428 1.48432 1.02597][1.48432 0.553821 -0.427287][1.02597 -0.427287 4.30903]]
weight = 0.0800708 mean = [3.78213 4.6125 -4.62403] covariance = [[0.036567 0.0313816 -0.00719984][0.0313816 0.0455752 -0.000531832][-0.00719984 -0.000531832 0.0533021]]
weight = 5.90014e-05 mean = [1.01553 4.45738 -3.31807] covariance = [[0.364361 0.115789 -0.117175][0.115789 0.0552199 -0.0560665][-0.117175 -0.0560665 0.17295]]
weight = 0.033867 mean = [-3.76053 2.32107 -1.4656] covariance = [[2.60513 0.451585 -0.331691][0.451585 1.00418 -0.547473][-0.331691 -0.547473 0.391368]]
weight = 0.883281 mean = [-1.8629 2.07938 -2.95605] covariance = [[5.28706 2.16667 -1.64065][2.16667 3.61073 -0.555512][-1.64065 -0.555512 1.28632]]
]
2025-05-29 09:39:09 INFO  ren0 [gaussian_mixture_model.h:218] Before merging
2025-05-29 09:39:09 INFO  ren0 [gaussian_mixture_model.h:219] GMM[
weight = 0.000110033 mean = [-1.0021 2.5404 7.37461] covariance = [[4.06181 -0.279631 0.337709][-0.279631 2.94524 -1.12907][0.337709 -1.12907 2.51479]]
weight = 0.000177467 mean = [-3.19783 2.16271 7.18115] covariance = [[1.98574 0.762776 -0.843217][0.762776 5.64271 -5.09434][-0.843217 -5.09434 7.2859]]
weight = 0.000110033 mean = [-2.67094 0.902978 8.63842] covariance = [[4.06181 -0.279631 0.337709][-0.279631 2.94524 -1.12907][0.337709 -1.12907 2.51479]]
weight = 0.000162086 mean = [0.681153 4.36721 -3.19074] covariance = [[0.416826 0.139965 -0.127787][0.139965 0.0472055 -0.0431197][-0.127787 -0.0431197 0.040238]]
weight = 0.00200768 mean = [-1.48779 6.8686 0.529576] covariance = [[2.98328 -1.45377 1.21547][-1.45377 3.91657 -3.83491][1.21547 -3.83491 5.85709]]
weight = 0.000155035 mean = [0.580408 0.599431 7.28755] covariance = [[5.62428 1.48432 1.02597][1.48432 0.553821 -0.427287][1.02597 -0.427287 4.30903]]
weight = 0.0800708 mean = [3.78213 4.6125 -4.62403] covariance = [[0.036567 0.0313816 -0.00719984][0.0313816 0.0455752 -0.000531832][-0.00719984 -0.000531832 0.0533021]]
weight = 5.90014e-05 mean = [1.01553 4.45738 -3.31807] covariance = [[0.364361 0.115789 -0.117175][0.115789 0.0552199 -0.0560665][-0.117175 -0.0560665 0.17295]]
weight = 0.033867 mean = [-3.76053 2.32107 -1.4656] covariance = [[2.60513 0.451585 -0.331691][0.451585 1.00418 -0.547473][-0.331691 -0.547473 0.391368]]
weight = 0.883281 mean = [-1.8629 2.07938 -2.95605] covariance = [[5.28706 2.16667 -1.64065][2.16667 3.61073 -0.555512][-1.64065 -0.555512 1.28632]]
]
2025-05-29 09:39:09 INFO  ren0 [gaussian_mixture_model.h:215] Before splitting
2025-05-29 09:39:09 INFO  ren0 [gaussian_mixture_model.h:216] GMM[
weight = 0.000365889 mean = [0.600938 3.14406 7.83334] covariance = [[11.2597 4.45332 1.93045][4.45332 6.8845 -0.264112][1.93045 -0.264112 3.72389]]
weight = 0.00031959 mean = [-3.52249 2.57548 6.15936] covariance = [[1.78302 -1.19257 0.80518][-1.19257 6.45764 -3.81217][0.80518 -3.81217 5.56434]]
weight = 0.000113569 mean = [-2.08187 0.688042 8.0807] covariance = [[4.27726 0.242993 1.36175][0.242993 2.06103 -0.315655][1.36175 -0.315655 3.53456]]
weight = 8.68771e-05 mean = [0.681034 4.36717 -3.19071] covariance = [[0.416908 0.13999 -0.127808][0.13999 0.0472128 -0.0431258][-0.127808 -0.0431258 0.0402431]]
weight = 0.00191713 mean = [-1.31442 6.0821 0.953488] covariance = [[4.98182 -2.13059 0.708513][-2.13059 4.10668 -2.93134][0.708513 -2.93134 6.03976]]
weight = 0.000322368 mean = [-0.400307 0.733086 5.8008] covariance = [[11.5077 2.73977 4.78769][2.73977 0.933249 0.0928566][4.78769 0.0928566 7.02745]]
weight = 0.0429117 mean = [3.78214 4.6125 -4.62402] covariance = [[0.0365691 0.0313829 -0.00719672][0.0313829 0.0455766 -0.000529892][-0.00719672 -0.000529892 0.0533057]]
weight = 3.16965e-05 mean = [1.01429 4.45682 -3.31711] covariance = [[0.365082 0.116191 -0.118011][0.116191 0.055412 -0.0564597][-0.118011 -0.0564597 0.173558]]
weight = 0.953931 mean = [-2.83068 2.03617 -2.42019] covariance = [[4.64462 1.28049 -1.44664][1.28049 2.49414 -0.179175][-1.44664 -0.179175 1.03212]]
]
2025-05-29 09:39:09 INFO  ren0 [gaussian_mixture_model.h:218] Before merging
2025-05-29 09:39:09 INFO  ren0 [gaussian_mixture_model.h:219] GMM[
weight = 0.000182944 mean = [2.20383 4.10348 8.10322] covariance = [[6.1212 1.37763 1.06526][1.37763 5.04353 -0.781975][1.06526 -0.781975 3.57822]]
weight = 0.00031959 mean = [-3.52249 2.57548 6.15936] covariance = [[1.78302 -1.19257 0.80518][-1.19257 6.45764 -3.81217][0.80518 -3.81217 5.56434]]
weight = 0.000113569 mean = [-2.08187 0.688042 8.0807] covariance = [[4.27726 0.242993 1.36175][0.242993 2.06103 -0.315655][1.36175 -0.315655 3.53456]]
weight = 8.68771e-05 mean = [0.681034 4.36717 -3.19071] covariance = [[0.416908 0.13999 -0.127808][0.13999 0.0472128 -0.0431258][-0.127808 -0.0431258 0.0402431]]
weight = 0.00191713 mean = [-1.31442 6.0821 0.953488] covariance = [[4.98182 -2.13059 0.708513][-2.13059 4.10668 -2.93134][0.708513 -2.93134 6.03976]]
weight = 0.000322368 mean = [-0.400307 0.733086 5.8008] covariance = [[11.5077 2.73977 4.78769][2.73977 0.933249 0.0928566][4.78769 0.0928566 7.02745]]
weight = 0.0429117 mean = [3.78214 4.6125 -4.62402] covariance = [[0.0365691 0.0313829 -0.00719672][0.0313829 0.0455766 -0.000529892][-0.00719672 -0.000529892 0.0533057]]
weight = 3.16965e-05 mean = [1.01429 4.45682 -3.31711] covariance = [[0.365082 0.116191 -0.118011][0.116191 0.055412 -0.0564597][-0.118011 -0.0564597 0.173558]]
weight = 0.000182944 mean = [-1.00195 2.18465 7.56346] covariance = [[6.1212 1.37763 1.06526][1.37763 5.04353 -0.781975][1.06526 -0.781975 3.57822]]
weight = 0.953931 mean = [-2.83068 2.03617 -2.42019] covariance = [[4.64462 1.28049 -1.44664][1.28049 2.49414 -0.179175][-1.44664 -0.179175 1.03212]]
]
2025-05-29 09:39:09 INFO  ren0 [gaussian_mixture_model.h:215] Before splitting
2025-05-29 09:39:09 INFO  ren0 [gaussian_mixture_model.h:216] GMM[
weight = 0.000328743 mean = [0.956229 3.5548 7.72456] covariance = [[9.00415 2.6016 1.10917][2.6016 7.69562 -0.497319][1.10917 -0.497319 3.24807]]
weight = 4.3635e-05 mean = [0.680776 4.3671 -3.19064] covariance = [[0.416834 0.139959 -0.127781][0.139959 0.0472008 -0.0431151][-0.127781 -0.0431151 0.0402335]]
weight = 0.0241539 mean = [-1.87825 6.7613 -0.554255] covariance = [[0.742609 -0.500511 0.0609313][-0.500511 0.849628 -0.371053][0.0609313 -0.371053 0.882263]]
weight = 0.000442514 mean = [-1.48066 0.156901 6.24031] covariance = [[9.66893 2.51231 3.32527][2.51231 1.08018 -0.671054][3.32527 -0.671054 7.65798]]
weight = 0.0215405 mean = [3.78214 4.61249 -4.62401] covariance = [[0.0365695 0.0313841 -0.00719763][0.0313841 0.045582 -0.000532682][-0.00719763 -0.000532682 0.0533075]]
weight = 1.5968e-05 mean = [1.01344 4.45633 -3.31574] covariance = [[0.365335 0.116428 -0.1187][0.116428 0.0555708 -0.0568746][-0.1187 -0.0568746 0.174786]]
weight = 0.000997042 mean = [-3.54508 3.11121 7.19993] covariance = [[3.37825 -3.37211 0.271598][-3.37211 9.16603 -1.31492][0.271598 -1.31492 2.89187]]
weight = 0.952478 mean = [-3.0572 1.92743 -2.03906] covariance = [[3.59028 1.6 -1.10828][1.6 3.38865 -0.0184951][-1.10828 -0.0184951 0.903754]]
]
2025-05-29 09:39:09 INFO  ren0 [gaussian_mixture_model.h:218] Before merging
2025-05-29 09:39:09 INFO  ren0 [gaussian_mixture_model.h:219] GMM[
weight = 0.000164372 mean = [2.27983 4.55552 7.84854] covariance = [[5.50029 -0.0475273 0.780952][-0.0475273 5.69274 -0.745468][0.780952 -0.745468 3.21733]]
weight = 0.000164372 mean = [-0.367378 2.55407 7.60057] covariance = [[5.50029 -0.0475273 0.780952][-0.0475273 5.69274 -0.745468][0.780952 -0.745468 3.21733]]
weight = 0.0120769 mean = [-2.19305 7.18771 -0.851948] covariance = [[0.544418 -0.232042 -0.126498][-0.232042 0.485989 -0.117175][-0.126498 -0.117175 0.705031]]
weight = 4.3635e-05 mean = [0.680776 4.3671 -3.19064] covariance = [[0.416834 0.139959 -0.127781][0.139959 0.0472008 -0.0431151][-0.127781 -0.0431151 0.0402335]]
weight = 0.0120769 mean = [-1.56344 6.33489 -0.256563] covariance = [[0.544418 -0.232042 -0.126498][-0.232042 0.485989 -0.117175][-0.126498 -0.117175 0.705031]]
weight = 0.000442514 mean = [-1.48066 0.156901 6.24031] covariance = [[9.66893 2.51231 3.32527][2.51231 1.08018 -0.671054][3.32527 -0.671054 7.65798]]
weight = 0.0215405 mean = [3.78214 4.61249 -4.62401] covariance = [[0.0365695 0.0313841 -0.00719763][0.0313841 0.045582 -0.000532682][-0.00719763 -0.000532682 0.0533075]]
weight = 1.5968e-05 mean = [1.01344 4.45633 -3.31574] covariance = [[0.365335 0.116428 -0.1187][0.116428 0.0555708 -0.0568746][-0.1187 -0.0568746 0.174786]]
weight = 0.000997042 mean = [-3.54508 3.11121 7.19993] covariance = [[3.37825 -3.37211 0.271598][-3.37211 9.16603 -1.31492][0.271598 -1.31492 2.89187]]
weight = 0.952478 mean = [-3.0572 1.92743 -2.03906] covariance = [[3.59028 1.6 -1.10828][1.6 3.38865 -0.0184951][-1.10828 -0.0184951 0.903754]]
]
2025-05-29 09:39:09 INFO  ren0 [MIFocalGuidingPathTracer] GMM[
weight = 0.000164372 mean = [2.27983 4.55552 7.84854] covariance = [[5.50029 -0.0475273 0.780952][-0.0475273 5.69274 -0.745468][0.780952 -0.745468 3.21733]]
weight = 0.0120769 mean = [-2.19305 7.18771 -0.851948] covariance = [[0.544418 -0.232042 -0.126498][-0.232042 0.485989 -0.117175][-0.126498 -0.117175 0.705031]]
weight = 4.3635e-05 mean = [0.680776 4.3671 -3.19064] covariance = [[0.416834 0.139959 -0.127781][0.139959 0.0472008 -0.0431151][-0.127781 -0.0431151 0.0402335]]
weight = 0.0120769 mean = [-1.56344 6.33489 -0.256563] covariance = [[0.544418 -0.232042 -0.126498][-0.232042 0.485989 -0.117175][-0.126498 -0.117175 0.705031]]
weight = 0.0215405 mean = [3.78214 4.61249 -4.62401] covariance = [[0.0365695 0.0313841 -0.00719763][0.0313841 0.045582 -0.000532682][-0.00719763 -0.000532682 0.0533075]]
weight = 1.5968e-05 mean = [1.01344 4.45633 -3.31574] covariance = [[0.365335 0.116428 -0.1187][0.116428 0.0555708 -0.0568746][-0.1187 -0.0568746 0.174786]]
weight = 0.00160393 mean = [-2.64986 2.23904 6.97624] covariance = [[6.74053 -2.49124 0.950451][-2.49124 8.25838 -0.514732][0.950451 -0.514732 4.46066]]
weight = 0.952478 mean = [-3.0572 1.92743 -2.03906] covariance = [[3.59028 1.6 -1.10828][1.6 3.38865 -0.0184951][-1.10828 -0.0184951 0.903754]]
]
2025-05-29 09:39:09 INFO  ren0 [octree.h:534] root weight: 2.022e+05 (202204.796875)
2025-05-29 09:39:09 INFO  ren0 [octree.h:535] splitting threshold: 2.022e+02 (202.204803)
2025-05-29 09:39:09 INFO  ren0 [octree.h:534] root weight: 7.152e+04 (71520.343750)
2025-05-29 09:39:09 INFO  ren0 [octree.h:535] splitting threshold: 7.152e+01 (71.520348)
2025-05-29 09:39:09 INFO  ren0 [octree.h:550] node count: 1156 -> 1289 -> 1208

2025-05-29 09:39:09 INFO  ren0 [octree.h:550] node count: 713 -> 742 -> 731

2025-05-29 09:39:09 INFO  ren0 [MIFocalGuidingPathTracer] ITERATION 10, until 110.0 seconds
2025-05-29 09:39:40 INFO  ren0 [MIFocalGuidingPathTracer]   283.32 seconds elapsed, passes this iteration: 1, total passes: 13
2025-05-29 09:39:40 INFO  ren0 [MIFocalGuidingPathTracer] Got 265528 non-zero samples
2025-05-29 09:39:40 INFO  ren0 [gaussian_mixture_model.h:821] Processing mega batch of size 265528
2025-05-29 09:39:40 INFO  ren0 [gaussian_mixture_model.h:828] will process 3 batches
2025-05-29 09:39:40 INFO  ren0 [gaussian_mixture_model.h:215] Before splitting
2025-05-29 09:39:40 INFO  ren0 [gaussian_mixture_model.h:216] GMM[
weight = 0.00028348 mean = [0.953331 3.57477 7.34578] covariance = [[7.89999 2.09511 0.710929][2.09511 6.83084 -0.335023][0.710929 -0.335023 4.01886]]
weight = 0.00263515 mean = [-2.42885 7.33916 -0.444199] covariance = [[0.156746 -0.0224588 -0.171046][-0.0224588 0.106161 -0.00897936][-0.171046 -0.00897936 0.520277]]
weight = 3.18629e-05 mean = [0.675197 4.36502 -3.18867] covariance = [[0.415919 0.139759 -0.127676][0.139759 0.047173 -0.0431147][-0.127676 -0.0431147 0.0402612]]
weight = 0.0186449 mean = [-1.9039 6.77748 -0.535929] covariance = [[0.725059 -0.486343 0.0457489][-0.486343 0.827786 -0.344483][0.0457489 -0.344483 0.851541]]
weight = 0.0155869 mean = [3.7819 4.61213 -4.62355] covariance = [[0.0367239 0.0315585 -0.00721198][0.0315585 0.0458371 -0.000585339][-0.00721198 -0.000585339 0.0533796]]
weight = 1.22357e-05 mean = [1.0195 4.4561 -3.31775] covariance = [[0.370176 0.117068 -0.118893][0.117068 0.055397 -0.0569708][-0.118893 -0.0569708 0.172819]]
weight = 0.00155877 mean = [-1.09005 2.15205 4.77278] covariance = [[12.1203 -4.87721 -6.52016][-4.87721 6.50226 2.52602][-6.52016 2.52602 9.30621]]
weight = 0.961247 mean = [-2.79552 2.39087 -1.98049] covariance = [[2.8525 1.4255 -0.815093][1.4255 3.29721 0.156572][-0.815093 0.156572 0.754878]]
]
2025-05-29 09:39:40 INFO  ren0 [gaussian_mixture_model.h:218] Before merging
2025-05-29 09:39:40 INFO  ren0 [gaussian_mixture_model.h:219] GMM[
weight = 0.00014174 mean = [2.18091 4.5078 7.44703] covariance = [[4.88607 -0.195632 0.46234][-0.195632 5.08977 -0.523964][0.46234 -0.523964 3.99837]]
weight = 0.00014174 mean = [-0.274253 2.64174 7.24453] covariance = [[4.88607 -0.195632 0.46234][-0.195632 5.08977 -0.523964][0.46234 -0.523964 3.99837]]
weight = 0.00263515 mean = [-2.42885 7.33916 -0.444199] covariance = [[0.156746 -0.0224588 -0.171046][-0.0224588 0.106161 -0.00897936][-0.171046 -0.00897936 0.520277]]
weight = 3.18629e-05 mean = [0.675197 4.36502 -3.18867] covariance = [[0.415919 0.139759 -0.127676][0.139759 0.047173 -0.0431147][-0.127676 -0.0431147 0.0402612]]
weight = 0.00932244 mean = [-1.59024 6.35609 -0.255036] covariance = [[0.528305 -0.221996 -0.13046][-0.221996 0.472653 -0.107751][-0.13046 -0.107751 0.69375]]
weight = 0.00932244 mean = [-2.21756 7.19888 -0.816821] covariance = [[0.528305 -0.221996 -0.13046][-0.221996 0.472653 -0.107751][-0.13046 -0.107751 0.69375]]
weight = 0.0155869 mean = [3.7819 4.61213 -4.62355] covariance = [[0.0367239 0.0315585 -0.00721198][0.0315585 0.0458371 -0.000585339][-0.00721198 -0.000585339 0.0533796]]
weight = 1.22357e-05 mean = [1.0195 4.4561 -3.31775] covariance = [[0.370176 0.117068 -0.118893][0.117068 0.055397 -0.0569708][-0.118893 -0.0569708 0.172819]]
weight = 0.00155877 mean = [-1.09005 2.15205 4.77278] covariance = [[12.1203 -4.87721 -6.52016][-4.87721 6.50226 2.52602][-6.52016 2.52602 9.30621]]
weight = 0.961247 mean = [-2.79552 2.39087 -1.98049] covariance = [[2.8525 1.4255 -0.815093][1.4255 3.29721 0.156572][-0.815093 0.156572 0.754878]]
]
2025-05-29 09:39:40 INFO  ren0 [gaussian_mixture_model.h:215] Before splitting
2025-05-29 09:39:40 INFO  ren0 [gaussian_mixture_model.h:216] GMM[
weight = 0.00061777 mean = [1.37463 2.77924 5.46997] covariance = [[2.01009 0.233834 -0.128744][0.233834 2.10266 0.372253][-0.128744 0.372253 2.38207]]
weight = 0.000635616 mean = [1.33851 2.46481 4.9475] covariance = [[0.805585 -0.10955 -0.00642589][-0.10955 0.446148 0.0038365][-0.00642589 0.0038365 0.792496]]
weight = 0.00155494 mean = [-2.41851 7.20153 -0.464444] covariance = [[0.137298 -0.0193476 -0.139039][-0.0193476 0.175773 0.0147444][-0.139039 0.0147444 0.442727]]
weight = 0.0123162 mean = [-2.00412 6.6542 -0.524458] covariance = [[0.595424 -0.310455 0.0704765][-0.310455 0.684799 -0.230408][0.0704765 -0.230408 0.727713]]
weight = 0.00362326 mean = [-2.35721 6.50106 -0.716932] covariance = [[0.0920118 0.0210521 -0.0015483][0.0210521 0.145009 -0.0180608][-0.0015483 -0.0180608 0.341653]]
weight = 0.00734388 mean = [3.78037 4.61031 -4.62165] covariance = [[0.0371238 0.0320581 -0.00778832][0.0320581 0.0466189 -0.00136973][-0.00778832 -0.00136973 0.0540189]]
weight = 1.07009e-05 mean = [1.06661 4.46836 -3.36934] covariance = [[0.399083 0.118395 -0.14359][0.118395 0.0490808 -0.0578539][-0.14359 -0.0578539 0.146204]]
weight = 0.0103174 mean = [1.19716 2.02413 3.52037] covariance = [[3.73318 -0.600219 -0.783237][-0.600219 1.12353 1.16648][-0.783237 1.16648 5.55476]]
weight = 0.96358 mean = [-2.49144 3.13553 -1.8041] covariance = [[1.59972 0.813653 -0.420665][0.813653 3.07354 0.468683][-0.420665 0.468683 0.54527]]
]
2025-05-29 09:39:40 INFO  ren0 [gaussian_mixture_model.h:218] Before merging
2025-05-29 09:39:40 INFO  ren0 [gaussian_mixture_model.h:219] GMM[
weight = 0.000308885 mean = [1.33376 2.30592 4.8107] covariance = [[2.00676 0.195142 -0.182637][0.195142 1.6546 -0.251836][-0.182637 -0.251836 1.51281]]
weight = 0.000635616 mean = [1.33851 2.46481 4.9475] covariance = [[0.805585 -0.10955 -0.00642589][-0.10955 0.446148 0.0038365][-0.00642589 0.0038365 0.792496]]
weight = 0.00155494 mean = [-2.41851 7.20153 -0.464444] covariance = [[0.137298 -0.0193476 -0.139039][-0.0193476 0.175773 0.0147444][-0.139039 0.0147444 0.442727]]
weight = 0.000308885 mean = [1.41551 3.25256 6.12924] covariance = [[2.00676 0.195142 -0.182637][0.195142 1.6546 -0.251836][-0.182637 -0.251836 1.51281]]
weight = 0.0123162 mean = [-2.00412 6.6542 -0.524458] covariance = [[0.595424 -0.310455 0.0704765][-0.310455 0.684799 -0.230408][0.0704765 -0.230408 0.727713]]
weight = 0.00362326 mean = [-2.35721 6.50106 -0.716932] covariance = [[0.0920118 0.0210521 -0.0015483][0.0210521 0.145009 -0.0180608][-0.0015483 -0.0180608 0.341653]]
weight = 0.00734388 mean = [3.78037 4.61031 -4.62165] covariance = [[0.0371238 0.0320581 -0.00778832][0.0320581 0.0466189 -0.00136973][-0.00778832 -0.00136973 0.0540189]]
weight = 1.07009e-05 mean = [1.06661 4.46836 -3.36934] covariance = [[0.399083 0.118395 -0.14359][0.118395 0.0490808 -0.0578539][-0.14359 -0.0578539 0.146204]]
weight = 0.0103174 mean = [1.19716 2.02413 3.52037] covariance = [[3.73318 -0.600219 -0.783237][-0.600219 1.12353 1.16648][-0.783237 1.16648 5.55476]]
weight = 0.96358 mean = [-2.49144 3.13553 -1.8041] covariance = [[1.59972 0.813653 -0.420665][0.813653 3.07354 0.468683][-0.420665 0.468683 0.54527]]
]
2025-05-29 09:39:40 INFO  ren0 [gaussian_mixture_model.h:215] Before splitting
2025-05-29 09:39:40 INFO  ren0 [gaussian_mixture_model.h:216] GMM[
weight = 0.000277849 mean = [0.223584 1.4092 5.97206] covariance = [[4.69571 3.28076 -2.0626][3.28076 4.50353 -1.77913][-2.0626 -1.77913 3.39895]]
weight = 0.000344624 mean = [1.64835 2.18739 4.72713] covariance = [[0.446383 -0.114573 -0.0605416][-0.114573 0.258479 0.0494836][-0.0605416 0.0494836 0.39878]]
weight = 0.00010117 mean = [-1.0235 0.410123 8.07849] covariance = [[2.82715 3.15816 -1.46571][3.15816 6.59797 -2.50041][-1.46571 -2.50041 2.45585]]
weight = 0.00450407 mean = [-2.09957 6.52179 -0.657163] covariance = [[0.493114 -0.173859 0.124042][-0.173859 0.543919 -0.115849][0.124042 -0.115849 0.908194]]
weight = 0.00355369 mean = [-2.39819 6.1996 -0.791465] covariance = [[0.0257946 0.010493 0.00118731][0.010493 0.0675197 0.0023189][0.00118731 0.0023189 0.0944447]]
weight = 0.00176152 mean = [3.77802 4.61056 -4.61647] covariance = [[0.0386446 0.0327977 -0.00862644][0.0327977 0.0480412 -0.00187326][-0.00862644 -0.00187326 0.0562443]]
weight = 1.77176e-05 mean = [1.47819 4.54642 -3.5819] covariance = [[0.152432 0.0393683 -0.0572612][0.0393683 0.0181858 -0.0271899][-0.0572612 -0.0271899 0.0715557]]
weight = 0.00429476 mean = [-0.0949084 2.04983 3.25244] covariance = [[9.36399 -0.467702 1.64955][-0.467702 0.970773 0.569403][1.64955 0.569403 5.84439]]
weight = 0.985145 mean = [-2.17543 1.92295 -2.30691] covariance = [[0.504718 0.0507148 -0.210989][0.0507148 2.0168 0.546834][-0.210989 0.546834 0.350523]]
]
2025-05-29 09:39:40 INFO  ren0 [gaussian_mixture_model.h:218] Before merging
2025-05-29 09:39:40 INFO  ren0 [gaussian_mixture_model.h:219] GMM[
weight = 0.000138925 mean = [1.21481 2.35338 5.32614] covariance = [[2.73068 1.40897 -0.782102][1.40897 2.72059 -0.559396][-0.782102 -0.559396 2.56453]]
weight = 0.000344624 mean = [1.64835 2.18739 4.72713] covariance = [[0.446383 -0.114573 -0.0605416][-0.114573 0.258479 0.0494836][-0.0605416 0.0494836 0.39878]]
weight = 0.000138925 mean = [-0.767638 0.465021 6.61798] covariance = [[2.73068 1.40897 -0.782102][1.40897 2.72059 -0.559396][-0.782102 -0.559396 2.56453]]
weight = 0.00010117 mean = [-1.0235 0.410123 8.07849] covariance = [[2.82715 3.15816 -1.46571][3.15816 6.59797 -2.50041][-1.46571 -2.50041 2.45585]]
weight = 0.00450407 mean = [-2.09957 6.52179 -0.657163] covariance = [[0.493114 -0.173859 0.124042][-0.173859 0.543919 -0.115849][0.124042 -0.115849 0.908194]]
weight = 0.00355369 mean = [-2.39819 6.1996 -0.791465] covariance = [[0.0257946 0.010493 0.00118731][0.010493 0.0675197 0.0023189][0.00118731 0.0023189 0.0944447]]
weight = 0.00176152 mean = [3.77802 4.61056 -4.61647] covariance = [[0.0386446 0.0327977 -0.00862644][0.0327977 0.0480412 -0.00187326][-0.00862644 -0.00187326 0.0562443]]
weight = 1.77176e-05 mean = [1.47819 4.54642 -3.5819] covariance = [[0.152432 0.0393683 -0.0572612][0.0393683 0.0181858 -0.0271899][-0.0572612 -0.0271899 0.0715557]]
weight = 0.00429476 mean = [-0.0949084 2.04983 3.25244] covariance = [[9.36399 -0.467702 1.64955][-0.467702 0.970773 0.569403][1.64955 0.569403 5.84439]]
weight = 0.985145 mean = [-2.17543 1.92295 -2.30691] covariance = [[0.504718 0.0507148 -0.210989][0.0507148 2.0168 0.546834][-0.210989 0.546834 0.350523]]
]
2025-05-29 09:39:40 INFO  ren0 [MIFocalGuidingPathTracer] GMM[
weight = 0.000138925 mean = [1.21481 2.35338 5.32614] covariance = [[2.73068 1.40897 -0.782102][1.40897 2.72059 -0.559396][-0.782102 -0.559396 2.56453]]
weight = 0.000344624 mean = [1.64835 2.18739 4.72713] covariance = [[0.446383 -0.114573 -0.0605416][-0.114573 0.258479 0.0494836][-0.0605416 0.0494836 0.39878]]
weight = 0.000138925 mean = [-0.767638 0.465021 6.61798] covariance = [[2.73068 1.40897 -0.782102][1.40897 2.72059 -0.559396][-0.782102 -0.559396 2.56453]]
weight = 0.00010117 mean = [-1.0235 0.410123 8.07849] covariance = [[2.82715 3.15816 -1.46571][3.15816 6.59797 -2.50041][-1.46571 -2.50041 2.45585]]
weight = 0.00805776 mean = [-2.23127 6.3797 -0.716394] covariance = [[0.309007 -0.0688371 0.0797467][-0.0688371 0.359414 -0.0530669][0.0797467 -0.0530669 0.553765]]
weight = 0.00176152 mean = [3.77802 4.61056 -4.61647] covariance = [[0.0386446 0.0327977 -0.00862644][0.0327977 0.0480412 -0.00187326][-0.00862644 -0.00187326 0.0562443]]
weight = 1.77176e-05 mean = [1.47819 4.54642 -3.5819] covariance = [[0.152432 0.0393683 -0.0572612][0.0393683 0.0181858 -0.0271899][-0.0572612 -0.0271899 0.0715557]]
weight = 0.00429476 mean = [-0.0949084 2.04983 3.25244] covariance = [[9.36399 -0.467702 1.64955][-0.467702 0.970773 0.569403][1.64955 0.569403 5.84439]]
weight = 0.985145 mean = [-2.17543 1.92295 -2.30691] covariance = [[0.504718 0.0507148 -0.210989][0.0507148 2.0168 0.546834][-0.210989 0.546834 0.350523]]
]
2025-05-29 09:39:40 INFO  ren0 [octree.h:534] root weight: 5.654e+04 (56543.097656)
2025-05-29 09:39:40 INFO  ren0 [octree.h:535] splitting threshold: 5.654e+01 (56.543098)
2025-05-29 09:39:40 INFO  ren0 [octree.h:534] root weight: 1.790e+04 (17898.033203)
2025-05-29 09:39:40 INFO  ren0 [octree.h:535] splitting threshold: 1.790e+01 (17.898033)
2025-05-29 09:39:40 INFO  ren0 [octree.h:550] node count: 1208 -> 1252 -> 1230

2025-05-29 09:39:40 INFO  ren0 [octree.h:550] node count: 731 -> 731 -> 725

2025-05-29 09:39:40 INFO  ren0 [MIFocalGuidingPathTracer] ITERATION 11, until 120.0 seconds
2025-05-29 09:40:13 INFO  ren0 [MIFocalGuidingPathTracer]   316.60 seconds elapsed, passes this iteration: 1, total passes: 14
2025-05-29 09:40:13 INFO  ren0 [MIFocalGuidingPathTracer] Got 453968 non-zero samples
2025-05-29 09:40:13 INFO  ren0 [gaussian_mixture_model.h:821] Processing mega batch of size 453968
2025-05-29 09:40:13 INFO  ren0 [gaussian_mixture_model.h:828] will process 5 batches
2025-05-29 09:40:13 INFO  ren0 [gaussian_mixture_model.h:215] Before splitting
2025-05-29 09:40:13 INFO  ren0 [gaussian_mixture_model.h:216] GMM[
weight = 8.37617e-07 mean = [1.23542 3.42998 3.24905] covariance = [[4.64397 4.80635 -4.84221][4.80635 8.75088 -9.20175][-4.84221 -9.20175 16.2308]]
weight = 5.83079e-07 mean = [1.64401 2.17935 4.73423] covariance = [[0.446932 -0.1165 -0.0530424][-0.1165 0.264638 0.0380905][-0.0530424 0.0380905 0.413778]]
weight = 4.11098e-08 mean = [-0.292893 1.58229 5.8107] covariance = [[2.58974 1.57743 -1.50253][1.57743 3.89823 -2.38329][-1.50253 -2.38329 6.67543]]
weight = 2.17274e-07 mean = [-0.690611 1.10604 7.81171] covariance = [[3.0881 3.82336 -1.92291][3.82336 8.4609 -3.6159][-1.92291 -3.6159 3.22352]]
weight = 0.00880249 mean = [-2.23448 5.82521 -0.781295] covariance = [[0.00166744 -0.00038396 0.00105312][-0.00038396 0.220953 0.0977136][0.00105312 0.0977136 0.0488924]]
weight = 3.09345e-06 mean = [3.7956 4.61849 -4.57465] covariance = [[0.0535377 0.0391025 0.00186858][0.0391025 0.0580411 0.00183575][0.00186858 0.00183575 0.0860508]]
weight = 1.42995e-06 mean = [1.47589 4.63464 -3.32108] covariance = [[0.295389 0.0628682 -0.0376965][0.0628682 0.0185456 -0.0150184][-0.0376965 -0.0150184 0.0615725]]
weight = 0.00167017 mean = [-3.63993 2.54768 -3.87408] covariance = [[0.349968 0.0193656 0.158288][0.0193656 0.0914317 0.00695836][0.158288 0.00695836 0.668641]]
weight = 0.989521 mean = [-2.20976 3.76422 -1.68411] covariance = [[0.00150097 -0.00819742 -0.0041644][-0.00819742 0.643129 0.27973][-0.0041644 0.27973 0.122482]]
]
2025-05-29 09:40:13 INFO  ren0 [gaussian_mixture_model.h:218] Before merging
2025-05-29 09:40:13 INFO  ren0 [gaussian_mixture_model.h:219] GMM[
weight = 4.18808e-07 mean = [2.02588 4.78238 1.32173] covariance = [[3.39433 2.66831 -1.79526][2.66831 5.0929 -3.9887][-1.79526 -3.9887 8.80167]]
weight = 5.83079e-07 mean = [1.64401 2.17935 4.73423] covariance = [[0.446932 -0.1165 -0.0530424][-0.1165 0.264638 0.0380905][-0.0530424 0.0380905 0.413778]]
weight = 4.11098e-08 mean = [-0.292893 1.58229 5.8107] covariance = [[2.58974 1.57743 -1.50253][1.57743 3.89823 -2.38329][-1.50253 -2.38329 6.67543]]
weight = 2.17274e-07 mean = [-0.690611 1.10604 7.81171] covariance = [[3.0881 3.82336 -1.92291][3.82336 8.4609 -3.6159][-1.92291 -3.6159 3.22352]]
weight = 4.18808e-07 mean = [0.444958 2.07758 5.17638] covariance = [[3.39433 2.66831 -1.79526][2.66831 5.0929 -3.9887][-1.79526 -3.9887 8.80167]]
weight = 0.00880249 mean = [-2.23448 5.82521 -0.781295] covariance = [[0.00166744 -0.00038396 0.00105312][-0.00038396 0.220953 0.0977136][0.00105312 0.0977136 0.0488924]]
weight = 3.09345e-06 mean = [3.7956 4.61849 -4.57465] covariance = [[0.0535377 0.0391025 0.00186858][0.0391025 0.0580411 0.00183575][0.00186858 0.00183575 0.0860508]]
weight = 1.42995e-06 mean = [1.47589 4.63464 -3.32108] covariance = [[0.295389 0.0628682 -0.0376965][0.0628682 0.0185456 -0.0150184][-0.0376965 -0.0150184 0.0615725]]
weight = 0.00167017 mean = [-3.63993 2.54768 -3.87408] covariance = [[0.349968 0.0193656 0.158288][0.0193656 0.0914317 0.00695836][0.158288 0.00695836 0.668641]]
weight = 0.989521 mean = [-2.20976 3.76422 -1.68411] covariance = [[0.00150097 -0.00819742 -0.0041644][-0.00819742 0.643129 0.27973][-0.0041644 0.27973 0.122482]]
]
2025-05-29 09:40:13 INFO  ren0 [gaussian_mixture_model.h:215] Before splitting
2025-05-29 09:40:13 INFO  ren0 [gaussian_mixture_model.h:216] GMM[
weight = 0.00919803 mean = [-2.24065 5.48687 -1.01879] covariance = [[0.0018368 0.00188591 0.00349164][0.00188591 0.338746 0.175319][0.00349164 0.175319 0.103448]]
weight = 0.0137758 mean = [-3.00154 2.11932 -3.87183] covariance = [[0.476389 -0.264156 0.0971755][-0.264156 0.228437 -0.0206247][0.0971755 -0.0206247 0.211916]]
weight = 0.977026 mean = [-2.20551 3.55807 -1.77543] covariance = [[0.000973743 -0.0041221 -0.00213408][-0.0041221 0.570764 0.248978][-0.00213408 0.248978 0.108976]]
]
2025-05-29 09:40:13 INFO  ren0 [gaussian_mixture_model.h:218] Before merging
2025-05-29 09:40:13 INFO  ren0 [gaussian_mixture_model.h:219] GMM[
weight = 0.00459901 mean = [-2.24318 5.19682 -1.17347] covariance = [[0.00183404 0.000420733 0.00271028][0.000420733 0.170493 0.0855866][0.00271028 0.0855866 0.0556048]]
weight = 0.00688792 mean = [-3.34069 2.32916 -3.9544] covariance = [[0.246356 -0.121822 0.0411707][-0.121822 0.140381 0.0140269][0.0411707 0.0140269 0.198291]]
weight = 0.488513 mean = [-2.20832 3.9358 -1.61056] covariance = [[0.000967913 -0.0019967 -0.00120643][-0.0019967 0.285417 0.124432][-0.00120643 0.124432 0.0546269]]
weight = 0.00459901 mean = [-2.23812 5.77693 -0.864105] covariance = [[0.00183404 0.000420733 0.00271028][0.000420733 0.170493 0.0855866][0.00271028 0.0855866 0.0556048]]
weight = 0.00688792 mean = [-2.6624 1.90948 -3.78927] covariance = [[0.246356 -0.121822 0.0411707][-0.121822 0.140381 0.0140269][0.0411707 0.0140269 0.198291]]
weight = 0.488513 mean = [-2.20269 3.18034 -1.94029] covariance = [[0.000967913 -0.0019967 -0.00120643][-0.0019967 0.285417 0.124432][-0.00120643 0.124432 0.0546269]]
]
2025-05-29 09:40:13 INFO  ren0 [gaussian_mixture_model.h:215] Before splitting
2025-05-29 09:40:13 INFO  ren0 [gaussian_mixture_model.h:216] GMM[
weight = 0.000577547 mean = [-2.93341 1.99482 -3.82075] covariance = [[0.652085 -0.522659 0.162233][-0.522659 0.449018 -0.158589][0.162233 -0.158589 0.177938]]
weight = 0.376635 mean = [-2.21733 4.36489 -1.41992] covariance = [[0.000211904 -0.00617368 -0.00275138][-0.00617368 0.536126 0.235688][-0.00275138 0.235688 0.103627]]
weight = 0.00499268 mean = [-2.21937 5.27179 -1.12017] covariance = [[0.00536658 -0.00765829 0.000144241][-0.00765829 0.312709 0.145397][0.000144241 0.145397 0.0808655]]
weight = 0.00930902 mean = [-2.53871 1.61194 -3.4235] covariance = [[0.419925 -0.35252 0.280519][-0.35252 0.373079 -0.291857][0.280519 -0.291857 0.426637]]
weight = 0.608486 mean = [-2.2045 3.34169 -1.87009] covariance = [[0.000518326 -0.00302017 -0.00149299][-0.00302017 0.413275 0.180588][-0.00149299 0.180588 0.0790959]]
]
2025-05-29 09:40:13 INFO  ren0 [gaussian_mixture_model.h:218] Before merging
2025-05-29 09:40:13 INFO  ren0 [gaussian_mixture_model.h:219] GMM[
weight = 0.000288774 mean = [-3.33233 2.32642 -3.94315] covariance = [[0.333818 -0.258092 0.0645766][-0.258092 0.229108 -0.0774124][0.0645766 -0.0774124 0.147984]]
weight = 0.000288774 mean = [-2.53448 1.66322 -3.69835] covariance = [[0.333818 -0.258092 0.0645766][-0.258092 0.229108 -0.0774124][0.0645766 -0.0774124 0.147984]]
weight = 0.188318 mean = [-2.2131 3.99879 -1.58087] covariance = [[0.000186184 -0.0030793 -0.00139101][-0.0030793 0.268074 0.117842][-0.00139101 0.117842 0.0518289]]
weight = 0.188318 mean = [-2.22156 4.73099 -1.25898] covariance = [[0.000186184 -0.0030793 -0.00139101][-0.0030793 0.268074 0.117842][-0.00139101 0.117842 0.0518289]]
weight = 0.00249634 mean = [-2.22497 5.5505 -0.985983] covariance = [[0.00531379 -0.00453509 0.00164787][-0.00453509 0.15736 0.0706007][0.00164787 0.0706007 0.0448656]]
weight = 0.00249634 mean = [-2.21377 4.99308 -1.25435] covariance = [[0.00531379 -0.00453509 0.00164787][-0.00453509 0.15736 0.0706007][0.00164787 0.0706007 0.0448656]]
weight = 0.00465451 mean = [-2.84025 1.9026 -3.70725] covariance = [[0.238084 -0.177227 0.109395][-0.177227 0.204118 -0.126904][0.109395 -0.126904 0.265616]]
weight = 0.304243 mean = [-2.2069 3.66311 -1.72959] covariance = [[0.000516799 -0.00147683 -0.000818345][-0.00147683 0.20666 0.0902651][-0.000818345 0.0902651 0.0396227]]
weight = 0.00465451 mean = [-2.23717 1.32127 -3.13975] covariance = [[0.238084 -0.177227 0.109395][-0.177227 0.204118 -0.126904][0.109395 -0.126904 0.265616]]
weight = 0.304243 mean = [-2.2021 3.02027 -2.0106] covariance = [[0.000516799 -0.00147683 -0.000818345][-0.00147683 0.20666 0.0902651][-0.000818345 0.0902651 0.0396227]]
]
2025-05-29 09:40:13 INFO  ren0 [gaussian_mixture_model.h:215] Before splitting
2025-05-29 09:40:13 INFO  ren0 [gaussian_mixture_model.h:216] GMM[
weight = 0.310057 mean = [-2.2075 3.55096 -1.77802] covariance = [[9.44816e-05 -0.0050337 -0.00222055][-0.0050337 0.410374 0.18053][-0.00222055 0.18053 0.0794329]]
weight = 0.1637 mean = [-2.22462 4.90158 -1.18373] covariance = [[5.88709e-05 -0.00378432 -0.00166473][-0.00378432 0.300554 0.132222][-0.00166473 0.132222 0.0581813]]
weight = 1.55596e-05 mean = [-2.22485 5.18163 -1.12574] covariance = [[0.00598766 -0.0115155 -0.00228465][-0.0115155 0.0922607 0.0226339][-0.00228465 0.0226339 0.0140111]]
weight = 0.000509097 mean = [-2.21619 5.20074 -1.14745] covariance = [[0.00553723 -0.00928668 -0.000625268][-0.00928668 0.350502 0.159506][-0.000625268 0.159506 0.0851471]]
weight = 0.176098 mean = [-2.20268 3.24418 -1.91337] covariance = [[5.16818e-05 -0.000485933 -0.000226879][-0.000485933 0.0671042 0.0294212][-0.000226879 0.0294212 0.0129133]]
weight = 0.000967054 mean = [-2.60339 1.67437 -3.47483] covariance = [[0.418393 -0.353767 0.28293][-0.353767 0.368752 -0.288964][0.28293 -0.288964 0.413429]]
weight = 0.348654 mean = [-2.20266 3.16432 -1.94816] covariance = [[0.000112919 -0.00057707 -0.000286446][-0.00057707 0.0964805 0.0421532][-0.000286446 0.0421532 0.0184583]]
]
2025-05-29 09:40:13 INFO  ren0 [gaussian_mixture_model.h:218] Before merging
2025-05-29 09:40:13 INFO  ren0 [gaussian_mixture_model.h:219] GMM[
weight = 0.155028 mean = [-2.21143 3.87126 -1.63711] covariance = [[7.35779e-05 -0.00251556 -0.00111275][-0.00251556 0.205198 0.0902628][-0.00111275 0.0902628 0.0397316]]
weight = 0.0818498 mean = [-2.22807 5.17569 -1.06314] covariance = [[4.50456e-05 -0.00189213 -0.000832269][-0.00189213 0.150288 0.0661092][-0.000832269 0.0661092 0.0291051]]
weight = 0.155028 mean = [-2.20357 3.23066 -1.91893] covariance = [[7.35779e-05 -0.00251556 -0.00111275][-0.00251556 0.205198 0.0902628][-0.00111275 0.0902628 0.0397316]]
weight = 0.0818498 mean = [-2.22117 4.62747 -1.30433] covariance = [[4.50456e-05 -0.00189213 -0.000832269][-0.00189213 0.150288 0.0661092][-0.000832269 0.0661092 0.0291051]]
weight = 7.77982e-06 mean = [-2.20528 5.03021 -1.16621] covariance = [[0.00523145 -0.00558795 -0.000700339][-0.00558795 0.0464135 0.0103772][-0.000700339 0.0103772 0.0107452]]
weight = 0.000509097 mean = [-2.21619 5.20074 -1.14745] covariance = [[0.00553723 -0.00928668 -0.000625268][-0.00928668 0.350502 0.159506][-0.000625268 0.159506 0.0851471]]
weight = 7.77982e-06 mean = [-2.24442 5.33305 -1.08527] covariance = [[0.00523145 -0.00558795 -0.000700339][-0.00558795 0.0464135 0.0103772][-0.000700339 0.0103772 0.0107452]]
weight = 0.176098 mean = [-2.20268 3.24418 -1.91337] covariance = [[5.16818e-05 -0.000485933 -0.000226879][-0.000485933 0.0671042 0.0294212][-0.000226879 0.0294212 0.0129133]]
weight = 0.000967054 mean = [-2.60339 1.67437 -3.47483] covariance = [[0.418393 -0.353767 0.28293][-0.353767 0.368752 -0.288964][0.28293 -0.288964 0.413429]]
weight = 0.348654 mean = [-2.20266 3.16432 -1.94816] covariance = [[0.000112919 -0.00057707 -0.000286446][-0.00057707 0.0964805 0.0421532][-0.000286446 0.0421532 0.0184583]]
]
2025-05-29 09:40:14 INFO  ren0 [gaussian_mixture_model.h:215] Before splitting
2025-05-29 09:40:14 INFO  ren0 [gaussian_mixture_model.h:216] GMM[
weight = 0.121596 mean = [-2.21146 3.82295 -1.65806] covariance = [[3.34598e-05 -0.00188579 -0.000829359][-0.00188579 0.156498 0.0688173][-0.000829359 0.0688173 0.0302731]]
weight = 0.0213606 mean = [-2.2422 6.32708 -0.556791] covariance = [[8.31939e-05 -0.00595806 -0.00262037][-0.00595806 0.484562 0.213099][-0.00262037 0.213099 0.0937279]]
weight = 0.172186 mean = [-2.22271 4.74541 -1.25241] covariance = [[6.41159e-05 -0.00427378 -0.0018802][-0.00427378 0.342405 0.150615][-0.0018802 0.150615 0.0662641]]
weight = 0.0254091 mean = [-2.13973 4.27748 -1.50903] covariance = [[0.00737725 0.0365001 0.0178327][0.0365001 0.618371 0.245307][0.0178327 0.245307 0.100529]]
weight = 0.0574646 mean = [-2.97623 2.02729 -3.88659] covariance = [[0.281696 -0.222963 0.0698179][-0.222963 0.210901 -0.0747887][0.0698179 -0.0747887 0.10686]]
weight = 0.601984 mean = [-2.20451 3.20685 -1.92909] covariance = [[8.28008e-05 -0.000381117 -0.000187263][-0.000381117 0.0750938 0.0328557][-0.000187263 0.0328557 0.0144024]]
]
2025-05-29 09:40:14 INFO  ren0 [gaussian_mixture_model.h:218] Before merging
2025-05-29 09:40:14 INFO  ren0 [gaussian_mixture_model.h:219] GMM[
weight = 0.0607982 mean = [-2.20908 3.62516 -1.74505] covariance = [[3.20963e-05 -0.000942826 -0.000414684][-0.000942826 0.07826 0.0344068][-0.000414684 0.0344068 0.0151508]]
weight = 0.0106803 mean = [-2.23793 5.97903 -0.709859] covariance = [[5.65627e-05 -0.00297896 -0.00131021][-0.00297896 0.242292 0.106548][-0.00131021 0.106548 0.0468781]]
weight = 0.0607982 mean = [-2.21385 4.02075 -1.57108] covariance = [[3.20963e-05 -0.000942826 -0.000414684][-0.000942826 0.07826 0.0344068][-0.000414684 0.0344068 0.0151508]]
weight = 0.0860928 mean = [-2.21906 4.45283 -1.38111] covariance = [[4.74414e-05 -0.0021368 -0.000940163][-0.0021368 0.171213 0.0753058][-0.000940163 0.0753058 0.0331463]]
weight = 0.0106803 mean = [-2.24648 6.67513 -0.403723] covariance = [[5.65627e-05 -0.00297896 -0.00131021][-0.00297896 0.242292 0.106548][-0.00131021 0.106548 0.0468781]]
weight = 0.0127045 mean = [-2.11563 4.6705 -1.3523] covariance = [[0.00622513 0.0175525 0.010277][0.0175525 0.309453 0.122116][0.010277 0.122116 0.0514136]]
weight = 0.0860928 mean = [-2.22636 5.03798 -1.12371] covariance = [[4.74414e-05 -0.0021368 -0.000940163][-0.0021368 0.171213 0.0753058][-0.000940163 0.0753058 0.0331463]]
weight = 0.0127045 mean = [-2.16384 3.88446 -1.66575] covariance = [[0.00622513 0.0175525 0.010277][0.0175525 0.309453 0.122116][0.010277 0.122116 0.0514136]]
weight = 0.0574646 mean = [-2.97623 2.02729 -3.88659] covariance = [[0.281696 -0.222963 0.0698179][-0.222963 0.210901 -0.0747887][0.0698179 -0.0747887 0.10686]]
weight = 0.601984 mean = [-2.20451 3.20685 -1.92909] covariance = [[8.28008e-05 -0.000381117 -0.000187263][-0.000381117 0.0750938 0.0328557][-0.000187263 0.0328557 0.0144024]]
]
2025-05-29 09:40:14 INFO  ren0 [MIFocalGuidingPathTracer] GMM[
weight = 0.0607982 mean = [-2.20908 3.62516 -1.74505] covariance = [[3.20963e-05 -0.000942826 -0.000414684][-0.000942826 0.07826 0.0344068][-0.000414684 0.0344068 0.0151508]]
weight = 0.0106803 mean = [-2.23793 5.97903 -0.709859] covariance = [[5.65627e-05 -0.00297896 -0.00131021][-0.00297896 0.242292 0.106548][-0.00131021 0.106548 0.0468781]]
weight = 0.0607982 mean = [-2.21385 4.02075 -1.57108] covariance = [[3.20963e-05 -0.000942826 -0.000414684][-0.000942826 0.07826 0.0344068][-0.000414684 0.0344068 0.0151508]]
weight = 0.0860928 mean = [-2.21906 4.45283 -1.38111] covariance = [[4.74414e-05 -0.0021368 -0.000940163][-0.0021368 0.171213 0.0753058][-0.000940163 0.0753058 0.0331463]]
weight = 0.0106803 mean = [-2.24648 6.67513 -0.403723] covariance = [[5.65627e-05 -0.00297896 -0.00131021][-0.00297896 0.242292 0.106548][-0.00131021 0.106548 0.0468781]]
weight = 0.0127045 mean = [-2.11563 4.6705 -1.3523] covariance = [[0.00622513 0.0175525 0.010277][0.0175525 0.309453 0.122116][0.010277 0.122116 0.0514136]]
weight = 0.0860928 mean = [-2.22636 5.03798 -1.12371] covariance = [[4.74414e-05 -0.0021368 -0.000940163][-0.0021368 0.171213 0.0753058][-0.000940163 0.0753058 0.0331463]]
weight = 0.0127045 mean = [-2.16384 3.88446 -1.66575] covariance = [[0.00622513 0.0175525 0.010277][0.0175525 0.309453 0.122116][0.010277 0.122116 0.0514136]]
weight = 0.659448 mean = [-2.27176 3.10406 -2.09967] covariance = [[0.0720064 0.0526336 0.126079][0.0526336 0.197618 0.207149][0.126079 0.207149 0.327278]]
]
2025-05-29 09:40:14 INFO  ren0 [octree.h:534] root weight: 1.690e+06 (1689533.375000)
2025-05-29 09:40:14 INFO  ren0 [octree.h:535] splitting threshold: 1.690e+03 (1689.533447)
2025-05-29 09:40:14 INFO  ren0 [octree.h:534] root weight: 8.371e+03 (8370.898438)
2025-05-29 09:40:14 INFO  ren0 [octree.h:535] splitting threshold: 8.371e+00 (8.370899)
2025-05-29 09:40:14 INFO  ren0 [octree.h:550] node count: 1230 -> 1694 -> 1616

2025-05-29 09:40:14 INFO  ren0 [octree.h:550] node count: 725 -> 725 -> 706

2025-05-29 09:40:14 INFO  ren0 [MIFocalGuidingPathTracer] ITERATION 12, until 130.0 seconds
2025-05-29 09:40:37 INFO  ren0 [MIFocalGuidingPathTracer]   341.10 seconds elapsed, passes this iteration: 1, total passes: 15
2025-05-29 09:40:37 INFO  ren0 [MIFocalGuidingPathTracer] Got 1087141 non-zero samples
2025-05-29 09:40:37 INFO  ren0 [gaussian_mixture_model.h:821] Processing mega batch of size 1087141
2025-05-29 09:40:37 INFO  ren0 [gaussian_mixture_model.h:828] will process 11 batches
2025-05-29 09:40:38 INFO  ren0 [gaussian_mixture_model.h:215] Before splitting
2025-05-29 09:40:38 INFO  ren0 [gaussian_mixture_model.h:216] GMM[
weight = 0.277606 mean = [-2.20554 3.40014 -1.84604] covariance = [[3.56978e-05 -0.00173876 -0.000771799][-0.00173876 0.131172 0.0580744][-0.000771799 0.0580744 0.0257321]]
weight = 0.0153023 mean = [-2.2422 6.32699 -0.556833] covariance = [[8.30988e-05 -0.0059587 -0.0026211][-0.0059587 0.484518 0.213083][-0.0026211 0.213083 0.0937215]]
weight = 0.0084732 mean = [-2.20289 3.20995 -1.93053] covariance = [[9.23306e-06 -3.44782e-06 -1.18128e-05][-3.44782e-06 0.000776367 0.000379617][-1.18128e-05 0.000379617 0.000199334]]
weight = 0.129637 mean = [-2.22174 4.67062 -1.28545] covariance = [[8.02252e-05 -0.00549012 -0.00241803][-0.00549012 0.435161 0.191621][-0.00241803 0.191621 0.0843925]]
weight = 8.05727e-07 mean = [-2.2162 5.95613 -0.740244] covariance = [[2.96451e-05 -0.00109439 -0.000519964][-0.00109439 0.0660157 0.0312627][-0.000519964 0.0312627 0.0148456]]
weight = 0.0190043 mean = [-2.14173 4.23526 -1.52581] covariance = [[0.00717285 0.0370222 0.0178954][0.0370222 0.637446 0.252822][0.0178954 0.252822 0.103367]]
weight = 4.26021e-05 mean = [-2.2072 3.7364 -1.70189] covariance = [[0.000122106 -0.00692518 -0.00305216][-0.00692518 0.992677 0.430381][-0.00305216 0.430381 0.186637]]
weight = 0.0112573 mean = [-2.1876 3.22713 -1.92549] covariance = [[8.46719e-05 -0.000114924 -5.58176e-05][-0.000114924 0.00420261 0.00127869][-5.58176e-05 0.00127869 0.000470987]]
weight = 0.538677 mean = [-2.20137 3.18583 -1.93387] covariance = [[0.000178514 -0.000253185 -0.000101696][-0.000253185 0.11107 0.0387439][-0.000101696 0.0387439 0.0148062]]
]
2025-05-29 09:40:38 INFO  ren0 [gaussian_mixture_model.h:218] Before merging
2025-05-29 09:40:38 INFO  ren0 [gaussian_mixture_model.h:219] GMM[
weight = 0.138803 mean = [-2.20314 3.21905 -1.92622] covariance = [[3.41623e-05 -0.000868958 -0.000386659][-0.000868958 0.0655975 0.029034][-0.000386659 0.029034 0.0128833]]
weight = 0.0153023 mean = [-2.2422 6.32699 -0.556833] covariance = [[8.30988e-05 -0.0059587 -0.0026211][-0.0059587 0.484518 0.213083][-0.0026211 0.213083 0.0937215]]
weight = 0.0084732 mean = [-2.20289 3.20995 -1.93053] covariance = [[9.23306e-06 -3.44782e-06 -1.18128e-05][-3.44782e-06 0.000776367 0.000379617][-1.18128e-05 0.000379617 0.000199334]]
weight = 0.129637 mean = [-2.22174 4.67062 -1.28545] covariance = [[8.02252e-05 -0.00549012 -0.00241803][-0.00549012 0.435161 0.191621][-0.00241803 0.191621 0.0843925]]
weight = 8.05727e-07 mean = [-2.2162 5.95613 -0.740244] covariance = [[2.96451e-05 -0.00109439 -0.000519964][-0.00109439 0.0660157 0.0312627][-0.000519964 0.0312627 0.0148456]]
weight = 0.0190043 mean = [-2.14173 4.23526 -1.52581] covariance = [[0.00717285 0.0370222 0.0178954][0.0370222 0.637446 0.252822][0.0178954 0.252822 0.103367]]
weight = 4.26021e-05 mean = [-2.2072 3.7364 -1.70189] covariance = [[0.000122106 -0.00692518 -0.00305216][-0.00692518 0.992677 0.430381][-0.00305216 0.430381 0.186637]]
weight = 0.0112573 mean = [-2.1876 3.22713 -1.92549] covariance = [[8.46719e-05 -0.000114924 -5.58176e-05][-0.000114924 0.00420261 0.00127869][-5.58176e-05 0.00127869 0.000470987]]
weight = 0.138803 mean = [-2.20794 3.58122 -1.76585] covariance = [[3.41623e-05 -0.000868958 -0.000386659][-0.000868958 0.0655975 0.029034][-0.000386659 0.029034 0.0128833]]
weight = 0.538677 mean = [-2.20137 3.18583 -1.93387] covariance = [[0.000178514 -0.000253185 -0.000101696][-0.000253185 0.11107 0.0387439][-0.000101696 0.0387439 0.0148062]]
]
2025-05-29 09:40:38 INFO  ren0 [gaussian_mixture_model.h:215] Before splitting
2025-05-29 09:40:38 INFO  ren0 [gaussian_mixture_model.h:216] GMM[
weight = 0.368085 mean = [-2.20357 3.22983 -1.91657] covariance = [[2.97872e-05 -0.000487234 -0.00021117][-0.000487234 0.0384415 0.0167555][-0.00021117 0.0167555 0.00732942]]
weight = 0.0561811 mean = [-2.20545 3.18665 -1.93748] covariance = [[1.13808e-05 1.64461e-05 1.67667e-06][1.64461e-05 0.000139766 4.53781e-05][1.67667e-06 4.53781e-05 2.57641e-05]]
weight = 0.0569361 mean = [-2.21583 4.20149 -1.49049] covariance = [[0.00013808 -0.00980051 -0.00429685][-0.00980051 0.777779 0.340919][-0.00429685 0.340919 0.149446]]
weight = 0.00658478 mean = [-2.15087 4.1151 -1.57403] covariance = [[0.00792249 0.0462186 0.0208053][0.0462186 0.940543 0.370701][0.0208053 0.370701 0.149565]]
weight = 0.000136172 mean = [-2.20073 4.11701 -1.54229] covariance = [[0.0012433 -0.0394976 -0.0176829][-0.0394976 2.11369 0.928366][-0.0176829 0.928366 0.407981]]
weight = 0.0248034 mean = [-2.19736 3.18893 -1.93339] covariance = [[5.17386e-05 7.8779e-05 2.01465e-05][7.8779e-05 0.00114028 0.000299024][2.01465e-05 0.000299024 0.000108027]]
weight = 0.0856015 mean = [-2.20295 3.18078 -1.937] covariance = [[2.38909e-05 1.07998e-05 3.95162e-06][1.07998e-05 0.00020434 6.03139e-05][3.95162e-06 6.03139e-05 3.02974e-05]]
weight = 0.401672 mean = [-2.20241 3.17219 -1.93686] covariance = [[0.000129049 -0.000255023 -6.65396e-05][-0.000255023 0.0485317 0.0169394][-6.65396e-05 0.0169394 0.00655722]]
]
2025-05-29 09:40:38 INFO  ren0 [gaussian_mixture_model.h:218] Before merging
2025-05-29 09:40:38 INFO  ren0 [gaussian_mixture_model.h:219] GMM[
weight = 0.184043 mean = [-2.20233 3.13181 -1.95933] covariance = [[3.67021e-05 -0.000243734 -0.000104975][-0.000243734 0.0192325 0.00837373][-0.000104975 0.00837373 0.00368396]]
weight = 0.184043 mean = [-2.20481 3.32786 -1.87382] covariance = [[3.67021e-05 -0.000243734 -0.000104975][-0.000243734 0.0192325 0.00837373][-0.000104975 0.00837373 0.00368396]]
weight = 0.0280906 mean = [-2.20476 3.19254 -1.93544] covariance = [[2.04367e-05 8.34983e-06 -1.12644e-06][8.34983e-06 8.03357e-05 2.13396e-05][-1.12644e-06 2.13396e-05 2.74414e-05]]
weight = 0.0569361 mean = [-2.21583 4.20149 -1.49049] covariance = [[0.00013808 -0.00980051 -0.00429685][-0.00980051 0.777779 0.340919][-0.00429685 0.340919 0.149446]]
weight = 0.0280906 mean = [-2.20614 3.18075 -1.93952] covariance = [[2.04367e-05 8.34983e-06 -1.12644e-06][8.34983e-06 8.03357e-05 2.13396e-05][-1.12644e-06 2.13396e-05 2.74414e-05]]
weight = 0.00658478 mean = [-2.15087 4.1151 -1.57403] covariance = [[0.00792249 0.0462186 0.0208053][0.0462186 0.940543 0.370701][0.0208053 0.370701 0.149565]]
weight = 0.000136172 mean = [-2.20073 4.11701 -1.54229] covariance = [[0.0012433 -0.0394976 -0.0176829][-0.0394976 2.11369 0.928366][-0.0176829 0.928366 0.407981]]
weight = 0.0248034 mean = [-2.19736 3.18893 -1.93339] covariance = [[5.17386e-05 7.8779e-05 2.01465e-05][7.8779e-05 0.00114028 0.000299024][2.01465e-05 0.000299024 0.000108027]]
weight = 0.0856015 mean = [-2.20295 3.18078 -1.937] covariance = [[2.38909e-05 1.07998e-05 3.95162e-06][1.07998e-05 0.00020434 6.03139e-05][3.95162e-06 6.03139e-05 3.02974e-05]]
weight = 0.401672 mean = [-2.20241 3.17219 -1.93686] covariance = [[0.000129049 -0.000255023 -6.65396e-05][-0.000255023 0.0485317 0.0169394][-6.65396e-05 0.0169394 0.00655722]]
]
2025-05-29 09:40:38 INFO  ren0 [gaussian_mixture_model.h:215] Before splitting
2025-05-29 09:40:38 INFO  ren0 [gaussian_mixture_model.h:216] GMM[
weight = 0.197238 mean = [-2.20311 3.21759 -1.92468] covariance = [[2.46184e-05 -0.000283158 -0.000114055][-0.000283158 0.0192673 0.0083032][-0.000114055 0.0083032 0.0036389]]
weight = 0.0809569 mean = [-2.20341 3.21358 -1.93106] covariance = [[2.19318e-05 -7.0958e-05 -1.04251e-05][-7.0958e-05 0.000735705 0.000122975][-1.04251e-05 0.000122975 4.04948e-05]]
weight = 0.0159758 mean = [-2.21477 4.12828 -1.52277] covariance = [[0.000143458 -0.0100665 -0.00441597][-0.0100665 0.788457 0.345769][-0.00441597 0.345769 0.151648]]
weight = 0.00237185 mean = [-2.15143 4.26877 -1.49762] covariance = [[0.00815659 0.0562766 0.0248803][0.0562766 1.19956 0.495056][0.0248803 0.495056 0.208612]]
weight = 4.24844e-05 mean = [-2.20383 4.2438 -1.48631] covariance = [[0.0012534 -0.0335764 -0.0151555][-0.0335764 1.94838 0.853725][-0.0151555 0.853725 0.374373]]
weight = 0.316311 mean = [-2.20139 3.19603 -1.934] covariance = [[2.2703e-05 -5.72648e-05 -7.12308e-06][-5.72648e-05 0.000745857 0.000109604][-7.12308e-06 0.000109604 2.83286e-05]]
weight = 0.387104 mean = [-2.20587 3.21923 -1.93169] covariance = [[6.13833e-05 -0.000187257 -2.17178e-05][-0.000187257 0.0147208 0.00484223][-2.17178e-05 0.00484223 0.00186301]]
]
2025-05-29 09:40:38 INFO  ren0 [gaussian_mixture_model.h:218] Before merging
2025-05-29 09:40:38 INFO  ren0 [gaussian_mixture_model.h:219] GMM[
weight = 0.0986192 mean = [-2.2021 3.1482 -1.95466] covariance = [[3.25773e-05 -0.000142963 -5.34782e-05][-0.000142963 0.00964763 0.00414233][-5.34782e-05 0.00414233 0.00185103]]
weight = 0.0404785 mean = [-2.20208 3.20003 -1.93338] covariance = [[2.83974e-05 -3.4916e-05 -4.24596e-06][-3.4916e-05 0.000378169 5.99629e-05][-4.24596e-06 5.99629e-05 3.96918e-05]]
weight = 0.0986192 mean = [-2.20412 3.28698 -1.89469] covariance = [[3.25773e-05 -0.000142963 -5.34782e-05][-0.000142963 0.00964763 0.00414233][-5.34782e-05 0.00414233 0.00185103]]
weight = 0.00798789 mean = [-2.2091 3.68431 -1.71747] covariance = [[8.91879e-05 -0.00503291 -0.00220852][-0.00503291 0.394239 0.172882][-0.00220852 0.172882 0.0758397]]
weight = 0.0404785 mean = [-2.20474 3.22714 -1.92873] covariance = [[2.83974e-05 -3.4916e-05 -4.24596e-06][-3.4916e-05 0.000378169 5.99629e-05][-4.24596e-06 5.99629e-05 3.96918e-05]]
weight = 0.00237185 mean = [-2.15143 4.26877 -1.49762] covariance = [[0.00815659 0.0562766 0.0248803][0.0562766 1.19956 0.495056][0.0248803 0.495056 0.208612]]
weight = 4.24844e-05 mean = [-2.20383 4.2438 -1.48631] covariance = [[0.0012534 -0.0335764 -0.0151555][-0.0335764 1.94838 0.853725][-0.0151555 0.853725 0.374373]]
weight = 0.00798789 mean = [-2.22043 4.57226 -1.32807] covariance = [[8.91879e-05 -0.00503291 -0.00220852][-0.00503291 0.394239 0.172882][-0.00220852 0.172882 0.0758397]]
weight = 0.316311 mean = [-2.20139 3.19603 -1.934] covariance = [[2.2703e-05 -5.72648e-05 -7.12308e-06][-5.72648e-05 0.000745857 0.000109604][-7.12308e-06 0.000109604 2.83286e-05]]
weight = 0.387104 mean = [-2.20587 3.21923 -1.93169] covariance = [[6.13833e-05 -0.000187257 -2.17178e-05][-0.000187257 0.0147208 0.00484223][-2.17178e-05 0.00484223 0.00186301]]
]
2025-05-29 09:40:38 INFO  ren0 [gaussian_mixture_model.h:215] Before splitting
2025-05-29 09:40:38 INFO  ren0 [gaussian_mixture_model.h:216] GMM[
weight = 0.141836 mean = [-2.20419 3.20597 -1.93298] covariance = [[1.92255e-05 -5.40709e-06 9.56441e-07][-5.40709e-06 0.000434766 7.54284e-05][9.56441e-07 7.54284e-05 2.53188e-05]]
weight = 0.00469847 mean = [-2.21337 3.96673 -1.59384] covariance = [[0.000133019 -0.00939095 -0.0041244][-0.00939095 0.770868 0.338225][-0.0041244 0.338225 0.148413]]
weight = 0.161318 mean = [-2.20533 3.22811 -1.92963] covariance = [[1.88866e-05 -1.77554e-05 -1.64447e-06][-1.77554e-05 0.000218259 2.98709e-05][-1.64447e-06 2.98709e-05 1.46742e-05]]
weight = 0.00145359 mean = [-2.17063 4.26331 -1.48966] covariance = [[0.0087446 0.0633393 0.0202777][0.0633393 1.18654 0.408076][0.0202777 0.408076 0.15175]]
weight = 3.46996e-05 mean = [-2.24278 5.28127 -1.01714] covariance = [[0.0017084 -0.043451 -0.0196949][-0.043451 1.5513 0.6914][-0.0196949 0.6914 0.308373]]
weight = 0.000123487 mean = [-2.20995 3.37124 -1.85605] covariance = [[8.44633e-05 -0.00262317 -0.00116743][-0.00262317 0.163609 0.0715199][-0.00116743 0.0715199 0.0312757]]
weight = 0.690536 mean = [-2.20081 3.21072 -1.93203] covariance = [[0.000105929 8.8337e-05 2.89949e-05][8.8337e-05 0.00277238 0.000868362][2.89949e-05 0.000868362 0.000333887]]
]
2025-05-29 09:40:38 INFO  ren0 [gaussian_mixture_model.h:218] Before merging
2025-05-29 09:40:38 INFO  ren0 [gaussian_mixture_model.h:219] GMM[
weight = 0.0709179 mean = [-2.20432 3.21639 -1.93112] covariance = [[2.91932e-05 -2.75617e-06 1.42912e-06][-2.75617e-06 0.000227563 3.66998e-05][1.42912e-06 3.66998e-05 2.84133e-05]]
weight = 0.0709179 mean = [-2.20406 3.19555 -1.93483] covariance = [[2.91932e-05 -2.75617e-06 1.42912e-06][-2.75617e-06 0.000227563 3.66998e-05][1.42912e-06 3.66998e-05 2.84133e-05]]
weight = 0.00234924 mean = [-2.21872 4.40572 -1.40122] covariance = [[8.57974e-05 -0.00469465 -0.00206382][-0.00469465 0.385445 0.16911][-0.00206382 0.16911 0.0742215]]
weight = 0.00234924 mean = [-2.20802 3.52773 -1.78645] covariance = [[8.57974e-05 -0.00469465 -0.00206382][-0.00469465 0.385445 0.16911][-0.00206382 0.16911 0.0742215]]
weight = 0.0806592 mean = [-2.20468 3.22073 -1.93069] covariance = [[2.8049e-05 -8.20162e-06 -2.75194e-07][-8.20162e-06 0.000119286 1.42527e-05][-2.75194e-07 1.42527e-05 2.24357e-05]]
weight = 0.00145359 mean = [-2.17063 4.26331 -1.48966] covariance = [[0.0087446 0.0633393 0.0202777][0.0633393 1.18654 0.408076][0.0202777 0.408076 0.15175]]
weight = 3.46996e-05 mean = [-2.24278 5.28127 -1.01714] covariance = [[0.0017084 -0.043451 -0.0196949][-0.043451 1.5513 0.6914][-0.0196949 0.6914 0.308373]]
weight = 0.000123487 mean = [-2.20995 3.37124 -1.85605] covariance = [[8.44633e-05 -0.00262317 -0.00116743][-0.00262317 0.163609 0.0715199][-0.00116743 0.0715199 0.0312757]]
weight = 0.0806592 mean = [-2.20598 3.23549 -1.92857] covariance = [[2.8049e-05 -8.20162e-06 -2.75194e-07][-8.20162e-06 0.000119286 1.42527e-05][-2.75194e-07 1.42527e-05 2.24357e-05]]
weight = 0.690536 mean = [-2.20081 3.21072 -1.93203] covariance = [[0.000105929 8.8337e-05 2.89949e-05][8.8337e-05 0.00277238 0.000868362][2.89949e-05 0.000868362 0.000333887]]
]
2025-05-29 09:40:38 INFO  ren0 [gaussian_mixture_model.h:215] Before splitting
2025-05-29 09:40:38 INFO  ren0 [gaussian_mixture_model.h:216] GMM[
weight = 0.0558913 mean = [-2.19544 3.21019 -1.93169] covariance = [[2.1639e-05 -3.06415e-06 2.6145e-07][-3.06415e-06 5.6011e-05 1.03708e-05][2.6145e-07 1.03708e-05 1.16207e-05]]
weight = 0.102672 mean = [-2.20056 3.20509 -1.93292] covariance = [[4.04882e-05 9.64239e-06 5.44059e-06][9.64239e-06 0.000314545 5.52113e-05][5.44059e-06 5.52113e-05 2.17368e-05]]
weight = 0.00193684 mean = [-2.20706 3.50851 -1.78848] covariance = [[2.64547e-05 -0.00181415 -0.000784463][-0.00181415 0.257144 0.109751][-0.000784463 0.109751 0.0468807]]
weight = 0.0092848 mean = [-2.2072 3.44649 -1.81583] covariance = [[4.32623e-05 -0.0027965 -0.00123196][-0.0027965 0.233976 0.102181][-0.00123196 0.102181 0.0446737]]
weight = 0.122517 mean = [-2.20059 3.21979 -1.93057] covariance = [[4.51334e-05 -5.57155e-05 -5.61416e-06][-5.57155e-05 0.000215557 2.8159e-05][-5.61416e-06 2.8159e-05 1.41535e-05]]
weight = 0.00266999 mean = [-2.24823 3.96256 -1.62661] covariance = [[0.033617 0.097867 0.0521521][0.097867 1.25191 0.553199][0.0521521 0.553199 0.273443]]
weight = 0.000167233 mean = [-2.21644 4.03376 -1.56687] covariance = [[0.000571104 -0.0160681 -0.00730339][-0.0160681 0.99287 0.438143][-0.00730339 0.438143 0.193505]]
weight = 0.0159459 mean = [-2.2019 3.22845 -1.92933] covariance = [[5.32525e-05 -7.0953e-05 -6.62482e-06][-7.0953e-05 0.000176054 2.02698e-05][-6.62482e-06 2.02698e-05 1.2887e-05]]
weight = 0.688914 mean = [-2.19818 3.20552 -1.9326] covariance = [[9.80806e-05 0.000115062 3.12773e-05][0.000115062 0.00151242 0.000457712][3.12773e-05 0.000457712 0.000174718]]
]
2025-05-29 09:40:38 INFO  ren0 [gaussian_mixture_model.h:218] Before merging
2025-05-29 09:40:38 INFO  ren0 [gaussian_mixture_model.h:219] GMM[
weight = 0.0279456 mean = [-2.19514 3.20646 -1.93251] covariance = [[3.14549e-05 -8.04485e-07 7.59809e-07][-8.04485e-07 3.82705e-05 4.2528e-06][7.59809e-07 4.2528e-06 2.02714e-05]]
weight = 0.102672 mean = [-2.20056 3.20509 -1.93292] covariance = [[4.04882e-05 9.64239e-06 5.44059e-06][9.64239e-06 0.000314545 5.52113e-05][5.44059e-06 5.52113e-05 2.17368e-05]]
weight = 0.00193684 mean = [-2.20706 3.50851 -1.78848] covariance = [[2.64547e-05 -0.00181415 -0.000784463][-0.00181415 0.257144 0.109751][-0.000784463 0.109751 0.0468807]]
weight = 0.0092848 mean = [-2.2072 3.44649 -1.81583] covariance = [[4.32623e-05 -0.0027965 -0.00123196][-0.0027965 0.233976 0.102181][-0.00123196 0.102181 0.0446737]]
weight = 0.122517 mean = [-2.20059 3.21979 -1.93057] covariance = [[4.51334e-05 -5.57155e-05 -5.61416e-06][-5.57155e-05 0.000215557 2.8159e-05][-5.61416e-06 2.8159e-05 1.41535e-05]]
weight = 0.00266999 mean = [-2.24823 3.96256 -1.62661] covariance = [[0.033617 0.097867 0.0521521][0.097867 1.25191 0.553199][0.0521521 0.553199 0.273443]]
weight = 0.0279456 mean = [-2.19574 3.21391 -1.93087] covariance = [[3.14549e-05 -8.04485e-07 7.59809e-07][-8.04485e-07 3.82705e-05 4.2528e-06][7.59809e-07 4.2528e-06 2.02714e-05]]
weight = 0.000167233 mean = [-2.21644 4.03376 -1.56687] covariance = [[0.000571104 -0.0160681 -0.00730339][-0.0160681 0.99287 0.438143][-0.00730339 0.438143 0.193505]]
weight = 0.0159459 mean = [-2.2019 3.22845 -1.92933] covariance = [[5.32525e-05 -7.0953e-05 -6.62482e-06][-7.0953e-05 0.000176054 2.02698e-05][-6.62482e-06 2.02698e-05 1.2887e-05]]
weight = 0.688914 mean = [-2.19818 3.20552 -1.9326] covariance = [[9.80806e-05 0.000115062 3.12773e-05][0.000115062 0.00151242 0.000457712][3.12773e-05 0.000457712 0.000174718]]
]
2025-05-29 09:40:38 INFO  ren0 [gaussian_mixture_model.h:215] Before splitting
2025-05-29 09:40:38 INFO  ren0 [gaussian_mixture_model.h:216] GMM[
weight = 0.0139652 mean = [-2.2049 3.28314 -1.88983] covariance = [[1.54208e-05 -0.000778842 -0.000379336][-0.000778842 0.0576954 0.0266853][-0.000379336 0.0266853 0.0124254]]
weight = 0.00147327 mean = [-2.23963 4.46625 -1.41066] covariance = [[0.0276283 0.0132104 0.0100139][0.0132104 2.08641 0.901234][0.0100139 0.901234 0.420551]]
weight = 7.86443e-05 mean = [-2.21707 3.77576 -1.67955] covariance = [[0.00042248 -0.00957554 -0.00441152][-0.00957554 1.03964 0.453943][-0.00441152 0.453943 0.198369]]
weight = 0.984483 mean = [-2.2039 3.20395 -1.93407] covariance = [[0.000129864 0.000216966 5.87097e-05][0.000216966 0.0013279 0.000314379][5.87097e-05 0.000314379 9.41687e-05]]
]
2025-05-29 09:40:38 INFO  ren0 [gaussian_mixture_model.h:218] Before merging
2025-05-29 09:40:38 INFO  ren0 [gaussian_mixture_model.h:219] GMM[
weight = 0.00698261 mean = [-2.20653 3.40323 -1.83422] covariance = [[2.00655e-05 -0.000385834 -0.000197345][-0.000385834 0.0288638 0.0133296][-0.000197345 0.0133296 0.00625077]]
weight = 0.000736634 mean = [-2.24481 3.74477 -1.7263] covariance = [[0.0275848 0.00574493 0.00674786][0.00574493 1.04533 0.445781][0.00674786 0.445781 0.221309]]
weight = 0.492241 mean = [-2.2071 3.18576 -1.93845] covariance = [[0.000119324 0.00010036 3.0614e-05][0.00010036 0.000675936 0.000154882][3.0614e-05 0.000154882 6.57388e-05]]
weight = 0.00698261 mean = [-2.20326 3.16305 -1.94544] covariance = [[2.00655e-05 -0.000385834 -0.000197345][-0.000385834 0.0288638 0.0133296][-0.000197345 0.0133296 0.00625077]]
weight = 0.000736634 mean = [-2.23446 5.18774 -1.09503] covariance = [[0.0275848 0.00574493 0.00674786][0.00574493 1.04533 0.445781][0.00674786 0.445781 0.221309]]
weight = 7.86443e-05 mean = [-2.21707 3.77576 -1.67955] covariance = [[0.00042248 -0.00957554 -0.00441152][-0.00957554 1.03964 0.453943][-0.00441152 0.453943 0.198369]]
weight = 0.492241 mean = [-2.20069 3.22214 -1.92969] covariance = [[0.000119324 0.00010036 3.0614e-05][0.00010036 0.000675936 0.000154882][3.0614e-05 0.000154882 6.57388e-05]]
]
2025-05-29 09:40:38 INFO  ren0 [gaussian_mixture_model.h:215] Before splitting
2025-05-29 09:40:38 INFO  ren0 [gaussian_mixture_model.h:216] GMM[
weight = 0.000833396 mean = [-2.11934 2.05215 -2.11072] covariance = [[0.030388 -0.132414 -0.0039055][-0.132414 2.3303 0.619618][-0.0039055 0.619618 0.238163]]
weight = 0.394561 mean = [-2.19898 3.19244 -1.93445] covariance = [[2.93631e-05 -1.85244e-06 5.25691e-07][-1.85244e-06 0.000662884 9.91797e-05][5.25691e-07 9.91797e-05 2.4369e-05]]
weight = 0.00906856 mean = [-2.20337 3.19388 -1.93449] covariance = [[3.12829e-05 -0.000410934 -0.000214567][-0.000410934 0.0263055 0.0127934][-0.000214567 0.0127934 0.00628359]]
weight = 0.000693228 mean = [-2.31036 5.3664 -1.01117] covariance = [[0.0386189 -0.113845 -0.0501593][-0.113845 1.94248 0.822348][-0.0501593 0.822348 0.382179]]
weight = 0.000249406 mean = [-2.20883 4.22046 -1.49551] covariance = [[0.000226854 0.00861302 0.00355755][0.00861302 0.735958 0.310825][0.00355755 0.310825 0.131326]]
weight = 0.594594 mean = [-2.2005 3.21404 -1.93144] covariance = [[7.38202e-05 2.10694e-05 1.16953e-05][2.10694e-05 0.000659457 0.000128158][1.16953e-05 0.000128158 4.01007e-05]]
]
2025-05-29 09:40:38 INFO  ren0 [gaussian_mixture_model.h:218] Before merging
2025-05-29 09:40:38 INFO  ren0 [gaussian_mixture_model.h:219] GMM[
weight = 0.000416698 mean = [-2.16044 2.81477 -1.90236] covariance = [[0.0270184 -0.0697169 0.0132248][-0.0697169 1.16716 0.301816][0.0132248 0.301816 0.151342]]
weight = 0.000416698 mean = [-2.07823 1.28954 -2.31909] covariance = [[0.0270184 -0.0697169 0.0132248][-0.0697169 1.16716 0.301816][0.0132248 0.301816 0.151342]]
weight = 0.197281 mean = [-2.19894 3.17957 -1.93641] covariance = [[3.93606e-05 -9.46841e-07 6.63115e-07][-9.46841e-07 0.000341547 4.88998e-05][6.63115e-07 4.88998e-05 2.67391e-05]]
weight = 0.00453428 mean = [-2.20209 3.1128 -1.97399] covariance = [[3.79782e-05 -0.000202487 -0.000112997][-0.000202487 0.0131676 0.00638682][-0.000112997 0.00638682 0.00317187]]
weight = 0.197281 mean = [-2.19901 3.20531 -1.9325] covariance = [[3.93606e-05 -9.46841e-07 6.63115e-07][-9.46841e-07 0.000341547 4.88998e-05][6.63115e-07 4.88998e-05 2.67391e-05]]
weight = 0.000346614 mean = [-2.26874 4.67037 -1.31029] covariance = [[0.0351635 -0.0558989 -0.0252568][-0.0558989 0.973559 0.405946][-0.0252568 0.405946 0.20324]]
weight = 0.00453428 mean = [-2.20466 3.27496 -1.89498] covariance = [[3.79782e-05 -0.000202487 -0.000112997][-0.000202487 0.0131676 0.00638682][-0.000112997 0.00638682 0.00317187]]
weight = 0.000249406 mean = [-2.20883 4.22046 -1.49551] covariance = [[0.000226854 0.00861302 0.00355755][0.00861302 0.735958 0.310825][0.00355755 0.310825 0.131326]]
weight = 0.000346614 mean = [-2.35199 6.06244 -0.712044] covariance = [[0.0351635 -0.0558989 -0.0252568][-0.0558989 0.973559 0.405946][-0.0252568 0.405946 0.20324]]
weight = 0.594594 mean = [-2.2005 3.21404 -1.93144] covariance = [[7.38202e-05 2.10694e-05 1.16953e-05][2.10694e-05 0.000659457 0.000128158][1.16953e-05 0.000128158 4.01007e-05]]
]
2025-05-29 09:40:38 INFO  ren0 [gaussian_mixture_model.h:215] Before splitting
2025-05-29 09:40:38 INFO  ren0 [gaussian_mixture_model.h:216] GMM[
weight = 0.00521825 mean = [-2.97848 2.67418 -2.763] covariance = [[0.14255 0.229912 0.217917][0.229912 0.458667 0.372815][0.217917 0.372815 0.350677]]
weight = 0.00441209 mean = [-2.98644 2.34911 -2.87707] covariance = [[0.154653 -0.0359743 0.142025][-0.0359743 0.398149 0.0921168][0.142025 0.0921168 0.178627]]
weight = 0.014781 mean = [-2.20251 3.13437 -1.96554] covariance = [[2.38874e-05 -0.000400089 -0.000213857][-0.000400089 0.0252311 0.0126883][-0.000213857 0.0126883 0.00642186]]
weight = 0.00238806 mean = [-2.25747 4.66792 -1.30143] covariance = [[0.0434687 0.00665352 0.0161187][0.00665352 1.23553 0.553349][0.0161187 0.553349 0.289626]]
weight = 0.00791075 mean = [-2.20509 3.28527 -1.88735] covariance = [[1.06418e-05 -0.000113914 -6.65432e-05][-0.000113914 0.00798342 0.00416577][-6.65432e-05 0.00416577 0.00218126]]
weight = 0.00134332 mean = [-2.29237 5.78179 -0.783275] covariance = [[0.0522332 -0.0746546 -0.0667741][-0.0746546 0.718404 0.337382][-0.0667741 0.337382 0.210846]]
weight = 0.963947 mean = [-2.20334 3.22765 -1.92922] covariance = [[6.18127e-05 -5.39513e-05 1.22922e-07][-5.39513e-05 0.000806727 0.000133561][1.22922e-07 0.000133561 4.62667e-05]]
]
2025-05-29 09:40:38 INFO  ren0 [gaussian_mixture_model.h:218] Before merging
2025-05-29 09:40:38 INFO  ren0 [gaussian_mixture_model.h:219] GMM[
weight = 0.00260912 mean = [-2.79678 3.00603 -2.47186] covariance = [[0.0765292 0.109315 0.112115][0.109315 0.238421 0.179581][0.112115 0.179581 0.18116]]
weight = 0.00220605 mean = [-2.96272 2.65307 -2.75364] covariance = [[0.153538 -0.0503941 0.136169][-0.0503941 0.213382 0.0170785][0.136169 0.0170785 0.148163]]
weight = 0.00260912 mean = [-3.16018 2.34232 -3.05414] covariance = [[0.0765292 0.109315 0.112115][0.109315 0.238421 0.179581][0.112115 0.179581 0.18116]]
weight = 0.00739052 mean = [-2.20124 3.05496 -2.00553] covariance = [[3.06314e-05 -0.000197444 -0.000111816][-0.000197444 0.0126289 0.00633748][-0.000111816 0.00633748 0.00323397]]
weight = 0.00220605 mean = [-3.01016 2.04516 -3.00051] covariance = [[0.153538 -0.0503941 0.136169][-0.0503941 0.213382 0.0170785][0.136169 0.0170785 0.148163]]
weight = 0.00238806 mean = [-2.25747 4.66792 -1.30143] covariance = [[0.0434687 0.00665352 0.0161187][0.00665352 1.23553 0.553349][0.0161187 0.553349 0.289626]]
weight = 0.00791075 mean = [-2.20509 3.28527 -1.88735] covariance = [[1.06418e-05 -0.000113914 -6.65432e-05][-0.000113914 0.00798342 0.00416577][-6.65432e-05 0.00416577 0.00218126]]
weight = 0.00739052 mean = [-2.20379 3.21378 -1.92556] covariance = [[3.06314e-05 -0.000197444 -0.000111816][-0.000197444 0.0126289 0.00633748][-0.000111816 0.00633748 0.00323397]]
weight = 0.00134332 mean = [-2.29237 5.78179 -0.783275] covariance = [[0.0522332 -0.0746546 -0.0667741][-0.0746546 0.718404 0.337382][-0.0667741 0.337382 0.210846]]
weight = 0.963947 mean = [-2.20334 3.22765 -1.92922] covariance = [[6.18127e-05 -5.39513e-05 1.22922e-07][-5.39513e-05 0.000806727 0.000133561][1.22922e-07 0.000133561 4.62667e-05]]
]
2025-05-29 09:40:38 INFO  ren0 [gaussian_mixture_model.h:215] Before splitting
2025-05-29 09:40:38 INFO  ren0 [gaussian_mixture_model.h:216] GMM[
weight = 0.00187865 mean = [-2.90428 2.78588 -2.65593] covariance = [[0.178339 0.280686 0.267531][0.280686 0.525533 0.442461][0.267531 0.442461 0.418478]]
weight = 0.00173322 mean = [-3.00539 2.45727 -2.87064] covariance = [[0.214542 -0.0348261 0.198462][-0.0348261 0.384727 0.0838457][0.198462 0.0838457 0.226276]]
weight = 1.87376e-05 mean = [-3.08408 2.71678 -2.71263] covariance = [[0.348347 0.381159 0.366978][0.381159 0.563554 0.449123][0.366978 0.449123 0.463493]]
weight = 0.015913 mean = [-2.2053 3.09737 -1.98309] covariance = [[6.80325e-05 -0.000492993 -0.000284315][-0.000492993 0.0153851 0.00797517][-0.000284315 0.00797517 0.00416767]]
weight = 9.80343e-05 mean = [-3.319 2.49315 -3.16544] covariance = [[0.370105 -0.557466 0.216754][-0.557466 1.23772 -0.237389][0.216754 -0.237389 0.149777]]
weight = 0.0199118 mean = [-2.20406 3.24599 -1.90766] covariance = [[1.23854e-05 -0.000128324 -6.88465e-05][-0.000128324 0.0066423 0.00346389][-6.88465e-05 0.00346389 0.00181743]]
weight = 0.0122262 mean = [-2.21057 3.18942 -1.93443] covariance = [[9.78406e-05 4.65217e-05 -1.34532e-05][4.65217e-05 0.00635446 0.00308234][-1.34532e-05 0.00308234 0.00153135]]
weight = 0.00145097 mean = [-2.22487 4.56304 -1.36213] covariance = [[0.0217516 -0.0240158 -0.0228466][-0.0240158 2.07237 0.885705][-0.0228466 0.885705 0.405804]]
weight = 0.946769 mean = [-2.20708 3.19417 -1.93593] covariance = [[8.89272e-05 0.000168778 5.00886e-05][0.000168778 0.00121638 0.000254968][5.00886e-05 0.000254968 7.53176e-05]]
]
2025-05-29 09:40:38 INFO  ren0 [gaussian_mixture_model.h:218] Before merging
2025-05-29 09:40:38 INFO  ren0 [gaussian_mixture_model.h:219] GMM[
weight = 0.000939325 mean = [-2.69943 3.14214 -2.33653] covariance = [[0.0944194 0.134723 0.136673][0.134723 0.271697 0.214885][0.136673 0.214885 0.214462]]
weight = 0.00173322 mean = [-3.00539 2.45727 -2.87064] covariance = [[0.214542 -0.0348261 0.198462][-0.0348261 0.384727 0.0838457][0.198462 0.0838457 0.226276]]
weight = 1.87376e-05 mean = [-3.08408 2.71678 -2.71263] covariance = [[0.348347 0.381159 0.366978][0.381159 0.563554 0.449123][0.366978 0.449123 0.463493]]
weight = 0.015913 mean = [-2.2053 3.09737 -1.98309] covariance = [[6.80325e-05 -0.000492993 -0.000284315][-0.000492993 0.0153851 0.00797517][-0.000284315 0.00797517 0.00416767]]
weight = 9.80343e-05 mean = [-3.319 2.49315 -3.16544] covariance = [[0.370105 -0.557466 0.216754][-0.557466 1.23772 -0.237389][0.216754 -0.237389 0.149777]]
weight = 0.000939325 mean = [-3.10914 2.42961 -2.97532] covariance = [[0.0944194 0.134723 0.136673][0.134723 0.271697 0.214885][0.136673 0.214885 0.214462]]
weight = 0.0199118 mean = [-2.20406 3.24599 -1.90766] covariance = [[1.23854e-05 -0.000128324 -6.88465e-05][-0.000128324 0.0066423 0.00346389][-6.88465e-05 0.00346389 0.00181743]]
weight = 0.0122262 mean = [-2.21057 3.18942 -1.93443] covariance = [[9.78406e-05 4.65217e-05 -1.34532e-05][4.65217e-05 0.00635446 0.00308234][-1.34532e-05 0.00308234 0.00153135]]
weight = 0.00145097 mean = [-2.22487 4.56304 -1.36213] covariance = [[0.0217516 -0.0240158 -0.0228466][-0.0240158 2.07237 0.885705][-0.0228466 0.885705 0.405804]]
weight = 0.946769 mean = [-2.20708 3.19417 -1.93593] covariance = [[8.89272e-05 0.000168778 5.00886e-05][0.000168778 0.00121638 0.000254968][5.00886e-05 0.000254968 7.53176e-05]]
]
2025-05-29 09:40:38 INFO  ren0 [gaussian_mixture_model.h:215] Before splitting
2025-05-29 09:40:38 INFO  ren0 [gaussian_mixture_model.h:216] GMM[
weight = 0.000477779 mean = [-2.50043 3.36941 -2.08785] covariance = [[0.179057 0.250697 0.252544][0.250697 0.595507 0.442895][0.252544 0.442895 0.395125]]
weight = 4.97765e-05 mean = [-2.5878 3.00142 -2.89307] covariance = [[0.5611 0.723392 0.506749][0.723392 1.57721 0.437743][0.506749 0.437743 1.16135]]
weight = 0.108253 mean = [-2.36112 1.4851 -2.48501] covariance = [[0.0349416 -0.0254398 0.0273426][-0.0254398 0.179727 0.0177645][0.0273426 0.0177645 0.0302264]]
weight = 2.56741e-05 mean = [-2.27059 3.20694 -1.95264] covariance = [[0.0467505 0.0630703 0.0594923][0.0630703 0.325616 0.170779][0.0594923 0.170779 0.111265]]
weight = 0.0164672 mean = [-2.20328 3.21216 -1.92463] covariance = [[1.23371e-05 -9.92589e-05 -5.26213e-05][-9.92589e-05 0.00522685 0.00270772][-5.26213e-05 0.00270772 0.00141405]]
weight = 0.00770028 mean = [-2.20518 3.18459 -1.94011] covariance = [[9.71622e-05 -0.000222085 -0.000139617][-0.000222085 0.0104212 0.00519373][-0.000139617 0.00519373 0.00261904]]
weight = 0.0297255 mean = [-2.2076 2.7586 -2.03077] covariance = [[0.00266275 0.0251859 0.00752287][0.0251859 0.566645 0.178131][0.00752287 0.178131 0.0575584]]
weight = 0.8373 mean = [-2.19952 3.21453 -1.93136] covariance = [[0.000109943 3.31747e-05 2.07811e-05][3.31747e-05 0.00125878 0.000216866][2.07811e-05 0.000216866 4.89323e-05]]
]
2025-05-29 09:40:38 INFO  ren0 [gaussian_mixture_model.h:218] Before merging
2025-05-29 09:40:38 INFO  ren0 [gaussian_mixture_model.h:219] GMM[
weight = 0.00023889 mean = [-2.31105 3.74423 -1.77889] covariance = [[0.107337 0.108729 0.135524][0.108729 0.314535 0.211288][0.135524 0.211288 0.204227]]
weight = 0.00023889 mean = [-2.68981 2.99459 -2.3968] covariance = [[0.107337 0.108729 0.135524][0.108729 0.314535 0.211288][0.135524 0.211288 0.204227]]
weight = 2.48882e-05 mean = [-2.24467 3.56777 -2.5231] covariance = [[0.32563 0.334728 0.252856][0.334728 0.935724 0.0186871][0.252856 0.0186871 0.887609]]
weight = 2.48882e-05 mean = [-2.93093 2.43508 -3.26303] covariance = [[0.32563 0.334728 0.252856][0.334728 0.935724 0.0186871][0.252856 0.0186871 0.887609]]
weight = 0.108253 mean = [-2.36112 1.4851 -2.48501] covariance = [[0.0349416 -0.0254398 0.0273426][-0.0254398 0.179727 0.0177645][0.0273426 0.0177645 0.0302264]]
weight = 2.56741e-05 mean = [-2.27059 3.20694 -1.95264] covariance = [[0.0467505 0.0630703 0.0594923][0.0630703 0.325616 0.170779][0.0594923 0.170779 0.111265]]
weight = 0.0164672 mean = [-2.20328 3.21216 -1.92463] covariance = [[1.23371e-05 -9.92589e-05 -5.26213e-05][-9.92589e-05 0.00522685 0.00270772][-5.26213e-05 0.00270772 0.00141405]]
weight = 0.00770028 mean = [-2.20518 3.18459 -1.94011] covariance = [[9.71622e-05 -0.000222085 -0.000139617][-0.000222085 0.0104212 0.00519373][-0.000139617 0.00519373 0.00261904]]
weight = 0.0297255 mean = [-2.2076 2.7586 -2.03077] covariance = [[0.00266275 0.0251859 0.00752287][0.0251859 0.566645 0.178131][0.00752287 0.178131 0.0575584]]
weight = 0.8373 mean = [-2.19952 3.21453 -1.93136] covariance = [[0.000109943 3.31747e-05 2.07811e-05][3.31747e-05 0.00125878 0.000216866][2.07811e-05 0.000216866 4.89323e-05]]
]
2025-05-29 09:40:38 INFO  ren0 [gaussian_mixture_model.h:215] Before splitting
2025-05-29 09:40:38 INFO  ren0 [gaussian_mixture_model.h:216] GMM[
weight = 0.000308929 mean = [-2.36147 3.72011 -1.82987] covariance = [[0.111828 0.176965 0.166084][0.176965 0.666761 0.404423][0.166084 0.404423 0.303836]]
weight = 4.51815e-05 mean = [-2.22908 3.55664 -1.79247] covariance = [[0.00580971 0.0186838 0.0122537][0.0186838 0.212819 0.110203][0.0122537 0.110203 0.0603754]]
weight = 5.2082e-05 mean = [-1.75933 4.30233 -2.51928] covariance = [[1.59243 0.147727 -0.929327][0.147727 2.13801 1.39761][-0.929327 1.39761 2.30331]]
weight = 7.03771e-06 mean = [-2.0728 2.93742 -3.33642] covariance = [[3.1248 1.7395 -1.11349][1.7395 2.22675 -0.482433][-1.11349 -0.482433 1.30822]]
weight = 0.0354498 mean = [-2.3611 1.48541 -2.48491] covariance = [[0.0349403 -0.0253909 0.0273527][-0.0253909 0.180236 0.0179276][0.0273527 0.0179276 0.0302733]]
weight = 2.83664e-05 mean = [-2.23943 3.35964 -1.88685] covariance = [[0.0158438 0.0245125 0.0212188][0.0245125 0.191341 0.0972466][0.0212188 0.0972466 0.0568428]]
weight = 0.0313924 mean = [-2.20451 3.23739 -1.91239] covariance = [[2.20371e-05 -0.00011157 -6.56477e-05][-0.00011157 0.00686696 0.00355876][-6.56477e-05 0.00355876 0.00185569]]
weight = 0.0219563 mean = [-2.21277 3.07447 -1.95666] covariance = [[0.00127107 0.0100725 0.00315869][0.0100725 0.374051 0.117559][0.00315869 0.117559 0.039408]]
weight = 0.91076 mean = [-2.2027 3.21762 -1.93102] covariance = [[5.53351e-05 -4.6614e-05 1.87191e-06][-4.6614e-05 0.000920712 0.000136575][1.87191e-06 0.000136575 3.49216e-05]]
]
2025-05-29 09:40:38 INFO  ren0 [gaussian_mixture_model.h:218] Before merging
2025-05-29 09:40:38 INFO  ren0 [gaussian_mixture_model.h:219] GMM[
weight = 0.000154465 mean = [-2.23091 4.12058 -1.56355] covariance = [[0.0777442 0.0723916 0.0965411][0.0723916 0.346015 0.191116][0.0965411 0.191116 0.161994]]
weight = 4.51815e-05 mean = [-2.22908 3.55664 -1.79247] covariance = [[0.00580971 0.0186838 0.0122537][0.0186838 0.212819 0.110203][0.0122537 0.110203 0.0603754]]
weight = 5.2082e-05 mean = [-1.75933 4.30233 -2.51928] covariance = [[1.59243 0.147727 -0.929327][0.147727 2.13801 1.39761][-0.929327 1.39761 2.30331]]
weight = 7.03771e-06 mean = [-2.0728 2.93742 -3.33642] covariance = [[3.1248 1.7395 -1.11349][1.7395 2.22675 -0.482433][-1.11349 -0.482433 1.30822]]
weight = 0.0354498 mean = [-2.3611 1.48541 -2.48491] covariance = [[0.0349403 -0.0253909 0.0273527][-0.0253909 0.180236 0.0179276][0.0273527 0.0179276 0.0302733]]
weight = 2.83664e-05 mean = [-2.23943 3.35964 -1.88685] covariance = [[0.0158438 0.0245125 0.0212188][0.0245125 0.191341 0.0972466][0.0212188 0.0972466 0.0568428]]
weight = 0.000154465 mean = [-2.49203 3.31964 -2.09619] covariance = [[0.0777442 0.0723916 0.0965411][0.0723916 0.346015 0.191116][0.0965411 0.191116 0.161994]]
weight = 0.0313924 mean = [-2.20451 3.23739 -1.91239] covariance = [[2.20371e-05 -0.00011157 -6.56477e-05][-0.00011157 0.00686696 0.00355876][-6.56477e-05 0.00355876 0.00185569]]
weight = 0.0219563 mean = [-2.21277 3.07447 -1.95666] covariance = [[0.00127107 0.0100725 0.00315869][0.0100725 0.374051 0.117559][0.00315869 0.117559 0.039408]]
weight = 0.91076 mean = [-2.2027 3.21762 -1.93102] covariance = [[5.53351e-05 -4.6614e-05 1.87191e-06][-4.6614e-05 0.000920712 0.000136575][1.87191e-06 0.000136575 3.49216e-05]]
]
2025-05-29 09:40:38 INFO  ren0 [MIFocalGuidingPathTracer] GMM[
weight = 0.000154465 mean = [-2.23091 4.12058 -1.56355] covariance = [[0.0777442 0.0723916 0.0965411][0.0723916 0.346015 0.191116][0.0965411 0.191116 0.161994]]
weight = 5.91197e-05 mean = [-1.79665 4.13985 -2.61655] covariance = [[1.78516 0.382084 -0.924387][0.382084 2.34396 1.29077][-0.924387 1.29077 2.25489]]
weight = 0.0354498 mean = [-2.3611 1.48541 -2.48491] covariance = [[0.0349403 -0.0253909 0.0273527][-0.0253909 0.180236 0.0179276][0.0273527 0.0179276 0.0302733]]
weight = 7.35479e-05 mean = [-2.23307 3.48066 -1.82887] covariance = [[0.00971512 0.0214151 0.015943][0.0214151 0.213741 0.109611][0.015943 0.109611 0.0611336]]
weight = 0.000154465 mean = [-2.49203 3.31964 -2.09619] covariance = [[0.0777442 0.0723916 0.0965411][0.0723916 0.346015 0.191116][0.0965411 0.191116 0.161994]]
weight = 0.0313924 mean = [-2.20451 3.23739 -1.91239] covariance = [[2.20371e-05 -0.00011157 -6.56477e-05][-0.00011157 0.00686696 0.00355876][-6.56477e-05 0.00355876 0.00185569]]
weight = 0.0219563 mean = [-2.21277 3.07447 -1.95666] covariance = [[0.00127107 0.0100725 0.00315869][0.0100725 0.374051 0.117559][0.00315869 0.117559 0.039408]]
weight = 0.91076 mean = [-2.2027 3.21762 -1.93102] covariance = [[5.53351e-05 -4.6614e-05 1.87191e-06][-4.6614e-05 0.000920712 0.000136575][1.87191e-06 0.000136575 3.49216e-05]]
]
2025-05-29 09:40:38 INFO  ren0 [octree.h:534] root weight: 8.100e+05 (810004.437500)
2025-05-29 09:40:38 INFO  ren0 [octree.h:535] splitting threshold: 8.100e+02 (810.004456)
2025-05-29 09:40:38 INFO  ren0 [octree.h:534] root weight: 2.018e+03 (2018.457642)
2025-05-29 09:40:38 INFO  ren0 [octree.h:535] splitting threshold: 2.018e+00 (2.018458)
2025-05-29 09:40:38 INFO  ren0 [octree.h:550] node count: 1616 -> 1930 -> 1784

2025-05-29 09:40:38 INFO  ren0 [octree.h:550] node count: 706 -> 706 -> 705

2025-05-29 09:40:39 INFO  ren0 [MIFocalGuidingPathTracer] ITERATION 13, until 140.0 seconds
2025-05-29 09:41:17 INFO  ren0 [MIFocalGuidingPathTracer]   380.92 seconds elapsed, passes this iteration: 1, total passes: 16
2025-05-29 09:41:17 INFO  ren0 [MIFocalGuidingPathTracer] Got 4076553 non-zero samples
2025-05-29 09:41:18 INFO  ren0 [gaussian_mixture_model.h:821] Processing mega batch of size 4076553
2025-05-29 09:41:18 INFO  ren0 [gaussian_mixture_model.h:828] will process 41 batches
2025-05-29 09:41:18 INFO  ren0 [gaussian_mixture_model.h:215] Before splitting
2025-05-29 09:41:18 INFO  ren0 [gaussian_mixture_model.h:216] GMM[
weight = 0.000281087 mean = [-2.36483 3.57826 -1.88484] covariance = [[0.102544 0.174454 0.156381][0.174454 0.897712 0.484515][0.156381 0.484515 0.32305]]
weight = 0.00172636 mean = [-2.55142 1.25118 -2.38695] covariance = [[0.234518 0.0574815 -0.0494312][0.0574815 0.402619 0.0830337][-0.0494312 0.0830337 0.493369]]
weight = 0.0324933 mean = [-2.35913 1.46359 -2.48993] covariance = [[0.0319821 -0.0239897 0.0248241][-0.0239897 0.167082 0.0165437][0.0248241 0.0165437 0.0276168]]
weight = 7.24479e-05 mean = [-2.24179 2.86096 -2.13187] covariance = [[0.00883253 0.0236768 0.0143938][0.0236768 0.306132 0.150494][0.0143938 0.150494 0.0773648]]
weight = 0.00161455 mean = [-2.50839 1.50972 -2.74269] covariance = [[0.0106558 0.0354761 0.0192304][0.0354761 0.14388 0.0721317][0.0192304 0.0721317 0.0378229]]
weight = 0.0285317 mean = [-2.20429 3.2341 -1.9141] covariance = [[2.072e-05 -0.000104265 -6.47117e-05][-0.000104265 0.00635996 0.00329873][-6.47117e-05 0.00329873 0.0017185]]
weight = 0.0348022 mean = [-2.22204 2.77289 -2.07189] covariance = [[0.00218674 0.027405 0.00907784][0.027405 0.850484 0.270496][0.00907784 0.270496 0.0896668]]
weight = 0.900478 mean = [-2.20228 3.21481 -1.93121] covariance = [[4.83302e-05 -3.67928e-05 -1.31151e-06][-3.67928e-05 0.000825805 0.000123268][-1.31151e-06 0.000123268 3.00489e-05]]
]
2025-05-29 09:41:18 INFO  ren0 [gaussian_mixture_model.h:218] Before merging
2025-05-29 09:41:18 INFO  ren0 [gaussian_mixture_model.h:219] GMM[
weight = 0.000140543 mean = [-2.25381 4.04614 -1.61294] covariance = [[0.0778994 0.0705583 0.0960054][0.0705583 0.459895 0.230086][0.0960054 0.230086 0.175206]]
weight = 0.000140543 mean = [-2.47586 3.11038 -2.15674] covariance = [[0.0778994 0.0705583 0.0960054][0.0705583 0.459895 0.230086][0.0960054 0.230086 0.175206]]
weight = 0.00086318 mean = [-2.56881 1.43306 -2.06691] covariance = [[0.233924 0.0638037 -0.038306][0.0638037 0.336472 -0.0333831][-0.038306 -0.0333831 0.288521]]
weight = 0.00086318 mean = [-2.53404 1.06931 -2.707] covariance = [[0.233924 0.0638037 -0.038306][0.0638037 0.336472 -0.0333831][-0.038306 -0.0333831 0.288521]]
weight = 0.0324933 mean = [-2.35913 1.46359 -2.48993] covariance = [[0.0319821 -0.0239897 0.0248241][-0.0239897 0.167082 0.0165437][0.0248241 0.0165437 0.0276168]]
weight = 7.24479e-05 mean = [-2.24179 2.86096 -2.13187] covariance = [[0.00883253 0.0236768 0.0143938][0.0236768 0.306132 0.150494][0.0143938 0.150494 0.0773648]]
weight = 0.00161455 mean = [-2.50839 1.50972 -2.74269] covariance = [[0.0106558 0.0354761 0.0192304][0.0354761 0.14388 0.0721317][0.0192304 0.0721317 0.0378229]]
weight = 0.0285317 mean = [-2.20429 3.2341 -1.9141] covariance = [[2.072e-05 -0.000104265 -6.47117e-05][-0.000104265 0.00635996 0.00329873][-6.47117e-05 0.00329873 0.0017185]]
weight = 0.0348022 mean = [-2.22204 2.77289 -2.07189] covariance = [[0.00218674 0.027405 0.00907784][0.027405 0.850484 0.270496][0.00907784 0.270496 0.0896668]]
weight = 0.900478 mean = [-2.20228 3.21481 -1.93121] covariance = [[4.83302e-05 -3.67928e-05 -1.31151e-06][-3.67928e-05 0.000825805 0.000123268][-1.31151e-06 0.000123268 3.00489e-05]]
]
2025-05-29 09:41:18 INFO  ren0 [gaussian_mixture_model.h:215] Before splitting
2025-05-29 09:41:18 INFO  ren0 [gaussian_mixture_model.h:216] GMM[
weight = 0.00265215 mean = [-2.21294 4.22122 -1.29704] covariance = [[0.0193384 0.0479072 0.0421121][0.0479072 0.197745 0.138851][0.0421121 0.138851 0.114184]]
weight = 0.000929463 mean = [-2.37326 3.22559 -1.91668] covariance = [[0.0568574 0.160608 0.132977][0.160608 1.27298 0.757588][0.132977 0.757588 0.492523]]
weight = 0.0548416 mean = [-2.20193 1.21375 -2.3639] covariance = [[0.108015 0.0339126 0.00190059][0.0339126 0.458699 -0.0325155][0.00190059 -0.0325155 0.186198]]
weight = 0.0931279 mean = [-2.18484 1.07368 -2.65358] covariance = [[0.0289567 -0.0109218 -0.00824365][-0.0109218 0.0618192 -0.0185325][-0.00824365 -0.0185325 0.15048]]
weight = 0.0174828 mean = [-2.36529 1.47731 -2.49464] covariance = [[0.0297644 -0.0230559 0.0230113][-0.0230559 0.15141 0.0135308][0.0230113 0.0135308 0.0252389]]
weight = 0.0115398 mean = [-2.48233 1.76838 -2.68207] covariance = [[0.00368775 0.00495254 0.00433538][0.00495254 0.0353486 0.0110118][0.00433538 0.0110118 0.00622211]]
weight = 0.018372 mean = [-2.20377 3.22519 -1.91891] covariance = [[2.09335e-05 -8.52814e-05 -5.62126e-05][-8.52814e-05 0.00505494 0.00262882][-5.62126e-05 0.00262882 0.00137598]]
weight = 0.0750215 mean = [-2.17023 3.22546 -1.8933] covariance = [[0.00390971 0.0676467 0.0238888][0.0676467 1.95886 0.657934][0.0238888 0.657934 0.224559]]
weight = 0.726033 mean = [-2.20157 3.20889 -1.9317] covariance = [[2.7018e-05 -4.83111e-06 -1.05074e-05][-4.83111e-06 0.000580583 0.000101319][-1.05074e-05 0.000101319 2.23062e-05]]
]
2025-05-29 09:41:18 INFO  ren0 [gaussian_mixture_model.h:218] Before merging
2025-05-29 09:41:18 INFO  ren0 [gaussian_mixture_model.h:219] GMM[
weight = 0.00132607 mean = [-2.1539 4.44066 -1.13265] covariance = [[0.0123769 0.0219957 0.0227007][0.0219957 0.101449 0.066703][0.0227007 0.066703 0.0601453]]
weight = 0.000929463 mean = [-2.37326 3.22559 -1.91668] covariance = [[0.0568574 0.160608 0.132977][0.160608 1.27298 0.757588][0.132977 0.757588 0.492523]]
weight = 0.0548416 mean = [-2.20193 1.21375 -2.3639] covariance = [[0.108015 0.0339126 0.00190059][0.0339126 0.458699 -0.0325155][0.00190059 -0.0325155 0.186198]]
weight = 0.0931279 mean = [-2.18484 1.07368 -2.65358] covariance = [[0.0289567 -0.0109218 -0.00824365][-0.0109218 0.0618192 -0.0185325][-0.00824365 -0.0185325 0.15048]]
weight = 0.0174828 mean = [-2.36529 1.47731 -2.49464] covariance = [[0.0297644 -0.0230559 0.0230113][-0.0230559 0.15141 0.0135308][0.0230113 0.0135308 0.0252389]]
weight = 0.00132607 mean = [-2.27198 4.00178 -1.46143] covariance = [[0.0123769 0.0219957 0.0227007][0.0219957 0.101449 0.066703][0.0227007 0.066703 0.0601453]]
weight = 0.0115398 mean = [-2.48233 1.76838 -2.68207] covariance = [[0.00368775 0.00495254 0.00433538][0.00495254 0.0353486 0.0110118][0.00433538 0.0110118 0.00622211]]
weight = 0.018372 mean = [-2.20377 3.22519 -1.91891] covariance = [[2.09335e-05 -8.52814e-05 -5.62126e-05][-8.52814e-05 0.00505494 0.00262882][-5.62126e-05 0.00262882 0.00137598]]
weight = 0.0750215 mean = [-2.17023 3.22546 -1.8933] covariance = [[0.00390971 0.0676467 0.0238888][0.0676467 1.95886 0.657934][0.0238888 0.657934 0.224559]]
weight = 0.726033 mean = [-2.20157 3.20889 -1.9317] covariance = [[2.7018e-05 -4.83111e-06 -1.05074e-05][-4.83111e-06 0.000580583 0.000101319][-1.05074e-05 0.000101319 2.23062e-05]]
]
2025-05-29 09:41:18 INFO  ren0 [gaussian_mixture_model.h:215] Before splitting
2025-05-29 09:41:18 INFO  ren0 [gaussian_mixture_model.h:216] GMM[
weight = 0.000457738 mean = [-2.21298 4.22474 -1.29695] covariance = [[0.0191792 0.0475616 0.0417804][0.0475616 0.198743 0.138258][0.0417804 0.138258 0.113448]]
weight = 0.000416437 mean = [-2.41545 2.77307 -2.14602] covariance = [[0.0403543 0.171268 0.121657][0.171268 1.83553 1.03341][0.121657 1.03341 0.614277]]
weight = 0.548533 mean = [-2.18875 1.52904 -2.31631] covariance = [[0.0102984 -0.00347759 0.00878767][-0.00347759 0.0477436 0.00650998][0.00878767 0.00650998 0.0791964]]
weight = 0.00381075 mean = [-2.33674 1.43639 -2.47437] covariance = [[0.0276019 -0.0228023 0.0214942][-0.0228023 0.13299 0.00898453][0.0214942 0.00898453 0.0232101]]
weight = 4.93443e-06 mean = [-2.25361 3.93114 -1.5966] covariance = [[0.00266092 0.00274175 0.00280863][0.00274175 0.158377 0.0704768][0.00280863 0.0704768 0.0344371]]
weight = 0.00242411 mean = [-2.45186 1.8785 -2.6336] covariance = [[0.0078106 0.0207063 0.0108785][0.0207063 0.0873937 0.0347484][0.0108785 0.0347484 0.0164306]]
weight = 0.0219276 mean = [-2.20162 3.20207 -1.93191] covariance = [[3.02237e-05 2.9659e-05 -3.53293e-06][2.9659e-05 0.00104047 0.000530139][-3.53293e-06 0.000530139 0.000283644]]
weight = 0.0718589 mean = [-2.19626 2.37071 -2.1529] covariance = [[0.00156644 0.0162757 0.00736577][0.0162757 1.21161 0.347011][0.00736577 0.347011 0.111695]]
weight = 0.350566 mean = [-2.20121 3.20401 -1.93216] covariance = [[1.68625e-05 1.76729e-05 -6.47855e-06][1.76729e-05 0.000266361 5.6987e-05][-6.47855e-06 5.6987e-05 2.04256e-05]]
]
2025-05-29 09:41:18 INFO  ren0 [gaussian_mixture_model.h:218] Before merging
2025-05-29 09:41:18 INFO  ren0 [gaussian_mixture_model.h:219] GMM[
weight = 0.000228869 mean = [-2.15437 4.44467 -1.13335] covariance = [[0.0123189 0.0217821 0.0226029][0.0217821 0.102021 0.0662976][0.0226029 0.0662976 0.0599263]]
weight = 0.000416437 mean = [-2.41545 2.77307 -2.14602] covariance = [[0.0403543 0.171268 0.121657][0.171268 1.83553 1.03341][0.121657 1.03341 0.614277]]
weight = 0.000228869 mean = [-2.27159 4.00482 -1.46055] covariance = [[0.0123189 0.0217821 0.0226029][0.0217821 0.102021 0.0662976][0.0226029 0.0662976 0.0599263]]
weight = 0.548533 mean = [-2.18875 1.52904 -2.31631] covariance = [[0.0102984 -0.00347759 0.00878767][-0.00347759 0.0477436 0.00650998][0.00878767 0.00650998 0.0791964]]
weight = 0.00381075 mean = [-2.33674 1.43639 -2.47437] covariance = [[0.0276019 -0.0228023 0.0214942][-0.0228023 0.13299 0.00898453][0.0214942 0.00898453 0.0232101]]
weight = 4.93443e-06 mean = [-2.25361 3.93114 -1.5966] covariance = [[0.00266092 0.00274175 0.00280863][0.00274175 0.158377 0.0704768][0.00280863 0.0704768 0.0344371]]
weight = 0.00242411 mean = [-2.45186 1.8785 -2.6336] covariance = [[0.0078106 0.0207063 0.0108785][0.0207063 0.0873937 0.0347484][0.0108785 0.0347484 0.0164306]]
weight = 0.0219276 mean = [-2.20162 3.20207 -1.93191] covariance = [[3.02237e-05 2.9659e-05 -3.53293e-06][2.9659e-05 0.00104047 0.000530139][-3.53293e-06 0.000530139 0.000283644]]
weight = 0.0718589 mean = [-2.19626 2.37071 -2.1529] covariance = [[0.00156644 0.0162757 0.00736577][0.0162757 1.21161 0.347011][0.00736577 0.347011 0.111695]]
weight = 0.350566 mean = [-2.20121 3.20401 -1.93216] covariance = [[1.68625e-05 1.76729e-05 -6.47855e-06][1.76729e-05 0.000266361 5.6987e-05][-6.47855e-06 5.6987e-05 2.04256e-05]]
]
2025-05-29 09:41:18 INFO  ren0 [gaussian_mixture_model.h:215] Before splitting
2025-05-29 09:41:18 INFO  ren0 [gaussian_mixture_model.h:216] GMM[
weight = 0.000160518 mean = [-2.21449 4.23037 -1.30148] covariance = [[0.0184614 0.0454281 0.0402226][0.0454281 0.193683 0.133117][0.0402226 0.133117 0.109797]]
weight = 0.000456901 mean = [-2.7305 2.1502 -2.88806] covariance = [[0.208106 0.0581766 0.264865][0.0581766 0.931762 0.532962][0.264865 0.532962 0.672697]]
weight = 1.03774e-05 mean = [-2.25096 4.04735 -1.54516] covariance = [[0.000670475 -0.00041041 0.000375355][-0.00041041 0.108288 0.044258][0.000375355 0.044258 0.0199077]]
weight = 0.479761 mean = [-2.24213 1.36447 -2.52436] covariance = [[0.0104633 0.00343031 0.0124961][0.00343031 0.0453957 0.0208163][0.0124961 0.0208163 0.0777158]]
weight = 0.00511463 mean = [-2.53595 1.77152 -2.60425] covariance = [[0.0233223 -0.031645 0.0163625][-0.031645 0.0803517 -0.0139654][0.0163625 -0.0139654 0.0133993]]
weight = 0.000822796 mean = [-2.45049 1.87909 -2.63242] covariance = [[0.00797673 0.0207573 0.0110432][0.0207573 0.087071 0.0347917][0.0110432 0.0347917 0.0166129]]
weight = 0.0783249 mean = [-2.20977 2.52085 -2.17427] covariance = [[0.00216516 0.0313192 0.0129335][0.0313192 0.97473 0.320865][0.0129335 0.320865 0.11533]]
weight = 0.435349 mean = [-2.20015 3.20204 -1.93264] covariance = [[2.39733e-05 3.99769e-05 -1.1664e-06][3.99769e-05 0.00015151 4.10368e-05][-1.1664e-06 4.10368e-05 2.39729e-05]]
]
2025-05-29 09:41:19 INFO  ren0 [gaussian_mixture_model.h:218] Before merging
2025-05-29 09:41:19 INFO  ren0 [gaussian_mixture_model.h:219] GMM[
weight = 0.000160518 mean = [-2.21449 4.23037 -1.30148] covariance = [[0.0184614 0.0454281 0.0402226][0.0454281 0.193683 0.133117][0.0402226 0.133117 0.109797]]
weight = 0.00022845 mean = [-2.62537 2.59596 -2.51736] covariance = [[0.186011 -0.0355513 0.18692][-0.0355513 0.534364 0.202475][0.18692 0.202475 0.397872]]
weight = 1.03774e-05 mean = [-2.25096 4.04735 -1.54516] covariance = [[0.000670475 -0.00041041 0.000375355][-0.00041041 0.108288 0.044258][0.000375355 0.044258 0.0199077]]
weight = 0.239881 mean = [-2.21838 1.42864 -2.39093] covariance = [[0.00934542 0.000382543 0.0061586][0.000382543 0.0371697 0.00369046][0.0061586 0.00369046 0.0421144]]
weight = 0.00511463 mean = [-2.53595 1.77152 -2.60425] covariance = [[0.0233223 -0.031645 0.0163625][-0.031645 0.0803517 -0.0139654][0.0163625 -0.0139654 0.0133993]]
weight = 0.00022845 mean = [-2.83563 1.70444 -3.25876] covariance = [[0.186011 -0.0355513 0.18692][-0.0355513 0.534364 0.202475][0.18692 0.202475 0.397872]]
weight = 0.000822796 mean = [-2.45049 1.87909 -2.63242] covariance = [[0.00797673 0.0207573 0.0110432][0.0207573 0.087071 0.0347917][0.0110432 0.0347917 0.0166129]]
weight = 0.239881 mean = [-2.26588 1.30029 -2.6578] covariance = [[0.00934542 0.000382543 0.0061586][0.000382543 0.0371697 0.00369046][0.0061586 0.00369046 0.0421144]]
weight = 0.0783249 mean = [-2.20977 2.52085 -2.17427] covariance = [[0.00216516 0.0313192 0.0129335][0.0313192 0.97473 0.320865][0.0129335 0.320865 0.11533]]
weight = 0.435349 mean = [-2.20015 3.20204 -1.93264] covariance = [[2.39733e-05 3.99769e-05 -1.1664e-06][3.99769e-05 0.00015151 4.10368e-05][-1.1664e-06 4.10368e-05 2.39729e-05]]
]
2025-05-29 09:41:19 INFO  ren0 [gaussian_mixture_model.h:215] Before splitting
2025-05-29 09:41:19 INFO  ren0 [gaussian_mixture_model.h:216] GMM[
weight = 0.00761346 mean = [-2.49 2.80113 -2.17099] covariance = [[0.438996 0.279167 0.474735][0.279167 2.1911 1.21174][0.474735 1.21174 1.25927]]
weight = 0.0169245 mean = [-2.31758 4.61388 -1.16015] covariance = [[0.000753196 -0.00749069 -0.0048016][-0.00749069 0.0916304 0.0609031][-0.0048016 0.0609031 0.0408541]]
weight = 0.165527 mean = [-2.23363 1.37789 -2.4883] covariance = [[0.0178185 -0.0149973 0.0013489][-0.0149973 0.0844549 0.0338625][0.0013489 0.0338625 0.0776053]]
weight = 0.00110296 mean = [-2.52572 1.75098 -2.59807] covariance = [[0.0267177 -0.038805 0.0183664][-0.038805 0.094305 -0.0184188][0.0183664 -0.0184188 0.0145336]]
weight = 0.00811652 mean = [-2.8227 1.89763 -3.31414] covariance = [[0.135017 -0.0242139 0.150359][-0.0242139 0.157339 -0.0464151][0.150359 -0.0464151 0.636459]]
weight = 0.000187002 mean = [-2.45448 1.86027 -2.6403] covariance = [[0.0076379 0.020222 0.0106431][0.020222 0.0850111 0.0340434][0.0106431 0.0340434 0.0161471]]
weight = 0.160107 mean = [-2.09078 1.05188 -2.69399] covariance = [[0.0094006 -0.0153296 -0.00352902][-0.0153296 0.0428822 0.00383195][-0.00352902 0.00383195 0.0114168]]
weight = 0.317659 mean = [-2.19417 3.21051 -1.95615] covariance = [[0.000180415 0.00191128 0.000604851][0.00191128 0.0939526 0.0316391][0.000604851 0.0316391 0.0115658]]
weight = 0.322763 mean = [-2.20029 3.20105 -1.93285] covariance = [[1.97661e-05 2.77654e-05 -2.46969e-07][2.77654e-05 7.47759e-05 2.33753e-05][-2.46969e-07 2.33753e-05 1.82418e-05]]
]
2025-05-29 09:41:19 INFO  ren0 [gaussian_mixture_model.h:218] Before merging
2025-05-29 09:41:19 INFO  ren0 [gaussian_mixture_model.h:219] GMM[
weight = 0.00380673 mean = [-2.65284 2.09406 -2.67379] covariance = [[0.385975 0.0488946 0.310989][0.0488946 1.19122 0.500718][0.310989 0.500718 0.753673]]
weight = 0.00380673 mean = [-2.32717 3.5082 -1.6682] covariance = [[0.385975 0.0488946 0.310989][0.0488946 1.19122 0.500718][0.310989 0.500718 0.753673]]
weight = 0.0169245 mean = [-2.31758 4.61388 -1.16015] covariance = [[0.000753196 -0.00749069 -0.0048016][-0.00749069 0.0916304 0.0609031][-0.0048016 0.0609031 0.0408541]]
weight = 0.165527 mean = [-2.23363 1.37789 -2.4883] covariance = [[0.0178185 -0.0149973 0.0013489][-0.0149973 0.0844549 0.0338625][0.0013489 0.0338625 0.0776053]]
weight = 0.00110296 mean = [-2.52572 1.75098 -2.59807] covariance = [[0.0267177 -0.038805 0.0183664][-0.038805 0.094305 -0.0184188][0.0183664 -0.0184188 0.0145336]]
weight = 0.00811652 mean = [-2.8227 1.89763 -3.31414] covariance = [[0.135017 -0.0242139 0.150359][-0.0242139 0.157339 -0.0464151][0.150359 -0.0464151 0.636459]]
weight = 0.000187002 mean = [-2.45448 1.86027 -2.6403] covariance = [[0.0076379 0.020222 0.0106431][0.020222 0.0850111 0.0340434][0.0106431 0.0340434 0.0161471]]
weight = 0.160107 mean = [-2.09078 1.05188 -2.69399] covariance = [[0.0094006 -0.0153296 -0.00352902][-0.0153296 0.0428822 0.00383195][-0.00352902 0.00383195 0.0114168]]
weight = 0.317659 mean = [-2.19417 3.21051 -1.95615] covariance = [[0.000180415 0.00191128 0.000604851][0.00191128 0.0939526 0.0316391][0.000604851 0.0316391 0.0115658]]
weight = 0.322763 mean = [-2.20029 3.20105 -1.93285] covariance = [[1.97661e-05 2.77654e-05 -2.46969e-07][2.77654e-05 7.47759e-05 2.33753e-05][-2.46969e-07 2.33753e-05 1.82418e-05]]
]
2025-05-29 09:41:19 INFO  ren0 [gaussian_mixture_model.h:215] Before splitting
2025-05-29 09:41:19 INFO  ren0 [gaussian_mixture_model.h:216] GMM[
weight = 0.00905303 mean = [-2.33004 1.78598 -2.32658] covariance = [[0.572289 0.251504 -0.201843][0.251504 0.868255 0.00604724][-0.201843 0.00604724 0.433435]]
weight = 0.017053 mean = [-2.24972 4.75252 -1.18722] covariance = [[0.210899 0.0608574 0.0709787][0.0608574 3.80176 1.61202][0.0709787 1.61202 1.18652]]
weight = 0.00683409 mean = [-2.30574 4.49324 -1.23961] covariance = [[0.00138178 -0.0139107 -0.00905027][-0.0139107 0.154658 0.10232][-0.00905027 0.10232 0.0680124]]
weight = 0.000385258 mean = [-2.51591 1.73606 -2.59114] covariance = [[0.0296381 -0.0430794 0.0205006][-0.0430794 0.10137 -0.0212964][0.0205006 -0.0212964 0.0161641]]
weight = 0.0157249 mean = [-2.53271 1.51074 -2.43323] covariance = [[0.129913 0.0527461 0.0370292][0.0527461 0.230647 -0.172354][0.0370292 -0.172354 0.656027]]
weight = 0.000245808 mean = [-2.45638 1.88585 -2.63311] covariance = [[0.00229016 0.006067 0.00335106][0.006067 0.0264686 0.0111425][0.00335106 0.0111425 0.00558981]]
weight = 0.372425 mean = [-2.20919 1.32043 -2.56289] covariance = [[0.0164189 -0.0263686 -0.00695117][-0.0263686 0.0720184 0.013094][-0.00695117 0.013094 0.05608]]
weight = 0.205211 mean = [-2.19704 3.20667 -1.9444] covariance = [[0.000112775 0.00104932 0.000270125][0.00104932 0.0503808 0.0169334][0.000270125 0.0169334 0.00637585]]
weight = 0.373068 mean = [-2.19999 3.20112 -1.93261] covariance = [[2.16742e-05 2.68863e-05 1.41441e-06][2.68863e-05 5.46378e-05 1.91647e-05][1.41441e-06 1.91647e-05 1.71716e-05]]
]
2025-05-29 09:41:19 INFO  ren0 [gaussian_mixture_model.h:218] Before merging
2025-05-29 09:41:19 INFO  ren0 [gaussian_mixture_model.h:219] GMM[
weight = 0.00452652 mean = [-2.05988 2.20617 -2.41392] covariance = [[0.426321 0.0244628 -0.154651][0.0244628 0.515147 0.0794445][-0.154651 0.0794445 0.418189]]
weight = 0.017053 mean = [-2.24972 4.75252 -1.18722] covariance = [[0.210899 0.0608574 0.0709787][0.0608574 3.80176 1.61202][0.0709787 1.61202 1.18652]]
weight = 0.00683409 mean = [-2.30574 4.49324 -1.23961] covariance = [[0.00138178 -0.0139107 -0.00905027][-0.0139107 0.154658 0.10232][-0.00905027 0.10232 0.0680124]]
weight = 0.00452652 mean = [-2.60021 1.36579 -2.23924] covariance = [[0.426321 0.0244628 -0.154651][0.0244628 0.515147 0.0794445][-0.154651 0.0794445 0.418189]]
weight = 0.000385258 mean = [-2.51591 1.73606 -2.59114] covariance = [[0.0296381 -0.0430794 0.0205006][-0.0430794 0.10137 -0.0212964][0.0205006 -0.0212964 0.0161641]]
weight = 0.0157249 mean = [-2.53271 1.51074 -2.43323] covariance = [[0.129913 0.0527461 0.0370292][0.0527461 0.230647 -0.172354][0.0370292 -0.172354 0.656027]]
weight = 0.000245808 mean = [-2.45638 1.88585 -2.63311] covariance = [[0.00229016 0.006067 0.00335106][0.006067 0.0264686 0.0111425][0.00335106 0.0111425 0.00558981]]
weight = 0.372425 mean = [-2.20919 1.32043 -2.56289] covariance = [[0.0164189 -0.0263686 -0.00695117][-0.0263686 0.0720184 0.013094][-0.00695117 0.013094 0.05608]]
weight = 0.205211 mean = [-2.19704 3.20667 -1.9444] covariance = [[0.000112775 0.00104932 0.000270125][0.00104932 0.0503808 0.0169334][0.000270125 0.0169334 0.00637585]]
weight = 0.373068 mean = [-2.19999 3.20112 -1.93261] covariance = [[2.16742e-05 2.68863e-05 1.41441e-06][2.68863e-05 5.46378e-05 1.91647e-05][1.41441e-06 1.91647e-05 1.71716e-05]]
]
2025-05-29 09:41:19 INFO  ren0 [gaussian_mixture_model.h:215] Before splitting
2025-05-29 09:41:19 INFO  ren0 [gaussian_mixture_model.h:216] GMM[
weight = 0.00428751 mean = [-2.33791 1.73791 -2.27482] covariance = [[0.521812 0.299487 -0.0903259][0.299487 0.866243 0.0315287][-0.0903259 0.0315287 0.299619]]
weight = 0.00946665 mean = [-2.18894 4.32396 -1.3524] covariance = [[0.367665 0.337891 0.266622][0.337891 3.87245 1.70601][0.266622 1.70601 1.21288]]
weight = 0.00184762 mean = [-2.30532 4.48714 -1.24383] covariance = [[0.00140106 -0.0142194 -0.0092666][-0.0142194 0.15953 0.10573][-0.0092666 0.10573 0.0704]]
weight = 0.00398503 mean = [-2.46787 1.31178 -2.21401] covariance = [[0.104948 -0.0143773 0.0280435][-0.0143773 0.0997888 0.00693725][0.0280435 0.00693725 0.0693736]]
weight = 0.000418769 mean = [-2.46907 1.76604 -2.54853] covariance = [[0.0107116 -0.0126949 0.0080784][-0.0126949 0.0334193 -0.00574179][0.0080784 -0.00574179 0.00700265]]
weight = 0.0308869 mean = [-2.46838 1.36547 -2.26177] covariance = [[0.0409355 -0.00705502 0.036743][-0.00705502 0.0764889 -0.0675875][0.036743 -0.0675875 0.192851]]
weight = 6.63666e-05 mean = [-2.45703 1.88442 -2.63375] covariance = [[0.00236419 0.00622359 0.00341738][0.00622359 0.026746 0.0112689][0.00341738 0.0112689 0.00564281]]
weight = 0.415847 mean = [-2.2588 1.32523 -2.43218] covariance = [[0.019898 -0.0163577 -0.0207168][-0.0163577 0.0532755 0.0143731][-0.0207168 0.0143731 0.0630353]]
weight = 0.533194 mean = [-2.19996 3.20216 -1.93208] covariance = [[2.0595e-05 4.33548e-05 2.38081e-06][4.33548e-05 0.000323053 0.000115985][2.38081e-06 0.000115985 5.54989e-05]]
]
2025-05-29 09:41:19 INFO  ren0 [gaussian_mixture_model.h:218] Before merging
2025-05-29 09:41:19 INFO  ren0 [gaussian_mixture_model.h:219] GMM[
weight = 0.00214375 mean = [-2.08118 2.17827 -2.28739] covariance = [[0.390004 0.0733813 -0.0838724][0.0733813 0.478416 0.0425984][-0.0838724 0.0425984 0.299313]]
weight = 0.00946665 mean = [-2.18894 4.32396 -1.3524] covariance = [[0.367665 0.337891 0.266622][0.337891 3.87245 1.70601][0.266622 1.70601 1.21288]]
weight = 0.00184762 mean = [-2.30532 4.48714 -1.24383] covariance = [[0.00140106 -0.0142194 -0.0092666][-0.0142194 0.15953 0.10573][-0.0092666 0.10573 0.0704]]
weight = 0.00398503 mean = [-2.46787 1.31178 -2.21401] covariance = [[0.104948 -0.0143773 0.0280435][-0.0143773 0.0997888 0.00693725][0.0280435 0.00693725 0.0693736]]
weight = 0.000418769 mean = [-2.46907 1.76604 -2.54853] covariance = [[0.0107116 -0.0126949 0.0080784][-0.0126949 0.0334193 -0.00574179][0.0080784 -0.00574179 0.00700265]]
weight = 0.0308869 mean = [-2.46838 1.36547 -2.26177] covariance = [[0.0409355 -0.00705502 0.036743][-0.00705502 0.0764889 -0.0675875][0.036743 -0.0675875 0.192851]]
weight = 6.63666e-05 mean = [-2.45703 1.88442 -2.63375] covariance = [[0.00236419 0.00622359 0.00341738][0.00622359 0.026746 0.0112689][0.00341738 0.0112689 0.00564281]]
weight = 0.415847 mean = [-2.2588 1.32523 -2.43218] covariance = [[0.019898 -0.0163577 -0.0207168][-0.0163577 0.0532755 0.0143731][-0.0207168 0.0143731 0.0630353]]
weight = 0.00214375 mean = [-2.59463 1.29755 -2.26225] covariance = [[0.390004 0.0733813 -0.0838724][0.0733813 0.478416 0.0425984][-0.0838724 0.0425984 0.299313]]
weight = 0.533194 mean = [-2.19996 3.20216 -1.93208] covariance = [[2.0595e-05 4.33548e-05 2.38081e-06][4.33548e-05 0.000323053 0.000115985][2.38081e-06 0.000115985 5.54989e-05]]
]
2025-05-29 09:41:19 INFO  ren0 [gaussian_mixture_model.h:215] Before splitting
2025-05-29 09:41:19 INFO  ren0 [gaussian_mixture_model.h:216] GMM[
weight = 0.00493724 mean = [-2.23713 2.69469 -2.16667] covariance = [[0.102773 0.0524019 0.0113604][0.0524019 0.616958 0.232705][0.0113604 0.232705 0.293222]]
weight = 0.274821 mean = [-2.2445 4.6891 -1.3331] covariance = [[0.00704511 0.0235845 0.0231948][0.0235845 0.437523 0.300484][0.0231948 0.300484 0.23693]]
weight = 0.00023071 mean = [-2.30477 4.48171 -1.24728] covariance = [[0.00143757 -0.0145439 -0.00946813][-0.0145439 0.162714 0.107727][-0.00946813 0.107727 0.0716549]]
weight = 0.00473833 mean = [-2.45775 1.57135 -2.59425] covariance = [[0.000132463 -0.000180154 8.26526e-05][-0.000180154 0.000856707 3.25545e-05][8.26526e-05 3.25545e-05 0.000108685]]
weight = 0.0364038 mean = [-2.42624 1.51685 -2.40412] covariance = [[0.029494 -0.0143884 0.0310125][-0.0143884 0.0487218 -0.0337524][0.0310125 -0.0337524 0.0989865]]
weight = 9.43498e-06 mean = [-2.43249 1.91984 -2.60499] covariance = [[0.00622358 0.0114966 0.00787692][0.0114966 0.0325436 0.0171059][0.00787692 0.0171059 0.0107359]]
weight = 0.44379 mean = [-2.30606 1.38582 -2.3407] covariance = [[0.0155957 -0.0184007 -0.00659523][-0.0184007 0.0364631 0.00572167][-0.00659523 0.00572167 0.0494754]]
weight = 0.00149785 mean = [-2.36181 1.86912 -2.65311] covariance = [[0.192181 0.0122275 0.0830576][0.0122275 0.454048 0.189104][0.0830576 0.189104 0.81118]]
weight = 0.233571 mean = [-2.20029 3.20091 -1.93224] covariance = [[1.93307e-05 3.30556e-05 1.12298e-06][3.30556e-05 0.000141595 4.95722e-05][1.12298e-06 4.95722e-05 2.89836e-05]]
]
2025-05-29 09:41:19 INFO  ren0 [gaussian_mixture_model.h:218] Before merging
2025-05-29 09:41:19 INFO  ren0 [gaussian_mixture_model.h:219] GMM[
weight = 0.00246862 mean = [-2.20241 3.07576 -1.96852] covariance = [[0.100372 0.0259399 -0.00239941][0.0259399 0.326539 0.0816859][-0.00239941 0.0816859 0.214705]]
weight = 0.274821 mean = [-2.2445 4.6891 -1.3331] covariance = [[0.00704511 0.0235845 0.0231948][0.0235845 0.437523 0.300484][0.0231948 0.300484 0.23693]]
weight = 0.00023071 mean = [-2.30477 4.48171 -1.24728] covariance = [[0.00143757 -0.0145439 -0.00946813][-0.0145439 0.162714 0.107727][-0.00946813 0.107727 0.0716549]]
weight = 0.00246862 mean = [-2.27185 2.31362 -2.36482] covariance = [[0.100372 0.0259399 -0.00239941][0.0259399 0.326539 0.0816859][-0.00239941 0.0816859 0.214705]]
weight = 0.00473833 mean = [-2.45775 1.57135 -2.59425] covariance = [[0.000132463 -0.000180154 8.26526e-05][-0.000180154 0.000856707 3.25545e-05][8.26526e-05 3.25545e-05 0.000108685]]
weight = 0.0364038 mean = [-2.42624 1.51685 -2.40412] covariance = [[0.029494 -0.0143884 0.0310125][-0.0143884 0.0487218 -0.0337524][0.0310125 -0.0337524 0.0989865]]
weight = 9.43498e-06 mean = [-2.43249 1.91984 -2.60499] covariance = [[0.00622358 0.0114966 0.00787692][0.0114966 0.0325436 0.0171059][0.00787692 0.0171059 0.0107359]]
weight = 0.44379 mean = [-2.30606 1.38582 -2.3407] covariance = [[0.0155957 -0.0184007 -0.00659523][-0.0184007 0.0364631 0.00572167][-0.00659523 0.00572167 0.0494754]]
weight = 0.00149785 mean = [-2.36181 1.86912 -2.65311] covariance = [[0.192181 0.0122275 0.0830576][0.0122275 0.454048 0.189104][0.0830576 0.189104 0.81118]]
weight = 0.233571 mean = [-2.20029 3.20091 -1.93224] covariance = [[1.93307e-05 3.30556e-05 1.12298e-06][3.30556e-05 0.000141595 4.95722e-05][1.12298e-06 4.95722e-05 2.89836e-05]]
]
2025-05-29 09:41:19 INFO  ren0 [gaussian_mixture_model.h:215] Before splitting
2025-05-29 09:41:19 INFO  ren0 [gaussian_mixture_model.h:216] GMM[
weight = 0.0122269 mean = [-2.23972 2.77339 -2.1017] covariance = [[0.0309745 0.017336 -0.0016796][0.017336 0.434675 0.177163][-0.0016796 0.177163 0.125719]]
weight = 0.150543 mean = [-2.23578 4.37764 -1.46015] covariance = [[0.00581942 0.00855946 0.0141518][0.00855946 0.699604 0.380893][0.0141518 0.380893 0.245131]]
weight = 0.000136222 mean = [-2.27881 4.23315 -1.40144] covariance = [[0.00285101 -0.0278194 -0.0175759][-0.0278194 0.283447 0.180744][-0.0175759 0.180744 0.115627]]
weight = 0.0209278 mean = [-2.30229 2.06699 -2.36813] covariance = [[0.0382944 0.0354507 -0.01586][0.0354507 0.192804 0.0419674][-0.01586 0.0419674 0.0721846]]
weight = 0.00814239 mean = [-2.45775 1.57135 -2.59425] covariance = [[0.000132463 -0.000180154 8.26526e-05][-0.000180154 0.000856707 3.25545e-05][8.26526e-05 3.25545e-05 0.000108685]]
weight = 0.415166 mean = [-2.23419 1.31978 -2.47441] covariance = [[0.020979 -0.0208198 -0.0205405][-0.0208198 0.0460229 0.013194][-0.0205405 0.013194 0.0677891]]
weight = 0.02561 mean = [-2.21373 1.88982 -3.20755] covariance = [[0.527686 -0.135534 -0.136336][-0.135534 0.972234 0.464524][-0.136336 0.464524 1.36381]]
weight = 0.367248 mean = [-2.2 3.20076 -1.93237] covariance = [[2.48656e-05 3.48156e-05 2.96129e-06][3.48156e-05 8.18101e-05 2.94349e-05][2.96129e-06 2.94349e-05 2.23784e-05]]
]
2025-05-29 09:41:20 INFO  ren0 [gaussian_mixture_model.h:218] Before merging
2025-05-29 09:41:20 INFO  ren0 [gaussian_mixture_model.h:219] GMM[
weight = 0.00611346 mean = [-2.22854 3.10017 -1.9533] covariance = [[0.0307348 0.0100342 -0.00499548][0.0100342 0.221117 0.0801785][-0.00499548 0.0801785 0.0816871]]
weight = 0.0752713 mean = [-2.22819 4.79371 -1.22381] covariance = [[0.00571431 0.00224642 0.0105657][0.00224642 0.353385 0.184221][0.0105657 0.184221 0.133423]]
weight = 0.000136222 mean = [-2.27881 4.23315 -1.40144] covariance = [[0.00285101 -0.0278194 -0.0175759][-0.0278194 0.283447 0.180744][-0.0175759 0.180744 0.115627]]
weight = 0.0209278 mean = [-2.30229 2.06699 -2.36813] covariance = [[0.0382944 0.0354507 -0.01586][0.0354507 0.192804 0.0419674][-0.01586 0.0419674 0.0721846]]
weight = 0.00814239 mean = [-2.45775 1.57135 -2.59425] covariance = [[0.000132463 -0.000180154 8.26526e-05][-0.000180154 0.000856707 3.25545e-05][8.26526e-05 3.25545e-05 0.000108685]]
weight = 0.00611346 mean = [-2.25089 2.44661 -2.25009] covariance = [[0.0307348 0.0100342 -0.00499548][0.0100342 0.221117 0.0801785][-0.00499548 0.0801785 0.0816871]]
weight = 0.0752713 mean = [-2.24337 3.96157 -1.6965] covariance = [[0.00571431 0.00224642 0.0105657][0.00224642 0.353385 0.184221][0.0105657 0.184221 0.133423]]
weight = 0.415166 mean = [-2.23419 1.31978 -2.47441] covariance = [[0.020979 -0.0208198 -0.0205405][-0.0208198 0.0460229 0.013194][-0.0205405 0.013194 0.0677891]]
weight = 0.02561 mean = [-2.21373 1.88982 -3.20755] covariance = [[0.527686 -0.135534 -0.136336][-0.135534 0.972234 0.464524][-0.136336 0.464524 1.36381]]
weight = 0.367248 mean = [-2.2 3.20076 -1.93237] covariance = [[2.48656e-05 3.48156e-05 2.96129e-06][3.48156e-05 8.18101e-05 2.94349e-05][2.96129e-06 2.94349e-05 2.23784e-05]]
]
2025-05-29 09:41:20 INFO  ren0 [gaussian_mixture_model.h:215] Before splitting
2025-05-29 09:41:20 INFO  ren0 [gaussian_mixture_model.h:216] GMM[
weight = 0.00909586 mean = [-2.22343 2.9746 -2.0237] covariance = [[0.0148341 0.0148725 0.00219224][0.0148725 0.273956 0.112092][0.00219224 0.112092 0.0699709]]
weight = 0.0654716 mean = [-2.27431 4.64799 -1.35362] covariance = [[0.0128936 -0.0713032 -0.0202192][-0.0713032 1.28796 0.590084][-0.0202192 0.590084 0.305621]]
weight = 0.000284634 mean = [-2.24336 3.77271 -1.69856] covariance = [[0.000691927 -0.00742854 -0.00473517][-0.00742854 0.0842285 0.0540071][-0.00473517 0.0540071 0.0346992]]
weight = 0.00267743 mean = [-2.45775 1.57136 -2.59425] covariance = [[0.000132552 -0.000180226 8.27321e-05][-0.000180226 0.000856759 3.24947e-05][8.27321e-05 3.24947e-05 0.000108763]]
weight = 0.0046194 mean = [-2.33676 2.30868 -2.33085] covariance = [[0.0276327 0.0750381 0.0339791][0.0750381 0.367256 0.166746][0.0339791 0.166746 0.0829512]]
weight = 0.0571872 mean = [-2.20617 3.26426 -1.90922] covariance = [[0.000244336 -0.00274747 -0.00108197][-0.00274747 0.0474485 0.0185754][-0.00108197 0.0185754 0.00751539]]
weight = 0.378523 mean = [-2.24093 1.31554 -2.38068] covariance = [[0.0237987 -0.027242 -0.00509916][-0.027242 0.0631975 0.000290924][-0.00509916 0.000290924 0.0734293]]
weight = 0.0169291 mean = [-2.41662 1.7528 -2.90771] covariance = [[0.413778 -0.0253274 -0.132611][-0.0253274 0.710153 0.144009][-0.132611 0.144009 0.989543]]
weight = 0.465212 mean = [-2.20004 3.20076 -1.93217] covariance = [[2.62758e-05 3.39647e-05 2.91222e-06][3.39647e-05 6.53405e-05 2.16907e-05][2.91222e-06 2.16907e-05 1.82359e-05]]
]
2025-05-29 09:41:20 INFO  ren0 [gaussian_mixture_model.h:218] Before merging
2025-05-29 09:41:20 INFO  ren0 [gaussian_mixture_model.h:219] GMM[
weight = 0.00454793 mean = [-2.21011 3.23476 -1.90887] covariance = [[0.0144892 0.00794109 -0.000867029][0.00794109 0.138596 0.0523444][-0.000867029 0.0523444 0.0436102]]
weight = 0.0654716 mean = [-2.27431 4.64799 -1.35362] covariance = [[0.0128936 -0.0713032 -0.0202192][-0.0713032 1.28796 0.590084][-0.0202192 0.590084 0.305621]]
weight = 0.000284634 mean = [-2.24336 3.77271 -1.69856] covariance = [[0.000691927 -0.00742854 -0.00473517][-0.00742854 0.0842285 0.0540071][-0.00473517 0.0540071 0.0346992]]
weight = 0.00454793 mean = [-2.23676 2.71444 -2.13852] covariance = [[0.0144892 0.00794109 -0.000867029][0.00794109 0.138596 0.0523444][-0.000867029 0.0523444 0.0436102]]
weight = 0.00267743 mean = [-2.45775 1.57136 -2.59425] covariance = [[0.000132552 -0.000180226 8.27321e-05][-0.000180226 0.000856759 3.24947e-05][8.27321e-05 3.24947e-05 0.000108763]]
weight = 0.0046194 mean = [-2.33676 2.30868 -2.33085] covariance = [[0.0276327 0.0750381 0.0339791][0.0750381 0.367256 0.166746][0.0339791 0.166746 0.0829512]]
weight = 0.0571872 mean = [-2.20617 3.26426 -1.90922] covariance = [[0.000244336 -0.00274747 -0.00108197][-0.00274747 0.0474485 0.0185754][-0.00108197 0.0185754 0.00751539]]
weight = 0.378523 mean = [-2.24093 1.31554 -2.38068] covariance = [[0.0237987 -0.027242 -0.00509916][-0.027242 0.0631975 0.000290924][-0.00509916 0.000290924 0.0734293]]
weight = 0.0169291 mean = [-2.41662 1.7528 -2.90771] covariance = [[0.413778 -0.0253274 -0.132611][-0.0253274 0.710153 0.144009][-0.132611 0.144009 0.989543]]
weight = 0.465212 mean = [-2.20004 3.20076 -1.93217] covariance = [[2.62758e-05 3.39647e-05 2.91222e-06][3.39647e-05 6.53405e-05 2.16907e-05][2.91222e-06 2.16907e-05 1.82359e-05]]
]
2025-05-29 09:41:20 INFO  ren0 [gaussian_mixture_model.h:215] Before splitting
2025-05-29 09:41:20 INFO  ren0 [gaussian_mixture_model.h:216] GMM[
weight = 0.00386944 mean = [-2.22415 3.15277 -1.94963] covariance = [[0.0105964 0.00944822 0.000888641][0.00944822 0.316614 0.129187][0.000888641 0.129187 0.0711522]]
weight = 0.0332917 mean = [-2.25805 4.29318 -1.49071] covariance = [[0.00810115 -0.0511092 -0.0155921][-0.0511092 0.962417 0.427373][-0.0155921 0.427373 0.211959]]
weight = 0.0121771 mean = [-2.23918 3.83258 -1.66189] covariance = [[1.48199e-05 -5.00635e-05 -3.21112e-05][-5.00635e-05 0.000625414 0.00039426][-3.21112e-05 0.00039426 0.000262695]]
weight = 0.00108117 mean = [-2.23659 2.35613 -2.24289] covariance = [[0.000808414 0.00430913 0.00179165][0.00430913 0.186249 0.0680353][0.00179165 0.0680353 0.0281512]]
weight = 0.00320685 mean = [-2.45775 1.57136 -2.59425] covariance = [[0.000132552 -0.000180226 8.27321e-05][-0.000180226 0.000856759 3.24947e-05][8.27321e-05 3.24947e-05 0.000108763]]
weight = 0.00417687 mean = [-2.41105 2.05186 -2.42791] covariance = [[0.035954 0.0788059 0.0385242][0.0788059 0.273845 0.126483][0.0385242 0.126483 0.0623753]]
weight = 0.288569 mean = [-2.20974 1.23094 -2.37207] covariance = [[0.0203373 -0.0221789 -0.00120659][-0.0221789 0.0498844 -0.00857394][-0.00120659 -0.00857394 0.0526365]]
weight = 0.0160684 mean = [-2.6669 1.84234 -3.23696] covariance = [[0.471958 -0.0371628 -0.0179886][-0.0371628 0.527543 0.0614432][-0.0179886 0.0614432 0.935361]]
weight = 0.637559 mean = [-2.20016 3.20078 -1.9324] covariance = [[2.20037e-05 3.48815e-05 6.36314e-07][3.48815e-05 0.000134965 4.82297e-05][6.36314e-07 4.82297e-05 3.02853e-05]]
]
2025-05-29 09:41:20 INFO  ren0 [gaussian_mixture_model.h:218] Before merging
2025-05-29 09:41:20 INFO  ren0 [gaussian_mixture_model.h:219] GMM[
weight = 0.00193472 mean = [-2.21653 3.43304 -1.82937] covariance = [[0.0104904 0.00517864 -0.000943271][0.00517864 0.159513 0.0617766][-0.000943271 0.0617766 0.0422391]]
weight = 0.0332917 mean = [-2.25805 4.29318 -1.49071] covariance = [[0.00810115 -0.0511092 -0.0155921][-0.0511092 0.962417 0.427373][-0.0155921 0.427373 0.211959]]
weight = 0.0121771 mean = [-2.23918 3.83258 -1.66189] covariance = [[1.48199e-05 -5.00635e-05 -3.21112e-05][-5.00635e-05 0.000625414 0.00039426][-3.21112e-05 0.00039426 0.000262695]]
weight = 0.00108117 mean = [-2.23659 2.35613 -2.24289] covariance = [[0.000808414 0.00430913 0.00179165][0.00430913 0.186249 0.0680353][0.00179165 0.0680353 0.0281512]]
weight = 0.00320685 mean = [-2.45775 1.57136 -2.59425] covariance = [[0.000132552 -0.000180226 8.27321e-05][-0.000180226 0.000856759 3.24947e-05][8.27321e-05 3.24947e-05 0.000108763]]
weight = 0.00417687 mean = [-2.41105 2.05186 -2.42791] covariance = [[0.035954 0.0788059 0.0385242][0.0788059 0.273845 0.126483][0.0385242 0.126483 0.0623753]]
weight = 0.00193472 mean = [-2.23177 2.87249 -2.06989] covariance = [[0.0104904 0.00517864 -0.000943271][0.00517864 0.159513 0.0617766][-0.000943271 0.0617766 0.0422391]]
weight = 0.288569 mean = [-2.20974 1.23094 -2.37207] covariance = [[0.0203373 -0.0221789 -0.00120659][-0.0221789 0.0498844 -0.00857394][-0.00120659 -0.00857394 0.0526365]]
weight = 0.0160684 mean = [-2.6669 1.84234 -3.23696] covariance = [[0.471958 -0.0371628 -0.0179886][-0.0371628 0.527543 0.0614432][-0.0179886 0.0614432 0.935361]]
weight = 0.637559 mean = [-2.20016 3.20078 -1.9324] covariance = [[2.20037e-05 3.48815e-05 6.36314e-07][3.48815e-05 0.000134965 4.82297e-05][6.36314e-07 4.82297e-05 3.02853e-05]]
]
2025-05-29 09:41:20 INFO  ren0 [gaussian_mixture_model.h:215] Before splitting
2025-05-29 09:41:20 INFO  ren0 [gaussian_mixture_model.h:216] GMM[
weight = 0.00773043 mean = [-2.20835 2.69703 -2.18869] covariance = [[0.000550746 0.00172565 0.000602653][0.00172565 0.204363 0.10061][0.000602653 0.10061 0.0506481]]
weight = 0.314461 mean = [-2.21078 2.44468 -2.3154] covariance = [[0.000241863 -0.00314268 -0.00153267][-0.00314268 0.174997 0.0881708][-0.00153267 0.0881708 0.0451913]]
weight = 0.00477211 mean = [-2.23918 3.83258 -1.66189] covariance = [[1.48199e-05 -5.00635e-05 -3.21112e-05][-5.00635e-05 0.000625414 0.00039426][-3.21112e-05 0.00039426 0.000262695]]
weight = 0.000314391 mean = [-2.45777 1.57138 -2.59425] covariance = [[0.000132597 -0.000180555 8.24215e-05][-0.000180555 0.000857254 3.28123e-05][8.24215e-05 3.28123e-05 0.000108613]]
weight = 0.160826 mean = [-2.21273 2.33492 -2.3694] covariance = [[0.000866301 0.00186866 0.000797919][0.00186866 0.00937685 0.00421417][0.000797919 0.00421417 0.00197793]]
weight = 0.0937038 mean = [-2.21042 2.35671 -2.35921] covariance = [[1.91724e-05 0.000167286 6.92864e-05][0.000167286 0.0183395 0.00921159][6.92864e-05 0.00921159 0.00464113]]
weight = 0.192312 mean = [-2.13022 1.13655 -2.56558] covariance = [[0.014992 -0.0191571 -0.00864875][-0.0191571 0.0446009 0.00726397][-0.00864875 0.00726397 0.0399724]]
weight = 0.0193649 mean = [-2.28529 2.07502 -2.63901] covariance = [[0.168563 0.0314773 0.0837229][0.0314773 0.212279 0.127049][0.0837229 0.127049 0.415343]]
weight = 0.206516 mean = [-2.20009 3.2003 -1.9323] covariance = [[2.40304e-05 3.51014e-05 2.63516e-06][3.51014e-05 8.81059e-05 3.05557e-05][2.63516e-06 3.05557e-05 2.22598e-05]]
]
2025-05-29 09:41:20 INFO  ren0 [gaussian_mixture_model.h:218] Before merging
2025-05-29 09:41:20 INFO  ren0 [gaussian_mixture_model.h:219] GMM[
weight = 0.00773043 mean = [-2.20835 2.69703 -2.18869] covariance = [[0.000550746 0.00172565 0.000602653][0.00172565 0.204363 0.10061][0.000602653 0.10061 0.0506481]]
weight = 0.314461 mean = [-2.21078 2.44468 -2.3154] covariance = [[0.000241863 -0.00314268 -0.00153267][-0.00314268 0.174997 0.0881708][-0.00153267 0.0881708 0.0451913]]
weight = 0.00238606 mean = [-2.23816 3.8201 -1.66988] covariance = [[2.27554e-05 -2.47154e-05 -1.58699e-05][-2.47154e-05 0.000324193 0.000194851][-1.58699e-05 0.000194851 0.000144928]]
weight = 0.00238606 mean = [-2.24019 3.84505 -1.6539] covariance = [[2.27554e-05 -2.47154e-05 -1.58699e-05][-2.47154e-05 0.000324193 0.000194851][-1.58699e-05 0.000194851 0.000144928]]
weight = 0.000314391 mean = [-2.45777 1.57138 -2.59425] covariance = [[0.000132597 -0.000180555 8.24215e-05][-0.000180555 0.000857254 3.28123e-05][8.24215e-05 3.28123e-05 0.000108613]]
weight = 0.160826 mean = [-2.21273 2.33492 -2.3694] covariance = [[0.000866301 0.00186866 0.000797919][0.00186866 0.00937685 0.00421417][0.000797919 0.00421417 0.00197793]]
weight = 0.0937038 mean = [-2.21042 2.35671 -2.35921] covariance = [[1.91724e-05 0.000167286 6.92864e-05][0.000167286 0.0183395 0.00921159][6.92864e-05 0.00921159 0.00464113]]
weight = 0.192312 mean = [-2.13022 1.13655 -2.56558] covariance = [[0.014992 -0.0191571 -0.00864875][-0.0191571 0.0446009 0.00726397][-0.00864875 0.00726397 0.0399724]]
weight = 0.0193649 mean = [-2.28529 2.07502 -2.63901] covariance = [[0.168563 0.0314773 0.0837229][0.0314773 0.212279 0.127049][0.0837229 0.127049 0.415343]]
weight = 0.206516 mean = [-2.20009 3.2003 -1.9323] covariance = [[2.40304e-05 3.51014e-05 2.63516e-06][3.51014e-05 8.81059e-05 3.05557e-05][2.63516e-06 3.05557e-05 2.22598e-05]]
]
2025-05-29 09:41:20 INFO  ren0 [gaussian_mixture_model.h:215] Before splitting
2025-05-29 09:41:20 INFO  ren0 [gaussian_mixture_model.h:216] GMM[
weight = 0.226587 mean = [-2.20746 2.69756 -2.18747] covariance = [[0.0001799 -0.000580603 -0.0002714][-0.000580603 0.255684 0.128048][-0.0002714 0.128048 0.0646853]]
weight = 0.00887147 mean = [-2.23816 3.8201 -1.66988] covariance = [[2.27554e-05 -2.47154e-05 -1.58699e-05][-2.47154e-05 0.000324193 0.000194851][-1.58699e-05 0.000194851 0.000144928]]
weight = 1.09552e-09 mean = [-2.24579 3.86291 -1.63137] covariance = [[4.43088e-05 8.00302e-06 0.000138776][8.00302e-06 5.30481e-05 8.25663e-05][0.000138776 8.25663e-05 0.00063272]]
weight = 0.00058446 mean = [-2.45777 1.57138 -2.59425] covariance = [[0.000132597 -0.000180555 8.24215e-05][-0.000180555 0.000857254 3.28123e-05][8.24215e-05 3.28123e-05 0.000108613]]
weight = 0.0747449 mean = [-2.21273 2.33492 -2.3694] covariance = [[0.000866282 0.00186868 0.000797899][0.00186868 0.00937683 0.00421419][0.000797899 0.00421419 0.0019779]]
weight = 0.0435494 mean = [-2.21042 2.35671 -2.35921] covariance = [[1.91641e-05 0.000167259 6.92696e-05][0.000167259 0.0183399 0.00921176][6.92696e-05 0.00921176 0.0046412]]
weight = 0.200131 mean = [-2.17773 1.15182 -2.49151] covariance = [[0.0127932 -0.0117367 -0.0083333][-0.0117367 0.0327754 -0.00474235][-0.0083333 -0.00474235 0.0522834]]
weight = 0.0138354 mean = [-2.3812 2.23502 -2.52394] covariance = [[0.26982 -0.139938 0.0385754][-0.139938 1.64074 0.347061][0.0385754 0.347061 0.528157]]
weight = 0.431696 mean = [-2.20003 3.19961 -1.9323] covariance = [[2.09756e-05 2.60844e-05 1.10278e-06][2.60844e-05 5.28498e-05 1.8218e-05][1.10278e-06 1.8218e-05 1.68857e-05]]
]
2025-05-29 09:41:20 INFO  ren0 [gaussian_mixture_model.h:218] Before merging
2025-05-29 09:41:20 INFO  ren0 [gaussian_mixture_model.h:219] GMM[
weight = 0.00443573 mean = [-2.23889 3.82902 -1.66417] covariance = [[3.16997e-05 -1.17539e-05 -7.5651e-06][-1.17539e-05 0.000175054 9.2886e-05][-7.5651e-06 9.2886e-05 8.95958e-05]]
weight = 0.226587 mean = [-2.20746 2.69756 -2.18747] covariance = [[0.0001799 -0.000580603 -0.0002714][-0.000580603 0.255684 0.128048][-0.0002714 0.128048 0.0646853]]
weight = 0.00443573 mean = [-2.23743 3.81118 -1.6756] covariance = [[3.16997e-05 -1.17539e-05 -7.5651e-06][-1.17539e-05 0.000175054 9.2886e-05][-7.5651e-06 9.2886e-05 8.95958e-05]]
weight = 1.09552e-09 mean = [-2.24579 3.86291 -1.63137] covariance = [[4.43088e-05 8.00302e-06 0.000138776][8.00302e-06 5.30481e-05 8.25663e-05][0.000138776 8.25663e-05 0.00063272]]
weight = 0.00058446 mean = [-2.45777 1.57138 -2.59425] covariance = [[0.000132597 -0.000180555 8.24215e-05][-0.000180555 0.000857254 3.28123e-05][8.24215e-05 3.28123e-05 0.000108613]]
weight = 0.0747449 mean = [-2.21273 2.33492 -2.3694] covariance = [[0.000866282 0.00186868 0.000797899][0.00186868 0.00937683 0.00421419][0.000797899 0.00421419 0.0019779]]
weight = 0.0435494 mean = [-2.21042 2.35671 -2.35921] covariance = [[1.91641e-05 0.000167259 6.92696e-05][0.000167259 0.0183399 0.00921176][6.92696e-05 0.00921176 0.0046412]]
weight = 0.200131 mean = [-2.17773 1.15182 -2.49151] covariance = [[0.0127932 -0.0117367 -0.0083333][-0.0117367 0.0327754 -0.00474235][-0.0083333 -0.00474235 0.0522834]]
weight = 0.0138354 mean = [-2.3812 2.23502 -2.52394] covariance = [[0.26982 -0.139938 0.0385754][-0.139938 1.64074 0.347061][0.0385754 0.347061 0.528157]]
weight = 0.431696 mean = [-2.20003 3.19961 -1.9323] covariance = [[2.09756e-05 2.60844e-05 1.10278e-06][2.60844e-05 5.28498e-05 1.8218e-05][1.10278e-06 1.8218e-05 1.68857e-05]]
]
2025-05-29 09:41:21 INFO  ren0 [gaussian_mixture_model.h:215] Before splitting
2025-05-29 09:41:21 INFO  ren0 [gaussian_mixture_model.h:216] GMM[
weight = 0.00443573 mean = [-2.23889 3.82902 -1.66417] covariance = [[3.16997e-05 -1.17539e-05 -7.5651e-06][-1.17539e-05 0.000175054 9.2886e-05][-7.5651e-06 9.2886e-05 8.95958e-05]]
weight = 0.0119135 mean = [-2.23743 3.81118 -1.6756] covariance = [[3.16997e-05 -1.17539e-05 -7.5651e-06][-1.17539e-05 0.000175054 9.2886e-05][-7.5651e-06 9.2886e-05 8.95958e-05]]
weight = 0.000784871 mean = [-2.45777 1.57138 -2.59425] covariance = [[0.000132597 -0.000180555 8.24215e-05][-0.000180555 0.000857254 3.28123e-05][8.24215e-05 3.28123e-05 0.000108613]]
weight = 0.142662 mean = [-2.20284 3.05729 -2.00776] covariance = [[0.000197744 0.00194276 0.000907025][0.00194276 0.115716 0.0575597][0.000907025 0.0575597 0.0287564]]
weight = 0.0146206 mean = [-2.21042 2.35671 -2.35921] covariance = [[1.91634e-05 0.000167258 6.92691e-05][0.000167258 0.0183401 0.00921185][6.92691e-05 0.00921185 0.00464124]]
weight = 0.249872 mean = [-2.19763 1.22418 -2.3888] covariance = [[0.0105903 -0.00858805 -0.0145203][-0.00858805 0.0508164 0.00100852][-0.0145203 0.00100852 0.0718411]]
weight = 0.0855849 mean = [-2.53497 2.10401 -3.28616] covariance = [[0.225206 0.0930104 0.331399][0.0930104 0.693356 0.329084][0.331399 0.329084 1.02645]]
weight = 0.494563 mean = [-2.19992 3.19981 -1.93247] covariance = [[2.25708e-05 2.75575e-05 1.71813e-06][2.75575e-05 5.07566e-05 1.699e-05][1.71813e-06 1.699e-05 1.61802e-05]]
]
2025-05-29 09:41:21 INFO  ren0 [gaussian_mixture_model.h:218] Before merging
2025-05-29 09:41:21 INFO  ren0 [gaussian_mixture_model.h:219] GMM[
weight = 0.00221787 mean = [-2.23836 3.82258 -1.6683] covariance = [[4.11485e-05 -4.98588e-06 -3.2286e-06][-4.98588e-06 0.000101957 3.96429e-05][-3.2286e-06 3.96429e-05 6.54814e-05]]
weight = 0.00221787 mean = [-2.23941 3.83547 -1.66004] covariance = [[4.11485e-05 -4.98588e-06 -3.2286e-06][-4.98588e-06 0.000101957 3.96429e-05][-3.2286e-06 3.96429e-05 6.54814e-05]]
weight = 0.00595674 mean = [-2.23691 3.80474 -1.67973] covariance = [[4.11485e-05 -4.98588e-06 -3.2286e-06][-4.98588e-06 0.000101957 3.96429e-05][-3.2286e-06 3.96429e-05 6.54814e-05]]
weight = 0.00595674 mean = [-2.23796 3.81763 -1.67147] covariance = [[4.11485e-05 -4.98588e-06 -3.2286e-06][-4.98588e-06 0.000101957 3.96429e-05][-3.2286e-06 3.96429e-05 6.54814e-05]]
weight = 0.000784871 mean = [-2.45777 1.57138 -2.59425] covariance = [[0.000132597 -0.000180555 8.24215e-05][-0.000180555 0.000857254 3.28123e-05][8.24215e-05 3.28123e-05 0.000108613]]
weight = 0.142662 mean = [-2.20284 3.05729 -2.00776] covariance = [[0.000197744 0.00194276 0.000907025][0.00194276 0.115716 0.0575597][0.000907025 0.0575597 0.0287564]]
weight = 0.0146206 mean = [-2.21042 2.35671 -2.35921] covariance = [[1.91634e-05 0.000167258 6.92691e-05][0.000167258 0.0183401 0.00921185][6.92691e-05 0.00921185 0.00464124]]
weight = 0.249872 mean = [-2.19763 1.22418 -2.3888] covariance = [[0.0105903 -0.00858805 -0.0145203][-0.00858805 0.0508164 0.00100852][-0.0145203 0.00100852 0.0718411]]
weight = 0.0855849 mean = [-2.53497 2.10401 -3.28616] covariance = [[0.225206 0.0930104 0.331399][0.0930104 0.693356 0.329084][0.331399 0.329084 1.02645]]
weight = 0.494563 mean = [-2.19992 3.19981 -1.93247] covariance = [[2.25708e-05 2.75575e-05 1.71813e-06][2.75575e-05 5.07566e-05 1.699e-05][1.71813e-06 1.699e-05 1.61802e-05]]
]
2025-05-29 09:41:21 INFO  ren0 [gaussian_mixture_model.h:215] Before splitting
2025-05-29 09:41:21 INFO  ren0 [gaussian_mixture_model.h:216] GMM[
weight = 0.00220807 mean = [-2.23836 3.82258 -1.6683] covariance = [[4.11485e-05 -4.98588e-06 -3.2286e-06][-4.98588e-06 0.000101957 3.96429e-05][-3.2286e-06 3.96429e-05 6.54814e-05]]
weight = 2.1858e-09 mean = [-2.25447 3.8809 -1.66386] covariance = [[9.9e-06 1.72144e-07 -7.38009e-08][1.72144e-07 9.70395e-06 1.27093e-07][-7.38009e-08 1.27093e-07 9.94554e-06]]
weight = 0.00279941 mean = [-2.23918 3.83258 -1.66189] covariance = [[1.49716e-05 -5.03222e-05 -3.19985e-05][-5.03222e-05 0.00062586 0.000394068][-3.19985e-05 0.000394068 0.000262779]]
weight = 0.00593043 mean = [-2.23796 3.81763 -1.67147] covariance = [[4.11485e-05 -4.98588e-06 -3.2286e-06][-4.98588e-06 0.000101957 3.96429e-05][-3.2286e-06 3.96429e-05 6.54814e-05]]
weight = 0.000737711 mean = [-2.45777 1.57138 -2.59425] covariance = [[0.000132597 -0.000180555 8.24215e-05][-0.000180555 0.000857254 3.28123e-05][8.24215e-05 3.28123e-05 0.000108613]]
weight = 0.0137421 mean = [-2.21042 2.35671 -2.35921] covariance = [[1.91634e-05 0.000167258 6.92691e-05][0.000167258 0.0183401 0.00921185][6.92691e-05 0.00921185 0.00464124]]
weight = 0.319299 mean = [-2.19887 1.11405 -2.31376] covariance = [[0.0122525 -0.00329609 -0.0204062][-0.00329609 0.0463602 -0.0217896][-0.0204062 -0.0217896 0.084066]]
weight = 0.0998523 mean = [-2.63375 2.02049 -3.20302] covariance = [[0.175807 0.0607053 0.303774][0.0607053 0.246604 0.180171][0.303774 0.180171 0.758814]]
weight = 0.56357 mean = [-2.19959 3.202 -1.93217] covariance = [[3.392e-05 5.91358e-05 1.40473e-06][5.91358e-05 0.000295485 0.000116964][1.40473e-06 0.000116964 7.06285e-05]]
]
2025-05-29 09:41:21 INFO  ren0 [gaussian_mixture_model.h:218] Before merging
2025-05-29 09:41:21 INFO  ren0 [gaussian_mixture_model.h:219] GMM[
weight = 0.00110404 mean = [-2.23798 3.81783 -1.67134] covariance = [[5.08495e-05 -1.31448e-06 -8.76224e-07][-1.31448e-06 6.68798e-05 1.07608e-05][-8.76224e-07 1.07608e-05 5.69757e-05]]
weight = 2.1858e-09 mean = [-2.25447 3.8809 -1.66386] covariance = [[9.9e-06 1.72144e-07 -7.38009e-08][1.72144e-07 9.70395e-06 1.27093e-07][-7.38009e-08 1.27093e-07 9.94554e-06]]
weight = 0.00279941 mean = [-2.23918 3.83258 -1.66189] covariance = [[1.49716e-05 -5.03222e-05 -3.19985e-05][-5.03222e-05 0.00062586 0.000394068][-3.19985e-05 0.000394068 0.000262779]]
weight = 0.00593043 mean = [-2.23796 3.81763 -1.67147] covariance = [[4.11485e-05 -4.98588e-06 -3.2286e-06][-4.98588e-06 0.000101957 3.96429e-05][-3.2286e-06 3.96429e-05 6.54814e-05]]
weight = 0.000737711 mean = [-2.45777 1.57138 -2.59425] covariance = [[0.000132597 -0.000180555 8.24215e-05][-0.000180555 0.000857254 3.28123e-05][8.24215e-05 3.28123e-05 0.000108613]]
weight = 0.00110404 mean = [-2.23875 3.82732 -1.66526] covariance = [[5.08495e-05 -1.31448e-06 -8.76224e-07][-1.31448e-06 6.68798e-05 1.07608e-05][-8.76224e-07 1.07608e-05 5.69757e-05]]
weight = 0.0137421 mean = [-2.21042 2.35671 -2.35921] covariance = [[1.91634e-05 0.000167258 6.92691e-05][0.000167258 0.0183401 0.00921185][6.92691e-05 0.00921185 0.00464124]]
weight = 0.319299 mean = [-2.19887 1.11405 -2.31376] covariance = [[0.0122525 -0.00329609 -0.0204062][-0.00329609 0.0463602 -0.0217896][-0.0204062 -0.0217896 0.084066]]
weight = 0.0998523 mean = [-2.63375 2.02049 -3.20302] covariance = [[0.175807 0.0607053 0.303774][0.0607053 0.246604 0.180171][0.303774 0.180171 0.758814]]
weight = 0.56357 mean = [-2.19959 3.202 -1.93217] covariance = [[3.392e-05 5.91358e-05 1.40473e-06][5.91358e-05 0.000295485 0.000116964][1.40473e-06 0.000116964 7.06285e-05]]
]
2025-05-29 09:41:21 INFO  ren0 [gaussian_mixture_model.h:215] Before splitting
2025-05-29 09:41:21 INFO  ren0 [gaussian_mixture_model.h:216] GMM[
weight = 0.000473844 mean = [-2.45777 1.57138 -2.59425] covariance = [[0.000132597 -0.000180555 8.24215e-05][-0.000180555 0.000857254 3.28123e-05][8.24215e-05 3.28123e-05 0.000108613]]
weight = 6.02596e-06 mean = [-2.23349 3.79866 -1.686] covariance = [[0.000258764 -0.000215167 -0.000140099][-0.000215167 0.00101412 0.00092571][-0.000140099 0.00092571 0.00103215]]
weight = 0.00220708 mean = [-2.21041 2.35685 -2.35915] covariance = [[1.91585e-05 0.000167881 6.95786e-05][0.000167881 0.018441 0.0092626][6.95786e-05 0.0092626 0.00466678]]
weight = 0.541417 mean = [-2.17003 1.3044 -2.48407] covariance = [[0.00607682 -6.22316e-05 -0.0123973][-6.22316e-05 0.0211734 -0.0160277][-0.0123973 -0.0160277 0.0600259]]
weight = 0.101381 mean = [-2.39254 2.57248 -2.30582] covariance = [[0.189323 0.183773 0.170379][0.183773 1.26206 0.483222][0.170379 0.483222 0.51493]]
weight = 0.354515 mean = [-2.19994 3.201 -1.93232] covariance = [[2.5789e-05 4.0277e-05 2.57952e-06][4.0277e-05 0.0001274 4.84217e-05][2.57952e-06 4.84217e-05 3.33613e-05]]
]
2025-05-29 09:41:21 INFO  ren0 [gaussian_mixture_model.h:218] Before merging
2025-05-29 09:41:21 INFO  ren0 [gaussian_mixture_model.h:219] GMM[
weight = 3.01298e-06 mean = [-2.2367 3.81424 -1.6704] covariance = [[0.000248193 -0.000115239 -4.00342e-05][-0.000115239 0.000538724 0.000439647][-4.00342e-05 0.000439647 0.000555424]]
weight = 0.00110354 mean = [-2.21101 2.28895 -2.39327] covariance = [[2.84462e-05 8.6847e-05 2.88516e-05][8.6847e-05 0.00923161 0.00462904][2.88516e-05 0.00462904 0.002348]]
weight = 0.0506904 mean = [-2.50134 2.02651 -2.58074] covariance = [[0.165657 0.0649677 0.110555][0.0649677 0.665903 0.183028][0.110555 0.183028 0.363779]]
weight = 0.177258 mean = [-2.20169 3.19536 -1.93453] covariance = [[2.96729e-05 2.05616e-05 -5.15163e-06][2.05616e-05 7.38476e-05 2.35002e-05][-5.15163e-06 2.35002e-05 3.35886e-05]]
weight = 0.000473844 mean = [-2.45777 1.57138 -2.59425] covariance = [[0.000132597 -0.000180555 8.24215e-05][-0.000180555 0.000857254 3.28123e-05][8.24215e-05 3.28123e-05 0.000108613]]
weight = 3.01298e-06 mean = [-2.23029 3.78309 -1.7016] covariance = [[0.000248193 -0.000115239 -4.00342e-05][-0.000115239 0.000538724 0.000439647][-4.00342e-05 0.000439647 0.000555424]]
weight = 0.00110354 mean = [-2.20982 2.42474 -2.32502] covariance = [[2.84462e-05 8.6847e-05 2.88516e-05][8.6847e-05 0.00923161 0.00462904][2.88516e-05 0.00462904 0.002348]]
weight = 0.541417 mean = [-2.17003 1.3044 -2.48407] covariance = [[0.00607682 -6.22316e-05 -0.0123973][-6.22316e-05 0.0211734 -0.0160277][-0.0123973 -0.0160277 0.0600259]]
weight = 0.0506904 mean = [-2.28374 3.11845 -2.0309] covariance = [[0.165657 0.0649677 0.110555][0.0649677 0.665903 0.183028][0.110555 0.183028 0.363779]]
weight = 0.177258 mean = [-2.19819 3.20664 -1.93011] covariance = [[2.96729e-05 2.05616e-05 -5.15163e-06][2.05616e-05 7.38476e-05 2.35002e-05][-5.15163e-06 2.35002e-05 3.35886e-05]]
]
2025-05-29 09:41:21 INFO  ren0 [gaussian_mixture_model.h:215] Before splitting
2025-05-29 09:41:21 INFO  ren0 [gaussian_mixture_model.h:216] GMM[
weight = 6.06301e-10 mean = [-2.21844 2.61269 -2.23025] covariance = [[1.05816e-05 -1.0539e-05 -5.33396e-06][-1.0539e-05 0.000366578 0.000187674][-5.33396e-06 0.000187674 0.00010918]]
weight = 0.0271613 mean = [-2.27225 2.53986 -2.16101] covariance = [[0.131612 0.0627002 0.0719429][0.0627002 1.29834 0.369422][0.0719429 0.369422 0.334809]]
weight = 0.186185 mean = [-2.2008 3.19616 -1.93346] covariance = [[1.79864e-05 2.25774e-05 5.49056e-07][2.25774e-05 5.72442e-05 2.2496e-05][5.49056e-07 2.2496e-05 1.9076e-05]]
weight = 0.000683769 mean = [-2.21041 2.35686 -2.35914] covariance = [[1.91565e-05 0.000167768 6.95193e-05][0.000167768 0.0184436 0.00926389][6.95193e-05 0.00926389 0.00466743]]
weight = 0.320392 mean = [-2.15322 1.29895 -2.5085] covariance = [[0.00524942 -0.00116065 -0.00858611][-0.00116065 0.0253929 -0.0163803][-0.00858611 -0.0163803 0.0532155]]
weight = 0.186081 mean = [-2.33107 4.26076 -1.54811] covariance = [[0.0475049 -0.0689494 -0.00507541][-0.0689494 2.24281 0.890409][-0.00507541 0.890409 0.419048]]
weight = 0.279498 mean = [-2.19937 3.2034 -1.93211] covariance = [[2.57087e-05 3.59262e-05 1.03342e-06][3.59262e-05 9.36598e-05 3.24266e-05][1.03342e-06 3.24266e-05 2.47e-05]]
]
2025-05-29 09:41:21 INFO  ren0 [gaussian_mixture_model.h:218] Before merging
2025-05-29 09:41:21 INFO  ren0 [gaussian_mixture_model.h:219] GMM[
weight = 3.0315e-10 mean = [-2.21872 2.62223 -2.22522] covariance = [[2.04249e-05 -5.19653e-06 -2.51968e-06][-5.19653e-06 0.00019441 9.17133e-05][-2.51968e-06 9.17133e-05 6.86301e-05]]
weight = 3.0315e-10 mean = [-2.21816 2.60315 -2.23528] covariance = [[2.04249e-05 -5.19653e-06 -2.51968e-06][-5.19653e-06 0.00019441 9.17133e-05][-2.51968e-06 9.17133e-05 6.86301e-05]]
weight = 0.0135807 mean = [-2.23427 3.10424 -1.96796] covariance = [[0.128736 0.0198274 0.0572775][0.0198274 0.661314 0.151511][0.0572775 0.151511 0.260279]]
weight = 0.0930923 mean = [-2.1993 3.19993 -1.93193] covariance = [[2.34784e-05 1.12431e-05 -4.02911e-06][1.12431e-05 3.87464e-05 1.09851e-05][-4.02911e-06 1.09851e-05 2.44265e-05]]
weight = 0.0135807 mean = [-2.31023 1.97549 -2.35407] covariance = [[0.128736 0.0198274 0.0572775][0.0198274 0.661314 0.151511][0.0572775 0.151511 0.260279]]
weight = 0.0930923 mean = [-2.2023 3.19238 -1.93498] covariance = [[2.34784e-05 1.12431e-05 -4.02911e-06][1.12431e-05 3.87464e-05 1.09851e-05][-4.02911e-06 1.09851e-05 2.44265e-05]]
weight = 0.000683769 mean = [-2.21041 2.35686 -2.35914] covariance = [[1.91565e-05 0.000167768 6.95193e-05][0.000167768 0.0184436 0.00926389][6.95193e-05 0.00926389 0.00466743]]
weight = 0.320392 mean = [-2.15322 1.29895 -2.5085] covariance = [[0.00524942 -0.00116065 -0.00858611][-0.00116065 0.0253929 -0.0163803][-0.00858611 -0.0163803 0.0532155]]
weight = 0.186081 mean = [-2.33107 4.26076 -1.54811] covariance = [[0.0475049 -0.0689494 -0.00507541][-0.0689494 2.24281 0.890409][-0.00507541 0.890409 0.419048]]
weight = 0.279498 mean = [-2.19937 3.2034 -1.93211] covariance = [[2.57087e-05 3.59262e-05 1.03342e-06][3.59262e-05 9.36598e-05 3.24266e-05][1.03342e-06 3.24266e-05 2.47e-05]]
]
2025-05-29 09:41:21 INFO  ren0 [gaussian_mixture_model.h:215] Before splitting
2025-05-29 09:41:21 INFO  ren0 [gaussian_mixture_model.h:216] GMM[
weight = 0.0142893 mean = [-2.47021 2.20203 -2.13641] covariance = [[0.260837 0.19409 0.018825][0.19409 1.20683 0.107579][0.018825 0.107579 0.514563]]
weight = 0.18183 mean = [-2.20005 3.20094 -1.93214] covariance = [[1.73727e-05 2.25828e-05 -9.76521e-07][2.25828e-05 6.07398e-05 1.92728e-05][-9.76521e-07 1.92728e-05 1.59289e-05]]
weight = 0.0339783 mean = [-2.80361 1.30821 -2.06849] covariance = [[0.191251 0.0410483 -0.126456][0.0410483 0.183541 -0.201684][-0.126456 -0.201684 0.527612]]
weight = 0.0851892 mean = [-2.20137 3.19268 -1.93307] covariance = [[1.74939e-05 1.95003e-05 -6.67215e-07][1.95003e-05 5.14957e-05 2.36254e-05][-6.67215e-07 2.36254e-05 2.27482e-05]]
weight = 0.00020572 mean = [-2.21041 2.35686 -2.35914] covariance = [[1.91522e-05 0.000167768 6.95177e-05][0.000167768 0.0184463 0.00926524][6.95177e-05 0.00926524 0.00466811]]
weight = 0.455291 mean = [-2.1693 1.65247 -2.38552] covariance = [[0.0226693 -0.0911975 -0.0312402][-0.0911975 1.53925 0.502898][-0.0312402 0.502898 0.212866]]
weight = 0.229217 mean = [-2.19904 3.20364 -1.93211] covariance = [[2.85499e-05 3.76026e-05 3.00973e-06][3.76026e-05 7.72732e-05 2.62594e-05][3.00973e-06 2.62594e-05 2.09956e-05]]
]
2025-05-29 09:41:21 INFO  ren0 [gaussian_mixture_model.h:218] Before merging
2025-05-29 09:41:21 INFO  ren0 [gaussian_mixture_model.h:219] GMM[
weight = 0.00714467 mean = [-2.57752 1.65691 -2.21767] covariance = [[0.237818 0.077102 0.00138529][0.077102 0.61254 0.0189847][0.00138529 0.0189847 0.501366]]
weight = 0.0909148 mean = [-2.20154 3.19705 -1.93338] covariance = [[2.293e-05 1.09872e-05 -4.65481e-06][1.09872e-05 4.04751e-05 9.67236e-06][-4.65481e-06 9.67236e-06 2.28835e-05]]
weight = 0.00714467 mean = [-2.3629 2.74714 -2.05515] covariance = [[0.237818 0.077102 0.00138529][0.077102 0.61254 0.0189847][0.00138529 0.0189847 0.501366]]
weight = 0.0909148 mean = [-2.19856 3.20483 -1.93091] covariance = [[2.293e-05 1.09872e-05 -4.65481e-06][1.09872e-05 4.04751e-05 9.67236e-06][-4.65481e-06 9.67236e-06 2.28835e-05]]
weight = 0.0169891 mean = [-2.69313 1.46893 -2.42412] covariance = [[0.166851 0.00553741 -0.0478779][0.00553741 0.131891 -0.0873707][-0.0478779 -0.0873707 0.274672]]
weight = 0.0851892 mean = [-2.20137 3.19268 -1.93307] covariance = [[1.74939e-05 1.95003e-05 -6.67215e-07][1.95003e-05 5.14957e-05 2.36254e-05][-6.67215e-07 2.36254e-05 2.27482e-05]]
weight = 0.00020572 mean = [-2.21041 2.35686 -2.35914] covariance = [[1.91522e-05 0.000167768 6.95177e-05][0.000167768 0.0184463 0.00926524][6.95177e-05 0.00926524 0.00466811]]
weight = 0.0169891 mean = [-2.91409 1.1475 -1.71285] covariance = [[0.166851 0.00553741 -0.0478779][0.00553741 0.131891 -0.0873707][-0.0478779 -0.0873707 0.274672]]
weight = 0.455291 mean = [-2.1693 1.65247 -2.38552] covariance = [[0.0226693 -0.0911975 -0.0312402][-0.0911975 1.53925 0.502898][-0.0312402 0.502898 0.212866]]
weight = 0.229217 mean = [-2.19904 3.20364 -1.93211] covariance = [[2.85499e-05 3.76026e-05 3.00973e-06][3.76026e-05 7.72732e-05 2.62594e-05][3.00973e-06 2.62594e-05 2.09956e-05]]
]
2025-05-29 09:41:21 INFO  ren0 [gaussian_mixture_model.h:215] Before splitting
2025-05-29 09:41:21 INFO  ren0 [gaussian_mixture_model.h:216] GMM[
weight = 0.0149567 mean = [-2.73128 1.44934 -2.61725] covariance = [[0.415819 0.0856744 0.00307895][0.0856744 0.278814 -0.108984][0.00307895 -0.108984 0.382911]]
weight = 0.00894279 mean = [-2.53284 2.12428 -2.32564] covariance = [[0.305113 0.158149 0.0813521][0.158149 1.07373 0.175602][0.0813521 0.175602 0.741305]]
weight = 0.0815624 mean = [-2.63635 1.55434 -2.51603] covariance = [[0.0504305 -0.0226823 -0.0140342][-0.0226823 0.174512 -0.132759][-0.0140342 -0.132759 0.216976]]
weight = 0.000218861 mean = [-2.21041 2.35686 -2.35914] covariance = [[1.91522e-05 0.000167768 6.95177e-05][0.000167768 0.0184463 0.00926524][6.95177e-05 0.00926524 0.00466811]]
weight = 0.032026 mean = [-2.57736 1.1697 -2.15805] covariance = [[0.0417873 -0.0168934 0.000947151][-0.0168934 0.115507 -0.0918754][0.000947151 -0.0918754 0.0983609]]
weight = 0.382937 mean = [-2.17852 2.01303 -2.20195] covariance = [[0.0124461 -0.0215159 -0.00930607][-0.0215159 2.55264 0.84222][-0.00930607 0.84222 0.324266]]
weight = 0.479356 mean = [-2.20003 3.20135 -1.93204] covariance = [[2.50896e-05 3.75841e-05 2.84877e-06][3.75841e-05 9.3475e-05 3.03784e-05][2.84877e-06 3.03784e-05 2.12134e-05]]
]
2025-05-29 09:41:21 INFO  ren0 [gaussian_mixture_model.h:218] Before merging
2025-05-29 09:41:21 INFO  ren0 [gaussian_mixture_model.h:219] GMM[
weight = 0.00747836 mean = [-2.5113 1.64021 -2.80973] covariance = [[0.319053 0.00170485 0.0877595][0.00170485 0.205966 -0.0355094][0.0877595 -0.0355094 0.308824]]
weight = 0.00747836 mean = [-2.95125 1.25848 -2.42477] covariance = [[0.319053 0.00170485 0.0877595][0.00170485 0.205966 -0.0355094][0.0877595 -0.0355094 0.308824]]
weight = 0.00447139 mean = [-2.64045 1.63519 -2.5389] covariance = [[0.281961 0.0528812 0.0354532][0.0528812 0.595312 -0.0330036][0.0354532 -0.0330036 0.650359]]
weight = 0.00447139 mean = [-2.42522 2.61338 -2.11238] covariance = [[0.281961 0.0528812 0.0354532][0.0528812 0.595312 -0.0330036][0.0354532 -0.0330036 0.650359]]
weight = 0.0815624 mean = [-2.63635 1.55434 -2.51603] covariance = [[0.0504305 -0.0226823 -0.0140342][-0.0226823 0.174512 -0.132759][-0.0140342 -0.132759 0.216976]]
weight = 0.000109431 mean = [-2.21101 2.28896 -2.39327] covariance = [[2.84412e-05 8.67909e-05 2.88198e-05][8.67909e-05 0.00923427 0.00463035][2.88198e-05 0.00463035 0.00234867]]
weight = 0.000109431 mean = [-2.20982 2.42477 -2.32501] covariance = [[2.84412e-05 8.67909e-05 2.88198e-05][8.67909e-05 0.00923427 0.00463035][2.88198e-05 0.00463035 0.00234867]]
weight = 0.032026 mean = [-2.57736 1.1697 -2.15805] covariance = [[0.0417873 -0.0168934 0.000947151][-0.0168934 0.115507 -0.0918754][0.000947151 -0.0918754 0.0983609]]
weight = 0.382937 mean = [-2.17852 2.01303 -2.20195] covariance = [[0.0124461 -0.0215159 -0.00930607][-0.0215159 2.55264 0.84222][-0.00930607 0.84222 0.324266]]
weight = 0.479356 mean = [-2.20003 3.20135 -1.93204] covariance = [[2.50896e-05 3.75841e-05 2.84877e-06][3.75841e-05 9.3475e-05 3.03784e-05][2.84877e-06 3.03784e-05 2.12134e-05]]
]
2025-05-29 09:41:21 INFO  ren0 [gaussian_mixture_model.h:215] Before splitting
2025-05-29 09:41:21 INFO  ren0 [gaussian_mixture_model.h:216] GMM[
weight = 0.0186625 mean = [-2.37879 1.52943 -3.28493] covariance = [[0.226059 -0.0585155 -0.0400545][-0.0585155 0.20294 -0.0116144][-0.0400545 -0.0116144 0.540191]]
weight = 0.00407854 mean = [-2.6011 1.52011 -2.48203] covariance = [[0.411839 -0.0976105 -0.08898][-0.0976105 0.171591 -0.0335807][-0.08898 -0.0335807 0.551326]]
weight = 0.012548 mean = [-2.29802 1.47061 -3.34815] covariance = [[0.200642 -0.0946937 -0.122643][-0.0946937 0.498333 0.208995][-0.122643 0.208995 0.700651]]
weight = 0.00606456 mean = [-1.70489 4.58088 -1.43519] covariance = [[0.538658 1.25988 0.703597][1.25988 5.02004 2.86314][0.703597 2.86314 2.09764]]
weight = 0.000109431 mean = [-2.21101 2.28896 -2.39327] covariance = [[2.84412e-05 8.67909e-05 2.88198e-05][8.67909e-05 0.00923427 0.00463035][2.88198e-05 0.00463035 0.00234867]]
weight = 0.000201284 mean = [-2.20982 2.42477 -2.32501] covariance = [[2.84412e-05 8.67909e-05 2.88198e-05][8.67909e-05 0.00923427 0.00463035][2.88198e-05 0.00463035 0.00234867]]
weight = 0.0924814 mean = [-2.51155 1.49766 -2.44543] covariance = [[0.037144 -0.0238981 -0.0162336][-0.0238981 0.0679502 -0.0414649][-0.0162336 -0.0414649 0.136251]]
weight = 0.442222 mean = [-2.20939 1.92293 -2.20376] covariance = [[0.011908 -0.0202905 -0.0137458][-0.0202905 1.04894 0.311076][-0.0137458 0.311076 0.134804]]
weight = 0.423742 mean = [-2.19969 3.20123 -1.93229] covariance = [[2.3671e-05 3.03887e-05 1.22789e-06][3.03887e-05 6.2828e-05 2.04932e-05][1.22789e-06 2.04932e-05 1.79062e-05]]
]
2025-05-29 09:41:21 INFO  ren0 [gaussian_mixture_model.h:218] Before merging
2025-05-29 09:41:21 INFO  ren0 [gaussian_mixture_model.h:219] GMM[
weight = 0.00933125 mean = [-2.4239 1.52471 -2.91851] covariance = [[0.221999 -0.0589413 -0.00699487][-0.0589413 0.202906 -0.00815513][-0.00699487 -0.00815513 0.27168]]
weight = 0.00407854 mean = [-2.6011 1.52011 -2.48203] covariance = [[0.411839 -0.0976105 -0.08898][-0.0976105 0.171591 -0.0335807][-0.08898 -0.0335807 0.551326]]
weight = 0.012548 mean = [-2.29802 1.47061 -3.34815] covariance = [[0.200642 -0.0946937 -0.122643][-0.0946937 0.498333 0.208995][-0.122643 0.208995 0.700651]]
weight = 0.00606456 mean = [-1.70489 4.58088 -1.43519] covariance = [[0.538658 1.25988 0.703597][1.25988 5.02004 2.86314][0.703597 2.86314 2.09764]]
weight = 0.00933125 mean = [-2.33368 1.53415 -3.65134] covariance = [[0.221999 -0.0589413 -0.00699487][-0.0589413 0.202906 -0.00815513][-0.00699487 -0.00815513 0.27168]]
weight = 0.000109431 mean = [-2.21101 2.28896 -2.39327] covariance = [[2.84412e-05 8.67909e-05 2.88198e-05][8.67909e-05 0.00923427 0.00463035][2.88198e-05 0.00463035 0.00234867]]
weight = 0.000201284 mean = [-2.20982 2.42477 -2.32501] covariance = [[2.84412e-05 8.67909e-05 2.88198e-05][8.67909e-05 0.00923427 0.00463035][2.88198e-05 0.00463035 0.00234867]]
weight = 0.0924814 mean = [-2.51155 1.49766 -2.44543] covariance = [[0.037144 -0.0238981 -0.0162336][-0.0238981 0.0679502 -0.0414649][-0.0162336 -0.0414649 0.136251]]
weight = 0.442222 mean = [-2.20939 1.92293 -2.20376] covariance = [[0.011908 -0.0202905 -0.0137458][-0.0202905 1.04894 0.311076][-0.0137458 0.311076 0.134804]]
weight = 0.423742 mean = [-2.19969 3.20123 -1.93229] covariance = [[2.3671e-05 3.03887e-05 1.22789e-06][3.03887e-05 6.2828e-05 2.04932e-05][1.22789e-06 2.04932e-05 1.79062e-05]]
]
2025-05-29 09:41:21 INFO  ren0 [gaussian_mixture_model.h:215] Before splitting
2025-05-29 09:41:21 INFO  ren0 [gaussian_mixture_model.h:216] GMM[
weight = 0.00251463 mean = [-1.7204 4.53516 -1.41407] covariance = [[0.552836 1.0219 0.647295][1.0219 4.48544 2.76601][0.647295 2.76601 2.08728]]
weight = 0.00820902 mean = [-2.68196 2.01569 -3.07536] covariance = [[0.637344 -0.424001 0.163528][-0.424001 0.514319 -0.22033][0.163528 -0.22033 0.470217]]
weight = 4.97353e-05 mean = [-2.21041 2.35688 -2.35913] covariance = [[1.91328e-05 0.000167667 6.94612e-05][0.000167667 0.0184444 0.00926429][6.94612e-05 0.00926429 0.00466766]]
weight = 0.0576173 mean = [-2.36375 1.36635 -2.4645] covariance = [[0.040953 -0.033593 -0.00677255][-0.033593 0.0585594 -0.0269885][-0.00677255 -0.0269885 0.0843995]]
weight = 0.508534 mean = [-2.18093 2.30974 -2.14047] covariance = [[0.00498878 -0.02026 -0.0059126][-0.02026 1.06049 0.248276][-0.0059126 0.248276 0.0799129]]
weight = 0.423075 mean = [-2.20008 3.20071 -1.93252] covariance = [[2.33085e-05 2.88325e-05 2.54226e-06][2.88325e-05 5.57885e-05 2.067e-05][2.54226e-06 2.067e-05 1.85352e-05]]
]
2025-05-29 09:41:21 INFO  ren0 [gaussian_mixture_model.h:218] Before merging
2025-05-29 09:41:21 INFO  ren0 [gaussian_mixture_model.h:219] GMM[
weight = 0.00125732 mean = [-1.97348 3.48649 -2.10149] covariance = [[0.424739 0.491091 0.299341][0.491091 2.28603 1.32427][0.299341 1.32427 1.14221]]
weight = 0.00410451 mean = [-3.0423 2.34406 -3.27864] covariance = [[0.377668 -0.18735 0.0170254][-0.18735 0.29867 -0.0868227][0.0170254 -0.0868227 0.387578]]
weight = 2.48676e-05 mean = [-2.21101 2.28898 -2.39325] covariance = [[2.84226e-05 8.67419e-05 2.87891e-05][8.67419e-05 0.00923332 0.00462987][2.87891e-05 0.00462987 0.00234845]]
weight = 0.00125732 mean = [-1.46731 5.58383 -0.726657] covariance = [[0.424739 0.491091 0.299341][0.491091 2.28603 1.32427][0.299341 1.32427 1.14221]]
weight = 0.00410451 mean = [-2.32163 1.68731 -2.87207] covariance = [[0.377668 -0.18735 0.0170254][-0.18735 0.29867 -0.0868227][0.0170254 -0.0868227 0.387578]]
weight = 0.254267 mean = [-2.19093 2.82437 -2.01759] covariance = [[0.00479874 -0.0099664 -0.00345472][-0.0099664 0.530819 0.121798][-0.00345472 0.121798 0.049723]]
weight = 2.48676e-05 mean = [-2.20982 2.42478 -2.325] covariance = [[2.84226e-05 8.67419e-05 2.87891e-05][8.67419e-05 0.00923332 0.00462987][2.87891e-05 0.00462987 0.00234845]]
weight = 0.0576173 mean = [-2.36375 1.36635 -2.4645] covariance = [[0.040953 -0.033593 -0.00677255][-0.033593 0.0585594 -0.0269885][-0.00677255 -0.0269885 0.0843995]]
weight = 0.254267 mean = [-2.17093 1.79511 -2.26335] covariance = [[0.00479874 -0.0099664 -0.00345472][-0.0099664 0.530819 0.121798][-0.00345472 0.121798 0.049723]]
weight = 0.423075 mean = [-2.20008 3.20071 -1.93252] covariance = [[2.33085e-05 2.88325e-05 2.54226e-06][2.88325e-05 5.57885e-05 2.067e-05][2.54226e-06 2.067e-05 1.85352e-05]]
]
2025-05-29 09:41:22 INFO  ren0 [gaussian_mixture_model.h:215] Before splitting
2025-05-29 09:41:22 INFO  ren0 [gaussian_mixture_model.h:216] GMM[
weight = 0.00473248 mean = [-2.34991 1.69291 -2.92] covariance = [[0.180024 0.243506 0.0669671][0.243506 1.94959 0.818757][0.0669671 0.818757 0.55521]]
weight = 0.0253751 mean = [-2.55535 1.53827 -2.84966] covariance = [[0.0888324 -0.0637407 -0.0131682][-0.0637407 0.125404 -0.0057312][-0.0131682 -0.0057312 0.311349]]
weight = 2.48676e-05 mean = [-2.21101 2.28898 -2.39325] covariance = [[2.84226e-05 8.67419e-05 2.87891e-05][8.67419e-05 0.00923332 0.00462987][2.87891e-05 0.00462987 0.00234845]]
weight = 0.00267138 mean = [-1.73717 5.99965 -1.08944] covariance = [[0.237538 0.574561 0.217977][0.574561 4.27777 1.63955][0.217977 1.63955 0.987225]]
weight = 0.0770421 mean = [-2.48932 1.43332 -2.70051] covariance = [[0.0638406 -0.0221098 -0.0687662][-0.0221098 0.0851124 0.0109304][-0.0687662 0.0109304 0.419169]]
weight = 3.87297e-05 mean = [-2.20982 2.42478 -2.325] covariance = [[2.84226e-05 8.67419e-05 2.87891e-05][8.67419e-05 0.00923332 0.00462987][2.87891e-05 0.00462987 0.00234845]]
weight = 0.404426 mean = [-2.10941 1.82656 -2.34525] covariance = [[0.008054 -0.0183464 -0.00766196][-0.0183464 0.486283 0.151051][-0.00766196 0.151051 0.0701806]]
weight = 0.485714 mean = [-2.2189 2.88901 -1.99097] covariance = [[0.00701206 0.0246118 0.000594749][0.0246118 0.38795 0.0750421][0.000594749 0.0750421 0.0247214]]
]
2025-05-29 09:41:22 INFO  ren0 [gaussian_mixture_model.h:218] Before merging
2025-05-29 09:41:22 INFO  ren0 [gaussian_mixture_model.h:219] GMM[
weight = 0.00236624 mean = [-2.26259 2.38585 -2.60175] covariance = [[0.164782 0.122481 0.0113837][0.122481 0.989264 0.3777][0.0113837 0.3777 0.352655]]
weight = 0.0126875 mean = [-2.57086 1.535 -2.57076] covariance = [[0.088361 -0.063842 -0.00451435][-0.063842 0.125393 -0.00391048][-0.00451435 -0.00391048 0.155787]]
weight = 2.48676e-05 mean = [-2.21101 2.28898 -2.39325] covariance = [[2.84226e-05 8.67419e-05 2.87891e-05][8.67419e-05 0.00923332 0.00462987][2.87891e-05 0.00462987 0.00234845]]
weight = 0.00267138 mean = [-1.73717 5.99965 -1.08944] covariance = [[0.237538 0.574561 0.217977][0.574561 4.27777 1.63955][0.217977 1.63955 0.987225]]
weight = 0.0770421 mean = [-2.48932 1.43332 -2.70051] covariance = [[0.0638406 -0.0221098 -0.0687662][-0.0221098 0.0851124 0.0109304][-0.0687662 0.0109304 0.419169]]
weight = 0.00236624 mean = [-2.43724 0.999965 -3.23825] covariance = [[0.164782 0.122481 0.0113837][0.122481 0.989264 0.3777][0.0113837 0.3777 0.352655]]
weight = 3.87297e-05 mean = [-2.20982 2.42478 -2.325] covariance = [[2.84226e-05 8.67419e-05 2.87891e-05][8.67419e-05 0.00923332 0.00462987][2.87891e-05 0.00462987 0.00234845]]
weight = 0.0126875 mean = [-2.53983 1.54153 -3.12856] covariance = [[0.088361 -0.063842 -0.00451435][-0.063842 0.125393 -0.00391048][-0.00451435 -0.00391048 0.155787]]
weight = 0.404426 mean = [-2.10941 1.82656 -2.34525] covariance = [[0.008054 -0.0183464 -0.00766196][-0.0183464 0.486283 0.151051][-0.00766196 0.151051 0.0701806]]
weight = 0.485714 mean = [-2.2189 2.88901 -1.99097] covariance = [[0.00701206 0.0246118 0.000594749][0.0246118 0.38795 0.0750421][0.000594749 0.0750421 0.0247214]]
]
2025-05-29 09:41:22 INFO  ren0 [gaussian_mixture_model.h:215] Before splitting
2025-05-29 09:41:22 INFO  ren0 [gaussian_mixture_model.h:216] GMM[
weight = 0.00465126 mean = [-2.44677 1.94613 -2.61867] covariance = [[0.370468 0.0245732 -0.0229234][0.0245732 0.785163 0.347517][-0.0229234 0.347517 0.377095]]
weight = 0.0576183 mean = [-2.51446 1.68103 -2.56959] covariance = [[0.0483827 -0.0605325 0.034243][-0.0605325 0.130681 -0.0680046][0.034243 -0.0680046 0.103443]]
weight = 0.00257455 mean = [-2.28142 4.3716 -1.31681] covariance = [[1.03976 0.0996842 0.39953][0.0996842 5.7615 1.14337][0.39953 1.14337 1.73389]]
weight = 0.189243 mean = [-2.50988 1.64952 -2.57762] covariance = [[0.0287366 -0.0426117 0.0197306][-0.0426117 0.120496 -0.0614979][0.0197306 -0.0614979 0.185425]]
weight = 0.00239479 mean = [-2.49083 1.74 -2.6819] covariance = [[0.640042 0.0194122 -0.0338578][0.0194122 0.236574 0.0217802][-0.0338578 0.0217802 0.198746]]
weight = 9.98531e-06 mean = [-2.21041 2.35686 -2.35914] covariance = [[1.91531e-05 0.000167477 6.9353e-05][0.000167477 0.0184397 0.009262][6.9353e-05 0.009262 0.00466654]]
weight = 0.0255837 mean = [-2.65751 1.88341 -2.8633] covariance = [[0.104961 -0.0587502 0.0862481][-0.0587502 0.0707053 -0.0417284][0.0862481 -0.0417284 0.255593]]
weight = 0.171826 mean = [-2.14628 1.90874 -2.25318] covariance = [[0.0104871 -0.0390348 -0.0157756][-0.0390348 0.769192 0.212953][-0.0157756 0.212953 0.0893187]]
weight = 0.546099 mean = [-2.2422 3.1631 -1.88527] covariance = [[0.0056376 -0.000915825 -0.00711011][-0.000915825 0.290565 0.0774064][-0.00711011 0.0774064 0.0313756]]
]
2025-05-29 09:41:22 INFO  ren0 [gaussian_mixture_model.h:218] Before merging
2025-05-29 09:41:22 INFO  ren0 [gaussian_mixture_model.h:219] GMM[
weight = 0.00232563 mean = [-2.45482 1.51553 -2.86482] covariance = [[0.370348 0.0176441 -0.0268844][0.0176441 0.414342 0.135535][-0.0268844 0.135535 0.255928]]
weight = 0.0576183 mean = [-2.51446 1.68103 -2.56959] covariance = [[0.0483827 -0.0605325 0.034243][-0.0605325 0.130681 -0.0680046][0.034243 -0.0680046 0.103443]]
weight = 0.00232563 mean = [-2.43872 2.37673 -2.37253] covariance = [[0.370348 0.0176441 -0.0268844][0.0176441 0.414342 0.135535][-0.0268844 0.135535 0.255928]]
weight = 0.00257455 mean = [-2.28142 4.3716 -1.31681] covariance = [[1.03976 0.0996842 0.39953][0.0996842 5.7615 1.14337][0.39953 1.14337 1.73389]]
weight = 0.189243 mean = [-2.50988 1.64952 -2.57762] covariance = [[0.0287366 -0.0426117 0.0197306][-0.0426117 0.120496 -0.0614979][0.0197306 -0.0614979 0.185425]]
weight = 0.00239479 mean = [-2.49083 1.74 -2.6819] covariance = [[0.640042 0.0194122 -0.0338578][0.0194122 0.236574 0.0217802][-0.0338578 0.0217802 0.198746]]
weight = 9.98531e-06 mean = [-2.21041 2.35686 -2.35914] covariance = [[1.91531e-05 0.000167477 6.9353e-05][0.000167477 0.0184397 0.009262][6.9353e-05 0.009262 0.00466654]]
weight = 0.0255837 mean = [-2.65751 1.88341 -2.8633] covariance = [[0.104961 -0.0587502 0.0862481][-0.0587502 0.0707053 -0.0417284][0.0862481 -0.0417284 0.255593]]
weight = 0.171826 mean = [-2.14628 1.90874 -2.25318] covariance = [[0.0104871 -0.0390348 -0.0157756][-0.0390348 0.769192 0.212953][-0.0157756 0.212953 0.0893187]]
weight = 0.546099 mean = [-2.2422 3.1631 -1.88527] covariance = [[0.0056376 -0.000915825 -0.00711011][-0.000915825 0.290565 0.0774064][-0.00711011 0.0774064 0.0313756]]
]
2025-05-29 09:41:22 INFO  ren0 [gaussian_mixture_model.h:215] Before splitting
2025-05-29 09:41:22 INFO  ren0 [gaussian_mixture_model.h:216] GMM[
weight = 0.00415587 mean = [-2.52939 1.74083 -2.8266] covariance = [[0.387792 0.00503608 0.0532802][0.00503608 0.439998 0.114482][0.0532802 0.114482 0.359654]]
weight = 0.00160341 mean = [-2.62594 2.06536 -2.63863] covariance = [[0.476925 -0.0676484 -0.000427506][-0.0676484 0.414068 0.0885067][-0.000427506 0.0885067 0.405806]]
weight = 0.00405167 mean = [-2.90534 3.24842 -1.13743] covariance = [[3.03479 2.29117 0.175153][2.29117 5.28929 0.776682][0.175153 0.776682 2.63126]]
weight = 0.00403502 mean = [-2.69245 1.71686 -2.79811] covariance = [[0.775604 -0.02687 -0.0419435][-0.02687 0.238906 -0.0775659][-0.0419435 -0.0775659 0.309749]]
weight = 0.0943904 mean = [-2.36653 1.36049 -2.3886] covariance = [[0.0465445 -0.0500795 0.0395301][-0.0500795 0.129565 -0.0711298][0.0395301 -0.0711298 0.163506]]
weight = 0.137095 mean = [-2.14645 2.00109 -2.24115] covariance = [[0.00717324 -0.00640519 -0.0061451][-0.00640519 0.91126 0.218913][-0.0061451 0.218913 0.0891716]]
weight = 0.754669 mean = [-2.20445 3.21074 -1.91676] covariance = [[0.00261964 0.00334479 -0.00164322][0.00334479 0.0948089 0.0232769][-0.00164322 0.0232769 0.00911378]]
]
2025-05-29 09:41:22 INFO  ren0 [gaussian_mixture_model.h:218] Before merging
2025-05-29 09:41:22 INFO  ren0 [gaussian_mixture_model.h:219] GMM[
weight = 0.00207793 mean = [-2.4388 2.0198 -2.61095] covariance = [[0.371389 -0.0455076 0.0142085][-0.0455076 0.284365 -0.00583517][0.0142085 -0.00583517 0.266655]]
weight = 0.00207793 mean = [-2.61998 1.46187 -3.04225] covariance = [[0.371389 -0.0455076 0.0142085][-0.0455076 0.284365 -0.00583517][0.0142085 -0.00583517 0.266655]]
weight = 0.000801704 mean = [-2.38402 1.8329 -2.79024] covariance = [[0.359881 0.0448257 0.0729273][0.0448257 0.306004 0.0180218][0.0729273 0.0180218 0.359846]]
weight = 0.00202583 mean = [-2.23437 4.34808 -0.907115] covariance = [[2.13441 0.815501 -0.133908][0.815501 2.87081 0.270158][-0.133908 0.270158 2.52518]]
weight = 0.000801704 mean = [-2.86786 2.29782 -2.48702] covariance = [[0.359881 0.0448257 0.0729273][0.0448257 0.306004 0.0180218][0.0729273 0.0180218 0.359846]]
weight = 0.00403502 mean = [-2.69245 1.71686 -2.79811] covariance = [[0.775604 -0.02687 -0.0419435][-0.02687 0.238906 -0.0775659][-0.0419435 -0.0775659 0.309749]]
weight = 0.00202583 mean = [-3.57631 2.14877 -1.36774] covariance = [[2.13441 0.815501 -0.133908][0.815501 2.87081 0.270158][-0.133908 0.270158 2.52518]]
weight = 0.0943904 mean = [-2.36653 1.36049 -2.3886] covariance = [[0.0465445 -0.0500795 0.0395301][-0.0500795 0.129565 -0.0711298][0.0395301 -0.0711298 0.163506]]
weight = 0.137095 mean = [-2.14645 2.00109 -2.24115] covariance = [[0.00717324 -0.00640519 -0.0061451][-0.00640519 0.91126 0.218913][-0.0061451 0.218913 0.0891716]]
weight = 0.754669 mean = [-2.20445 3.21074 -1.91676] covariance = [[0.00261964 0.00334479 -0.00164322][0.00334479 0.0948089 0.0232769][-0.00164322 0.0232769 0.00911378]]
]
2025-05-29 09:41:22 INFO  ren0 [gaussian_mixture_model.h:215] Before splitting
2025-05-29 09:41:22 INFO  ren0 [gaussian_mixture_model.h:216] GMM[
weight = 0.00392563 mean = [-2.16096 1.85334 -2.54618] covariance = [[0.372023 0.00145708 0.0226916][0.00145708 0.246946 0.0435981][0.0226916 0.0435981 0.33485]]
weight = 0.00268932 mean = [-2.26281 1.46923 -3.11847] covariance = [[0.576824 0.0585873 -0.243347][0.0585873 0.132806 -0.0527447][-0.243347 -0.0527447 0.499945]]
weight = 0.00157821 mean = [-2.1607 1.81227 -2.6533] covariance = [[0.470301 -0.0268327 -0.0343971][-0.0268327 0.245159 0.0471084][-0.0343971 0.0471084 0.487019]]
weight = 0.00211689 mean = [-2.37676 4.10844 -1.44626] covariance = [[2.71737 1.29523 -0.126806][1.29523 4.96463 1.30852][-0.126806 1.30852 2.43326]]
weight = 0.0006799 mean = [-2.61737 2.04976 -2.44663] covariance = [[0.43147 0.0478829 0.174762][0.0478829 0.277681 -0.111536][0.174762 -0.111536 0.42124]]
weight = 0.0012513 mean = [-2.70995 2.23739 -2.79768] covariance = [[1.43732 -0.254583 -0.0917558][-0.254583 1.80325 0.150395][-0.0917558 0.150395 2.16814]]
weight = 0.140449 mean = [-2.31958 1.31686 -2.47654] covariance = [[0.0320714 -0.0215566 -0.00678731][-0.0215566 0.0791917 -0.00962259][-0.00678731 -0.00962259 0.096984]]
weight = 0.264379 mean = [-2.21698 2.30733 -2.2697] covariance = [[0.00434389 -0.0110597 -0.00291234][-0.0110597 0.876931 0.278253][-0.00291234 0.278253 0.125205]]
weight = 0.582931 mean = [-2.20201 3.25738 -1.90328] covariance = [[0.000697073 0.000720934 -0.000559907][0.000720934 0.0553199 0.0200718][-0.000559907 0.0200718 0.00883211]]
]
2025-05-29 09:41:22 INFO  ren0 [gaussian_mixture_model.h:218] Before merging
2025-05-29 09:41:22 INFO  ren0 [gaussian_mixture_model.h:219] GMM[
weight = 0.00196282 mean = [-1.89993 1.90618 -2.38608] covariance = [[0.235764 -0.0261294 -0.0608892][-0.0261294 0.241371 0.0266779][-0.0608892 0.0266779 0.283596]]
weight = 0.00268932 mean = [-2.26281 1.46923 -3.11847] covariance = [[0.576824 0.0585873 -0.243347][0.0585873 0.132806 -0.0527447][-0.243347 -0.0527447 0.499945]]
weight = 0.00157821 mean = [-2.1607 1.81227 -2.6533] covariance = [[0.470301 -0.0268327 -0.0343971][-0.0268327 0.245159 0.0471084][-0.0343971 0.0471084 0.487019]]
weight = 0.00211689 mean = [-2.37676 4.10844 -1.44626] covariance = [[2.71737 1.29523 -0.126806][1.29523 4.96463 1.30852][-0.126806 1.30852 2.43326]]
weight = 0.0006799 mean = [-2.61737 2.04976 -2.44663] covariance = [[0.43147 0.0478829 0.174762][0.0478829 0.277681 -0.111536][0.174762 -0.111536 0.42124]]
weight = 0.00196282 mean = [-2.42198 1.80049 -2.70628] covariance = [[0.235764 -0.0261294 -0.0608892][-0.0261294 0.241371 0.0266779][-0.0608892 0.0266779 0.283596]]
weight = 0.0012513 mean = [-2.70995 2.23739 -2.79768] covariance = [[1.43732 -0.254583 -0.0917558][-0.254583 1.80325 0.150395][-0.0917558 0.150395 2.16814]]
weight = 0.140449 mean = [-2.31958 1.31686 -2.47654] covariance = [[0.0320714 -0.0215566 -0.00678731][-0.0215566 0.0791917 -0.00962259][-0.00678731 -0.00962259 0.096984]]
weight = 0.264379 mean = [-2.21698 2.30733 -2.2697] covariance = [[0.00434389 -0.0110597 -0.00291234][-0.0110597 0.876931 0.278253][-0.00291234 0.278253 0.125205]]
weight = 0.582931 mean = [-2.20201 3.25738 -1.90328] covariance = [[0.000697073 0.000720934 -0.000559907][0.000720934 0.0553199 0.0200718][-0.000559907 0.0200718 0.00883211]]
]
2025-05-29 09:41:22 INFO  ren0 [gaussian_mixture_model.h:215] Before splitting
2025-05-29 09:41:22 INFO  ren0 [gaussian_mixture_model.h:216] GMM[
weight = 0.00783151 mean = [-2.48454 1.80703 -3.35155] covariance = [[0.138549 -0.0571793 0.131891][-0.0571793 0.14799 -0.176079][0.131891 -0.176079 0.671736]]
weight = 0.0019012 mean = [-2.97468 2.85983 -2.41915] covariance = [[1.60632 0.525109 -0.332924][0.525109 2.36575 0.676961][-0.332924 0.676961 2.11096]]
weight = 0.225847 mean = [-2.27598 1.3143 -2.4566] covariance = [[0.0226245 -0.0149788 0.00326483][-0.0149788 0.0495574 -0.0151096][0.00326483 -0.0151096 0.0600055]]
weight = 0.217708 mean = [-2.21988 2.07141 -2.37377] covariance = [[0.00417732 -0.00541502 0.000681327][-0.00541502 0.803367 0.268315][0.000681327 0.268315 0.111652]]
weight = 0.546712 mean = [-2.20029 3.21938 -1.92338] covariance = [[0.000214981 -6.48097e-05 -0.000320488][-6.48097e-05 0.0189547 0.00726873][-0.000320488 0.00726873 0.00321163]]
]
2025-05-29 09:41:22 INFO  ren0 [gaussian_mixture_model.h:218] Before merging
2025-05-29 09:41:22 INFO  ren0 [gaussian_mixture_model.h:219] GMM[
weight = 0.00391575 mean = [-2.58238 1.93306 -3.75668] covariance = [[0.119415 -0.0325173 0.0526174][-0.0325173 0.116229 -0.0739551][0.0526174 -0.0739551 0.343478]]
weight = 0.000950599 mean = [-2.82818 3.54984 -1.92667] covariance = [[1.56341 0.322941 -0.477217][0.322941 1.41355 -0.00266305][-0.477217 -0.00266305 1.6259]]
weight = 0.108854 mean = [-2.22248 2.51899 -2.22052] covariance = [[0.00417377 -0.00308523 0.00147905][-0.00308523 0.402727 0.131132][0.00147905 0.131132 0.0646906]]
weight = 0.00391575 mean = [-2.38671 1.68099 -2.94641] covariance = [[0.119415 -0.0325173 0.0526174][-0.0325173 0.116229 -0.0739551][0.0526174 -0.0739551 0.343478]]
weight = 0.000950599 mean = [-3.12118 2.16983 -2.91163] covariance = [[1.56341 0.322941 -0.477217][0.322941 1.41355 -0.00266305][-0.477217 -0.00266305 1.6259]]
weight = 0.225847 mean = [-2.27598 1.3143 -2.4566] covariance = [[0.0226245 -0.0149788 0.00326483][-0.0149788 0.0495574 -0.0151096][0.00326483 -0.0151096 0.0600055]]
weight = 0.108854 mean = [-2.21727 1.62383 -2.52702] covariance = [[0.00417377 -0.00308523 0.00147905][-0.00308523 0.402727 0.131132][0.00147905 0.131132 0.0646906]]
weight = 0.546712 mean = [-2.20029 3.21938 -1.92338] covariance = [[0.000214981 -6.48097e-05 -0.000320488][-6.48097e-05 0.0189547 0.00726873][-0.000320488 0.00726873 0.00321163]]
]
2025-05-29 09:41:22 INFO  ren0 [gaussian_mixture_model.h:215] Before splitting
2025-05-29 09:41:22 INFO  ren0 [gaussian_mixture_model.h:216] GMM[
weight = 0.00194192 mean = [-2.56555 1.96577 -3.11436] covariance = [[0.106002 0.0646955 0.005666][0.0646955 0.4918 -0.468802][0.005666 -0.468802 0.628072]]
weight = 0.00194341 mean = [-2.37682 2.33358 -1.80165] covariance = [[0.400813 0.0283908 -0.385112][0.0283908 0.25145 -0.221895][-0.385112 -0.221895 1.65572]]
weight = 0.0143989 mean = [-2.4888 1.36645 -2.42281] covariance = [[0.0962416 -0.000855301 0.0285172][-0.000855301 0.175231 -0.128184][0.0285172 -0.128184 0.298233]]
weight = 0.00295196 mean = [-2.46331 2.32688 -2.4868] covariance = [[0.476559 0.0821845 -0.0633824][0.0821845 0.818475 -0.208343][-0.0633824 -0.208343 1.50373]]
weight = 0.130238 mean = [-2.2284 1.75395 -2.5247] covariance = [[0.00456317 0.000206104 0.00626418][0.000206104 0.549314 0.195767][0.00626418 0.195767 0.0937086]]
weight = 0.848526 mean = [-2.20322 2.91102 -2.00276] covariance = [[0.00183407 0.0130552 0.00319235][0.0130552 0.566776 0.117048][0.00319235 0.117048 0.0336441]]
]
2025-05-29 09:41:22 INFO  ren0 [gaussian_mixture_model.h:218] Before merging
2025-05-29 09:41:22 INFO  ren0 [gaussian_mixture_model.h:219] GMM[
weight = 0.00194192 mean = [-2.56555 1.96577 -3.11436] covariance = [[0.106002 0.0646955 0.005666][0.0646955 0.4918 -0.468802][0.005666 -0.468802 0.628072]]
weight = 0.000971705 mean = [-2.19855 2.42863 -2.44058] covariance = [[0.33726 -0.00550118 -0.157304][-0.00550118 0.233389 -0.100427][-0.157304 -0.100427 0.83927]]
weight = 0.000971705 mean = [-2.5551 2.23852 -1.16272] covariance = [[0.33726 -0.00550118 -0.157304][-0.00550118 0.233389 -0.100427][-0.157304 -0.100427 0.83927]]
weight = 0.00147598 mean = [-2.51109 2.15491 -1.88658] covariance = [[0.472002 0.0657493 -0.00602019][0.0657493 0.759336 -0.00190234][-0.00602019 -0.00190234 0.783221]]
weight = 0.065119 mean = [-2.22992 1.38424 -2.66175] covariance = [[0.00456858 -0.000913479 0.00584915][-0.000913479 0.275952 0.0944293][0.00584915 0.0944293 0.0561529]]
weight = 0.0143989 mean = [-2.4888 1.36645 -2.42281] covariance = [[0.0962416 -0.000855301 0.0285172][-0.000855301 0.175231 -0.128184][0.0285172 -0.128184 0.298233]]
weight = 0.00147598 mean = [-2.41552 2.49886 -3.08701] covariance = [[0.472002 0.0657493 -0.00602019][0.0657493 0.759336 -0.00190234][-0.00602019 -0.00190234 0.783221]]
weight = 0.424263 mean = [-2.21198 2.53472 -2.08174] covariance = [[0.00169072 0.00646512 0.00180912][0.00646512 0.283592 0.0576068][0.00180912 0.0576068 0.0211777]]
weight = 0.065119 mean = [-2.22689 2.12366 -2.38765] covariance = [[0.00456858 -0.000913479 0.00584915][-0.000913479 0.275952 0.0944293][0.00584915 0.0944293 0.0561529]]
weight = 0.424263 mean = [-2.19446 3.28731 -1.92378] covariance = [[0.00169072 0.00646512 0.00180912][0.00646512 0.283592 0.0576068][0.00180912 0.0576068 0.0211777]]
]
2025-05-29 09:41:22 INFO  ren0 [gaussian_mixture_model.h:215] Before splitting
2025-05-29 09:41:22 INFO  ren0 [gaussian_mixture_model.h:216] GMM[
weight = 0.00217326 mean = [-2.19071 2.1087 -2.32609] covariance = [[0.472804 -0.138623 -0.384956][-0.138623 0.296669 0.0498622][-0.384956 0.0498622 0.96818]]
weight = 0.00148363 mean = [-2.59637 2.11803 -1.05813] covariance = [[0.284291 -0.0377644 -0.0897433][-0.0377644 0.136624 0.0170958][-0.0897433 0.0170958 1.67568]]
weight = 0.00397556 mean = [-2.39566 1.67052 -2.48198] covariance = [[0.422954 -0.0431315 -0.0504044][-0.0431315 0.990607 0.452557][-0.0504044 0.452557 0.87197]]
weight = 0.0645935 mean = [-2.20769 1.34929 -2.54616] covariance = [[0.00943522 -0.00581082 0.00452157][-0.00581082 0.0421394 0.00679337][0.00452157 0.00679337 0.0276052]]
weight = 0.0951896 mean = [-2.3497 1.17983 -2.6831] covariance = [[0.0765764 -0.0264859 0.107573][-0.0264859 0.0707384 -0.00851481][0.107573 -0.00851481 0.297288]]
weight = 0.00627125 mean = [-2.32958 1.79871 -3.09616] covariance = [[0.546201 -0.0164866 -0.0450925][-0.0164866 1.13324 0.00689331][-0.0450925 0.00689331 0.568323]]
weight = 0.213659 mean = [-2.20919 2.53479 -2.07628] covariance = [[0.000708319 0.0110104 0.00292731][0.0110104 0.790566 0.169763][0.00292731 0.169763 0.0396718]]
weight = 0.0699172 mean = [-2.22422 1.72389 -2.49262] covariance = [[0.00595602 -0.004237 0.00611905][-0.004237 0.456449 0.140292][0.00611905 0.140292 0.0722998]]
weight = 0.542737 mean = [-2.20169 3.06631 -1.96486] covariance = [[0.000835281 0.00621414 0.00150283][0.00621414 0.283794 0.0595024][0.00150283 0.0595024 0.0168045]]
]
2025-05-29 09:41:22 INFO  ren0 [gaussian_mixture_model.h:218] Before merging
2025-05-29 09:41:22 INFO  ren0 [gaussian_mixture_model.h:219] GMM[
weight = 0.00108663 mean = [-2.4564 2.17613 -1.85402] covariance = [[0.33163 -0.102792 -0.134105][-0.102792 0.287586 -0.0138013][-0.134105 -0.0138013 0.522486]]
weight = 0.00108663 mean = [-1.92502 2.04127 -2.79816] covariance = [[0.33163 -0.102792 -0.134105][-0.102792 0.287586 -0.0138013][-0.134105 -0.0138013 0.522486]]
weight = 0.00148363 mean = [-2.59637 2.11803 -1.05813] covariance = [[0.284291 -0.0377644 -0.0897433][-0.0377644 0.136624 0.0170958][-0.0897433 0.0170958 1.67568]]
weight = 0.00397556 mean = [-2.39566 1.67052 -2.48198] covariance = [[0.422954 -0.0431315 -0.0504044][-0.0431315 0.990607 0.452557][-0.0504044 0.452557 0.87197]]
weight = 0.0645935 mean = [-2.20769 1.34929 -2.54616] covariance = [[0.00943522 -0.00581082 0.00452157][-0.00581082 0.0421394 0.00679337][0.00452157 0.00679337 0.0276052]]
weight = 0.0951896 mean = [-2.3497 1.17983 -2.6831] covariance = [[0.0765764 -0.0264859 0.107573][-0.0264859 0.0707384 -0.00851481][0.107573 -0.00851481 0.297288]]
weight = 0.00627125 mean = [-2.32958 1.79871 -3.09616] covariance = [[0.546201 -0.0164866 -0.0450925][-0.0164866 1.13324 0.00689331][-0.0450925 0.00689331 0.568323]]
weight = 0.213659 mean = [-2.20919 2.53479 -2.07628] covariance = [[0.000708319 0.0110104 0.00292731][0.0110104 0.790566 0.169763][0.00292731 0.169763 0.0396718]]
weight = 0.0699172 mean = [-2.22422 1.72389 -2.49262] covariance = [[0.00595602 -0.004237 0.00611905][-0.004237 0.456449 0.140292][0.00611905 0.140292 0.0722998]]
weight = 0.542737 mean = [-2.20169 3.06631 -1.96486] covariance = [[0.000835281 0.00621414 0.00150283][0.00621414 0.283794 0.0595024][0.00150283 0.0595024 0.0168045]]
]
2025-05-29 09:41:22 INFO  ren0 [gaussian_mixture_model.h:215] Before splitting
2025-05-29 09:41:22 INFO  ren0 [gaussian_mixture_model.h:216] GMM[
weight = 0.000154147 mean = [-2.43275 1.79176 -2.49652] covariance = [[0.4747 -0.0836475 -0.482713][-0.0836475 0.125114 0.0116952][-0.482713 0.0116952 0.667867]]
weight = 0.000701318 mean = [-2.83869 2.07932 -1.25246] covariance = [[0.972823 -0.0380164 -0.717066][-0.0380164 0.114027 0.0377997][-0.717066 0.0377997 2.26938]]
weight = 0.0808745 mean = [-2.15118 1.22739 -2.60265] covariance = [[0.0104007 -0.0140756 -0.00781475][-0.0140756 0.0394898 0.0194587][-0.00781475 0.0194587 0.0427184]]
weight = 0.112788 mean = [-2.1662 1.10072 -2.63554] covariance = [[0.0410824 -0.0191563 0.021942][-0.0191563 0.034859 0.00286152][0.021942 0.00286152 0.14911]]
weight = 0.00478092 mean = [-2.30525 1.67361 -2.97311] covariance = [[0.346856 -0.081584 -0.0478357][-0.081584 0.662927 -0.0597767][-0.0478357 -0.0597767 0.44753]]
weight = 0.0397686 mean = [-2.21132 1.65164 -2.51755] covariance = [[0.00608125 -0.00958169 0.00215827][-0.00958169 0.366363 0.0965321][0.00215827 0.0965321 0.0645925]]
weight = 0.760933 mean = [-2.20143 3.13483 -1.94668] covariance = [[0.00024194 0.0033571 0.000701368][0.0033571 0.1521 0.0317571][0.000701368 0.0317571 0.0077056]]
]
2025-05-29 09:41:22 INFO  ren0 [gaussian_mixture_model.h:218] Before merging
2025-05-29 09:41:22 INFO  ren0 [gaussian_mixture_model.h:219] GMM[
weight = 7.70736e-05 mean = [-2.10441 1.75769 -2.89395] covariance = [[0.259097 -0.0612745 -0.221731][-0.0612745 0.122802 -0.0153855][-0.221731 -0.0153855 0.351978]]
weight = 7.70736e-05 mean = [-2.76109 1.82583 -2.09909] covariance = [[0.259097 -0.0612745 -0.221731][-0.0612745 0.122802 -0.0153855][-0.221731 -0.0153855 0.351978]]
weight = 0.000350659 mean = [-2.51214 2.06307 -1.9875] covariance = [[0.759561 -0.0274077 -0.237003][-0.0274077 0.113509 0.0139201][-0.237003 0.0139201 1.1888]]
weight = 0.000350659 mean = [-3.16524 2.09556 -0.517408] covariance = [[0.759561 -0.0274077 -0.237003][-0.0274077 0.113509 0.0139201][-0.237003 0.0139201 1.1888]]
weight = 0.0808745 mean = [-2.15118 1.22739 -2.60265] covariance = [[0.0104007 -0.0140756 -0.00781475][-0.0140756 0.0394898 0.0194587][-0.00781475 0.0194587 0.0427184]]
weight = 0.112788 mean = [-2.1662 1.10072 -2.63554] covariance = [[0.0410824 -0.0191563 0.021942][-0.0191563 0.034859 0.00286152][0.021942 0.00286152 0.14911]]
weight = 0.00239046 mean = [-2.22214 1.27425 -2.89175] covariance = [[0.333053 -0.0152053 -0.061359][-0.0152053 0.343949 0.00521059][-0.061359 0.00521059 0.4343]]
weight = 0.00239046 mean = [-2.38835 2.07298 -3.05447] covariance = [[0.333053 -0.0152053 -0.061359][-0.0152053 0.343949 0.00521059][-0.061359 0.00521059 0.4343]]
weight = 0.0397686 mean = [-2.21132 1.65164 -2.51755] covariance = [[0.00608125 -0.00958169 0.00215827][-0.00958169 0.366363 0.0965321][0.00215827 0.0965321 0.0645925]]
weight = 0.760933 mean = [-2.20143 3.13483 -1.94668] covariance = [[0.00024194 0.0033571 0.000701368][0.0033571 0.1521 0.0317571][0.000701368 0.0317571 0.0077056]]
]
2025-05-29 09:41:23 INFO  ren0 [gaussian_mixture_model.h:215] Before splitting
2025-05-29 09:41:23 INFO  ren0 [gaussian_mixture_model.h:216] GMM[
weight = 0.000342436 mean = [-2.30564 1.62314 -2.55588] covariance = [[0.378203 -0.137426 -0.233531][-0.137426 0.117825 0.0441011][-0.233531 0.0441011 0.215568]]
weight = 0.000404261 mean = [-2.63873 1.66799 -2.26702] covariance = [[0.0537588 -0.0147476 -0.0310618][-0.0147476 0.0674004 -0.0446865][-0.0310618 -0.0446865 0.109106]]
weight = 0.00115892 mean = [-2.69835 2.17111 -1.78177] covariance = [[1.39964 -0.322668 0.259747][-0.322668 0.319977 -0.0128814][0.259747 -0.0128814 1.63986]]
weight = 0.0017393 mean = [-2.76896 2.17488 0.565612] covariance = [[1.20135 -0.0517075 0.499226][-0.0517075 0.207157 -0.237682][0.499226 -0.237682 2.32633]]
weight = 0.257931 mean = [-2.18283 1.12889 -2.50202] covariance = [[0.0271698 -0.0249653 -0.00578839][-0.0249653 0.0364739 0.0046309][-0.00578839 0.0046309 0.0534939]]
weight = 0.00734571 mean = [-2.26138 1.29822 -2.54245] covariance = [[0.903958 0.157165 -0.409641][0.157165 0.426299 -0.0952429][-0.409641 -0.0952429 0.52085]]
weight = 0.00822678 mean = [-2.51508 3.58804 -1.99877] covariance = [[0.396428 0.248857 0.218064][0.248857 4.22534 1.62883][0.218064 1.62883 1.27946]]
weight = 0.0653013 mean = [-2.14629 3.46686 -1.83805] covariance = [[0.00343416 0.00862165 0.00540586][0.00862165 4.01628 1.28066][0.00540586 1.28066 0.439964]]
weight = 0.657551 mean = [-2.20003 3.18852 -1.93578] covariance = [[5.60573e-05 0.000827046 0.000143356][0.000827046 0.0352898 0.00744337][0.000143356 0.00744337 0.00182242]]
]
2025-05-29 09:41:23 INFO  ren0 [gaussian_mixture_model.h:218] Before merging
2025-05-29 09:41:23 INFO  ren0 [gaussian_mixture_model.h:219] GMM[
weight = 0.000342436 mean = [-2.30564 1.62314 -2.55588] covariance = [[0.378203 -0.137426 -0.233531][-0.137426 0.117825 0.0441011][-0.233531 0.0441011 0.215568]]
weight = 0.000404261 mean = [-2.63873 1.66799 -2.26702] covariance = [[0.0537588 -0.0147476 -0.0310618][-0.0147476 0.0674004 -0.0446865][-0.0310618 -0.0446865 0.109106]]
weight = 0.000579461 mean = [-2.30455 2.08235 -1.23895] covariance = [[1.0895 -0.252764 -0.16777][-0.252764 0.304232 0.0834736][-0.16777 0.0834736 1.05057]]
weight = 0.0017393 mean = [-2.76896 2.17488 0.565612] covariance = [[1.20135 -0.0517075 0.499226][-0.0517075 0.207157 -0.237682][0.499226 -0.237682 2.32633]]
weight = 0.000579461 mean = [-3.09215 2.25986 -2.32458] covariance = [[1.0895 -0.252764 -0.16777][-0.252764 0.304232 0.0834736][-0.16777 0.0834736 1.05057]]
weight = 0.257931 mean = [-2.18283 1.12889 -2.50202] covariance = [[0.0271698 -0.0249653 -0.00578839][-0.0249653 0.0364739 0.0046309][-0.00578839 0.0046309 0.0534939]]
weight = 0.00734571 mean = [-2.26138 1.29822 -2.54245] covariance = [[0.903958 0.157165 -0.409641][0.157165 0.426299 -0.0952429][-0.409641 -0.0952429 0.52085]]
weight = 0.00822678 mean = [-2.51508 3.58804 -1.99877] covariance = [[0.396428 0.248857 0.218064][0.248857 4.22534 1.62883][0.218064 1.62883 1.27946]]
weight = 0.0653013 mean = [-2.14629 3.46686 -1.83805] covariance = [[0.00343416 0.00862165 0.00540586][0.00862165 4.01628 1.28066][0.00540586 1.28066 0.439964]]
weight = 0.657551 mean = [-2.20003 3.18852 -1.93578] covariance = [[5.60573e-05 0.000827046 0.000143356][0.000827046 0.0352898 0.00744337][0.000143356 0.00744337 0.00182242]]
]
2025-05-29 09:41:23 INFO  ren0 [gaussian_mixture_model.h:215] Before splitting
2025-05-29 09:41:23 INFO  ren0 [gaussian_mixture_model.h:216] GMM[
weight = 0.0162395 mean = [-2.3875 1.80515 -2.28192] covariance = [[0.00682461 -0.00218689 -0.000690741][-0.00218689 0.00558268 -0.00246052][-0.000690741 -0.00246052 0.0263009]]
weight = 0.00380315 mean = [-2.07909 1.77792 -2.02083] covariance = [[0.964233 -0.271218 0.332193][-0.271218 0.136309 -0.101732][0.332193 -0.101732 0.529355]]
weight = 0.0026373 mean = [-3.64496 2.41883 -2.71182] covariance = [[1.05893 -0.26618 0.98156][-0.26618 0.172768 -0.459933][0.98156 -0.459933 4.6725]]
weight = 0.00979596 mean = [-3.46892 2.3184 -3.64333] covariance = [[0.800051 -0.363911 0.748126][-0.363911 0.190835 -0.32941][0.748126 -0.32941 1.09337]]
weight = 0.223906 mean = [-2.23776 1.26839 -2.50612] covariance = [[0.0276793 -0.0298615 0.0163905][-0.0298615 0.0469155 -0.0174707][0.0163905 -0.0174707 0.0792767]]
weight = 0.0527522 mean = [-2.38273 1.77926 -2.31562] covariance = [[0.0975003 0.00792984 -0.0117647][0.00792984 0.0562997 0.00070507][-0.0117647 0.00070507 0.161593]]
weight = 0.0356595 mean = [-2.65235 2.21832 -2.80348] covariance = [[0.384744 -0.0316525 0.45189][-0.0316525 1.03043 0.338529][0.45189 0.338529 1.04352]]
weight = 0.0391251 mean = [-2.21641 2.88274 -2.10255] covariance = [[0.0078073 0.0348997 0.0176335][0.0348997 2.41217 0.831006][0.0176335 0.831006 0.312369]]
weight = 0.616081 mean = [-2.19987 3.19846 -1.93372] covariance = [[2.593e-05 0.000287822 2.48766e-05][0.000287822 0.010383 0.00219349][2.48766e-05 0.00219349 0.000540612]]
]
2025-05-29 09:41:23 INFO  ren0 [gaussian_mixture_model.h:218] Before merging
2025-05-29 09:41:23 INFO  ren0 [gaussian_mixture_model.h:219] GMM[
weight = 0.00190157 mean = [-2.55168 1.91951 -2.26902] covariance = [[0.517557 -0.137396 0.0976101][-0.137396 0.0962272 -0.0314535][0.0976101 -0.0314535 0.406171]]
weight = 0.0162395 mean = [-2.3875 1.80515 -2.28192] covariance = [[0.00682461 -0.00218689 -0.000690741][-0.00218689 0.00558268 -0.00246052][-0.000690741 -0.00246052 0.0263009]]
weight = 0.00190157 mean = [-1.6065 1.63634 -1.77264] covariance = [[0.517557 -0.137396 0.0976101][-0.137396 0.0962272 -0.0314535][0.0976101 -0.0314535 0.406171]]
weight = 0.0026373 mean = [-3.64496 2.41883 -2.71182] covariance = [[1.05893 -0.26618 0.98156][-0.26618 0.172768 -0.459933][0.98156 -0.459933 4.6725]]
weight = 0.00979596 mean = [-3.46892 2.3184 -3.64333] covariance = [[0.800051 -0.363911 0.748126][-0.363911 0.190835 -0.32941][0.748126 -0.32941 1.09337]]
weight = 0.223906 mean = [-2.23776 1.26839 -2.50612] covariance = [[0.0276793 -0.0298615 0.0163905][-0.0298615 0.0469155 -0.0174707][0.0163905 -0.0174707 0.0792767]]
weight = 0.0527522 mean = [-2.38273 1.77926 -2.31562] covariance = [[0.0975003 0.00792984 -0.0117647][0.00792984 0.0562997 0.00070507][-0.0117647 0.00070507 0.161593]]
weight = 0.0356595 mean = [-2.65235 2.21832 -2.80348] covariance = [[0.384744 -0.0316525 0.45189][-0.0316525 1.03043 0.338529][0.45189 0.338529 1.04352]]
weight = 0.0391251 mean = [-2.21641 2.88274 -2.10255] covariance = [[0.0078073 0.0348997 0.0176335][0.0348997 2.41217 0.831006][0.0176335 0.831006 0.312369]]
weight = 0.616081 mean = [-2.19987 3.19846 -1.93372] covariance = [[2.593e-05 0.000287822 2.48766e-05][0.000287822 0.010383 0.00219349][2.48766e-05 0.00219349 0.000540612]]
]
2025-05-29 09:41:23 INFO  ren0 [gaussian_mixture_model.h:215] Before splitting
2025-05-29 09:41:23 INFO  ren0 [gaussian_mixture_model.h:216] GMM[
weight = 0.00234 mean = [-2.47413 1.86646 -2.55781] covariance = [[0.191206 -0.0412031 -0.0223479][-0.0412031 0.0302543 0.01544][-0.0223479 0.01544 0.167652]]
weight = 0.129418 mean = [-2.53922 1.89994 -2.45985] covariance = [[0.00124637 -0.000498667 0.00047377][-0.000498667 0.000545694 -0.000603738][0.00047377 -0.000603738 0.00185095]]
weight = 0.0018798 mean = [-2.03878 1.7474 -2.23872] covariance = [[0.68047 -0.202814 0.194894][-0.202814 0.0989876 -0.0464233][0.194894 -0.0464233 0.39379]]
weight = 0.0102124 mean = [-2.76089 1.91316 -3.36622] covariance = [[0.641012 -0.276137 0.142522][-0.276137 0.156355 -0.00997657][0.142522 -0.00997657 0.782423]]
weight = 0.156717 mean = [-2.26668 1.29717 -2.42165] covariance = [[0.0273414 -0.0402854 0.000275089][-0.0402854 0.0967323 -0.0210801][0.000275089 -0.0210801 0.0595352]]
weight = 0.168096 mean = [-2.45974 1.87835 -2.47728] covariance = [[0.0308063 -0.002393 -0.00984324][-0.002393 0.0173605 -0.007172][-0.00984324 -0.007172 0.0244801]]
weight = 0.0336372 mean = [-2.45286 2.30298 -2.62562] covariance = [[0.275206 0.220775 0.295905][0.220775 2.24849 0.913915][0.295905 0.913915 1.09211]]
weight = 0.0892951 mean = [-2.18796 3.01624 -2.03926] covariance = [[0.00388138 0.0246499 0.0122921][0.0246499 0.901898 0.391097][0.0122921 0.391097 0.178321]]
weight = 0.408405 mean = [-2.20016 3.19971 -1.93277] covariance = [[1.89576e-05 0.000110137 4.4218e-06][0.000110137 0.00319263 0.000688609][4.4218e-06 0.000688609 0.000175993]]
]
2025-05-29 09:41:23 INFO  ren0 [gaussian_mixture_model.h:218] Before merging
2025-05-29 09:41:23 INFO  ren0 [gaussian_mixture_model.h:219] GMM[
weight = 0.00234 mean = [-2.47413 1.86646 -2.55781] covariance = [[0.191206 -0.0412031 -0.0223479][-0.0412031 0.0302543 0.01544][-0.0223479 0.01544 0.167652]]
weight = 0.0647089 mean = [-2.52744 1.89057 -2.44035] covariance = [[0.00097884 -0.000277745 1.43948e-05][-0.000277745 0.000379833 -0.000238062][1.43948e-05 -0.000238062 0.00110058]]
weight = 0.0018798 mean = [-2.03878 1.7474 -2.23872] covariance = [[0.68047 -0.202814 0.194894][-0.202814 0.0989876 -0.0464233][0.194894 -0.0464233 0.39379]]
weight = 0.0647089 mean = [-2.551 1.90932 -2.47935] covariance = [[0.00097884 -0.000277745 1.43948e-05][-0.000277745 0.000379833 -0.000238062][1.43948e-05 -0.000238062 0.00110058]]
weight = 0.0102124 mean = [-2.76089 1.91316 -3.36622] covariance = [[0.641012 -0.276137 0.142522][-0.276137 0.156355 -0.00997657][0.142522 -0.00997657 0.782423]]
weight = 0.156717 mean = [-2.26668 1.29717 -2.42165] covariance = [[0.0273414 -0.0402854 0.000275089][-0.0402854 0.0967323 -0.0210801][0.000275089 -0.0210801 0.0595352]]
weight = 0.168096 mean = [-2.45974 1.87835 -2.47728] covariance = [[0.0308063 -0.002393 -0.00984324][-0.002393 0.0173605 -0.007172][-0.00984324 -0.007172 0.0244801]]
weight = 0.0336372 mean = [-2.45286 2.30298 -2.62562] covariance = [[0.275206 0.220775 0.295905][0.220775 2.24849 0.913915][0.295905 0.913915 1.09211]]
weight = 0.0892951 mean = [-2.18796 3.01624 -2.03926] covariance = [[0.00388138 0.0246499 0.0122921][0.0246499 0.901898 0.391097][0.0122921 0.391097 0.178321]]
weight = 0.408405 mean = [-2.20016 3.19971 -1.93277] covariance = [[1.89576e-05 0.000110137 4.4218e-06][0.000110137 0.00319263 0.000688609][4.4218e-06 0.000688609 0.000175993]]
]
2025-05-29 09:41:23 INFO  ren0 [gaussian_mixture_model.h:215] Before splitting
2025-05-29 09:41:23 INFO  ren0 [gaussian_mixture_model.h:216] GMM[
weight = 0.0322805 mean = [-2.53924 1.89992 -2.45982] covariance = [[0.00124663 -0.000497279 0.000472164][-0.000497279 0.000547249 -0.00060559][0.000472164 -0.00060559 0.00185272]]
weight = 7.53039e-07 mean = [-2.58276 1.8326 -2.38387] covariance = [[0.000141484 0.000128917 -0.000413678][0.000128917 0.000141502 -0.000410473][-0.000413678 -0.000410473 0.00132957]]
weight = 0.0356124 mean = [-2.13345 1.30855 -3.68325] covariance = [[0.214476 -0.113694 0.0298157][-0.113694 0.11112 0.105916][0.0298157 0.105916 0.494225]]
weight = 0.286392 mean = [-2.20216 1.21449 -2.517] covariance = [[0.0129953 -0.0128508 -0.000876732][-0.0128508 0.0387163 -0.0195203][-0.000876732 -0.0195203 0.0728643]]
weight = 0.0609507 mean = [-2.44854 1.83555 -2.44764] covariance = [[0.0375328 -0.00847424 -0.00553461][-0.00847424 0.0211929 -0.0108078][-0.00553461 -0.0108078 0.0277766]]
weight = 0.0755207 mean = [-2.14886 1.34809 -3.65117] covariance = [[0.109464 -0.0205742 -0.0143471][-0.0205742 0.501652 0.314962][-0.0143471 0.314962 0.624692]]
weight = 0.114582 mean = [-2.19492 2.70421 -2.14777] covariance = [[0.00110368 0.00339169 0.0017282][0.00339169 0.725321 0.301711][0.0017282 0.301711 0.127679]]
weight = 0.394661 mean = [-2.20021 3.20081 -1.93241] covariance = [[1.49579e-05 4.96431e-05 -8.57546e-07][4.96431e-05 0.00087651 0.000197602][-8.57546e-07 0.000197602 5.86551e-05]]
]
2025-05-29 09:41:23 INFO  ren0 [gaussian_mixture_model.h:218] Before merging
2025-05-29 09:41:23 INFO  ren0 [gaussian_mixture_model.h:219] GMM[
weight = 0.0161403 mean = [-2.55099 1.90931 -2.47934] covariance = [[0.000980543 -0.000276652 1.35665e-05][-0.000276652 0.000380941 -0.000239113][1.35665e-05 -0.000239113 0.00110095]]
weight = 0.0161403 mean = [-2.52749 1.89053 -2.44031] covariance = [[0.000980543 -0.000276652 1.35665e-05][-0.000276652 0.000380941 -0.000239113][1.35665e-05 -0.000239113 0.00110095]]
weight = 3.7652e-07 mean = [-2.58848 1.82692 -2.36565] covariance = [[8.60827e-05 6.39382e-05 -0.000205325][6.39382e-05 8.6944e-05 -0.000203468][-0.000205325 -0.000203468 0.000675813]]
weight = 3.7652e-07 mean = [-2.57704 1.83828 -2.40209] covariance = [[8.60827e-05 6.39382e-05 -0.000205325][6.39382e-05 8.6944e-05 -0.000203468][-0.000205325 -0.000203468 0.000675813]]
weight = 0.0356124 mean = [-2.13345 1.30855 -3.68325] covariance = [[0.214476 -0.113694 0.0298157][-0.113694 0.11112 0.105916][0.0298157 0.105916 0.494225]]
weight = 0.286392 mean = [-2.20216 1.21449 -2.517] covariance = [[0.0129953 -0.0128508 -0.000876732][-0.0128508 0.0387163 -0.0195203][-0.000876732 -0.0195203 0.0728643]]
weight = 0.0609507 mean = [-2.44854 1.83555 -2.44764] covariance = [[0.0375328 -0.00847424 -0.00553461][-0.00847424 0.0211929 -0.0108078][-0.00553461 -0.0108078 0.0277766]]
weight = 0.0755207 mean = [-2.14886 1.34809 -3.65117] covariance = [[0.109464 -0.0205742 -0.0143471][-0.0205742 0.501652 0.314962][-0.0143471 0.314962 0.624692]]
weight = 0.114582 mean = [-2.19492 2.70421 -2.14777] covariance = [[0.00110368 0.00339169 0.0017282][0.00339169 0.725321 0.301711][0.0017282 0.301711 0.127679]]
weight = 0.394661 mean = [-2.20021 3.20081 -1.93241] covariance = [[1.49579e-05 4.96431e-05 -8.57546e-07][4.96431e-05 0.00087651 0.000197602][-8.57546e-07 0.000197602 5.86551e-05]]
]
2025-05-29 09:41:23 INFO  ren0 [gaussian_mixture_model.h:215] Before splitting
2025-05-29 09:41:23 INFO  ren0 [gaussian_mixture_model.h:216] GMM[
weight = 3.19676e-09 mean = [-2.55335 1.91135 -2.45727] covariance = [[1.16414e-05 2.97056e-09 -4.66665e-07][2.97056e-09 1.01202e-05 -6.36564e-08][-4.66665e-07 -6.36564e-08 0.000173157]]
weight = 0.007795 mean = [-2.53924 1.89992 -2.45982] covariance = [[0.0012466 -0.000497256 0.000472135][-0.000497256 0.000547232 -0.000605568][0.000472135 -0.000605568 0.00185269]]
weight = 0.44093 mean = [-2.24712 1.24127 -2.63248] covariance = [[0.00759597 -0.00565822 0.00932337][-0.00565822 0.013968 -0.0154363][0.00932337 -0.0154363 0.0605768]]
weight = 0.0201836 mean = [-2.4305 1.8378 -2.45698] covariance = [[0.0460869 0.00205044 -0.00944425][0.00205044 0.0241873 -0.0115243][-0.00944425 -0.0115243 0.0389317]]
weight = 0.0312219 mean = [-2.26563 1.47545 -3.18963] covariance = [[0.159478 -0.0518195 -0.0821059][-0.0518195 0.499144 0.294498][-0.0821059 0.294498 0.806754]]
weight = 0.112871 mean = [-2.19568 3.07303 -1.9986] covariance = [[0.000551382 0.00247415 0.000989356][0.00247415 0.394227 0.164637][0.000989356 0.164637 0.0696539]]
weight = 0.386999 mean = [-2.2003 3.19994 -1.93239] covariance = [[1.61008e-05 3.57312e-05 -7.21753e-07][3.57312e-05 0.000252328 6.61223e-05][-7.21753e-07 6.61223e-05 2.8621e-05]]
]
2025-05-29 09:41:23 INFO  ren0 [gaussian_mixture_model.h:218] Before merging
2025-05-29 09:41:23 INFO  ren0 [gaussian_mixture_model.h:219] GMM[
weight = 1.59838e-09 mean = [-2.55333 1.91136 -2.46384] covariance = [[2.16406e-05 2.87287e-09 -2.16517e-07][2.87287e-09 2.01201e-05 -2.98483e-08][-2.16517e-07 -2.98483e-08 9.65784e-05]]
weight = 0.0038975 mean = [-2.52749 1.89053 -2.44031] covariance = [[0.000980531 -0.000276642 1.3555e-05][-0.000276642 0.000380933 -0.000239102][1.3555e-05 -0.000239102 0.00110093]]
weight = 1.59838e-09 mean = [-2.55337 1.91135 -2.45069] covariance = [[2.16406e-05 2.87287e-09 -2.16517e-07][2.87287e-09 2.01201e-05 -2.98483e-08][-2.16517e-07 -2.98483e-08 9.65784e-05]]
weight = 0.0038975 mean = [-2.55099 1.90931 -2.47934] covariance = [[0.000980531 -0.000276642 1.3555e-05][-0.000276642 0.000380933 -0.000239102][1.3555e-05 -0.000239102 0.00110093]]
weight = 0.0156109 mean = [-2.32313 1.73249 -2.76568] covariance = [[0.152875 -0.0222572 -0.033349][-0.0222572 0.367007 0.0765475][-0.033349 0.0765475 0.4473]]
weight = 0.44093 mean = [-2.24712 1.24127 -2.63248] covariance = [[0.00759597 -0.00565822 0.00932337][-0.00565822 0.013968 -0.0154363][0.00932337 -0.0154363 0.0605768]]
weight = 0.0201836 mean = [-2.4305 1.8378 -2.45698] covariance = [[0.0460869 0.00205044 -0.00944425][0.00205044 0.0241873 -0.0115243][-0.00944425 -0.0115243 0.0389317]]
weight = 0.0156109 mean = [-2.20813 1.2184 -3.61358] covariance = [[0.152875 -0.0222572 -0.033349][-0.0222572 0.367007 0.0765475][-0.033349 0.0765475 0.4473]]
weight = 0.112871 mean = [-2.19568 3.07303 -1.9986] covariance = [[0.000551382 0.00247415 0.000989356][0.00247415 0.394227 0.164637][0.000989356 0.164637 0.0696539]]
weight = 0.386999 mean = [-2.2003 3.19994 -1.93239] covariance = [[1.61008e-05 3.57312e-05 -7.21753e-07][3.57312e-05 0.000252328 6.61223e-05][-7.21753e-07 6.61223e-05 2.8621e-05]]
]
2025-05-29 09:41:24 INFO  ren0 [gaussian_mixture_model.h:215] Before splitting
2025-05-29 09:41:24 INFO  ren0 [gaussian_mixture_model.h:216] GMM[
weight = 0.00172642 mean = [-2.53924 1.89992 -2.45982] covariance = [[0.00124653 -0.000497163 0.000471966][-0.000497163 0.000547161 -0.000605476][0.000471966 -0.000605476 0.00185261]]
weight = 4.98152e-08 mean = [-2.49055 1.91136 -2.58176] covariance = [[0.00416836 -4.88683e-08 -0.00348875][-4.88683e-08 1.00471e-05 -6.53635e-08][-0.00348875 -6.53635e-08 0.00601647]]
weight = 0.0119348 mean = [-2.44601 1.64644 -2.63559] covariance = [[0.141912 -0.139638 0.0606321][-0.139638 0.417717 -0.106593][0.0606321 -0.106593 0.138263]]
weight = 0.248831 mean = [-2.1963 1.2147 -2.60457] covariance = [[0.009612 -0.00333381 0.00153493][-0.00333381 0.0241488 -0.00613013][0.00153493 -0.00613013 0.0473934]]
weight = 0.00900312 mean = [-2.38168 1.85705 -2.49471] covariance = [[0.0328364 0.00217435 -0.0076564][0.00217435 0.0326238 -0.00272094][-0.0076564 -0.00272094 0.0321555]]
weight = 0.011648 mean = [-2.30613 1.43926 -3.00603] covariance = [[0.139099 -0.0752526 -0.0423136][-0.0752526 0.425165 0.135283][-0.0423136 0.135283 0.572429]]
weight = 0.716857 mean = [-2.19346 3.21716 -1.93506] covariance = [[8.52727e-05 0.000164411 -3.27216e-05][0.000164411 0.000990696 0.000225209][-3.27216e-05 0.000225209 0.000138602]]
]
2025-05-29 09:41:24 INFO  ren0 [gaussian_mixture_model.h:218] Before merging
2025-05-29 09:41:24 INFO  ren0 [gaussian_mixture_model.h:219] GMM[
weight = 0.000863209 mean = [-2.55099 1.9093 -2.47934] covariance = [[0.000980549 -0.000276607 1.34642e-05][-0.000276607 0.000380899 -0.000239055][1.34642e-05 -0.000239055 0.00110088]]
weight = 0.000863209 mean = [-2.52749 1.89053 -2.44031] covariance = [[0.000980549 -0.000276607 1.34642e-05][-0.000276607 0.000380899 -0.000239055][1.34642e-05 -0.000239055 0.00110088]]
weight = 2.49076e-08 mean = [-2.519 1.91136 -2.54479] covariance = [[0.00255997 -5.55832e-08 -0.00138589][-5.55832e-08 2.00471e-05 -5.66385e-08][-0.00138589 -5.66385e-08 0.00329413]]
weight = 2.49076e-08 mean = [-2.4621 1.91136 -2.61872] covariance = [[0.00255997 -5.55832e-08 -0.00138589][-5.55832e-08 2.00471e-05 -5.66385e-08][-0.00138589 -5.66385e-08 0.00329413]]
weight = 0.00596742 mean = [-2.31082 1.33277 -2.5252] covariance = [[0.105369 -0.0548265 0.0307855][-0.0548265 0.220945 -0.0373421][0.0307855 -0.0373421 0.113902]]
weight = 0.248831 mean = [-2.1963 1.2147 -2.60457] covariance = [[0.009612 -0.00333381 0.00153493][-0.00333381 0.0241488 -0.00613013][0.00153493 -0.00613013 0.0473934]]
weight = 0.00900312 mean = [-2.38168 1.85705 -2.49471] covariance = [[0.0328364 0.00217435 -0.0076564][0.00217435 0.0326238 -0.00272094][-0.0076564 -0.00272094 0.0321555]]
weight = 0.011648 mean = [-2.30613 1.43926 -3.00603] covariance = [[0.139099 -0.0752526 -0.0423136][-0.0752526 0.425165 0.135283][-0.0423136 0.135283 0.572429]]
weight = 0.00596742 mean = [-2.5812 1.96012 -2.74598] covariance = [[0.105369 -0.0548265 0.0307855][-0.0548265 0.220945 -0.0373421][0.0307855 -0.0373421 0.113902]]
weight = 0.716857 mean = [-2.19346 3.21716 -1.93506] covariance = [[8.52727e-05 0.000164411 -3.27216e-05][0.000164411 0.000990696 0.000225209][-3.27216e-05 0.000225209 0.000138602]]
]
2025-05-29 09:41:24 INFO  ren0 [gaussian_mixture_model.h:215] Before splitting
2025-05-29 09:41:24 INFO  ren0 [gaussian_mixture_model.h:216] GMM[
weight = 4.47294e-05 mean = [-2.59448 1.91136 -2.57539] covariance = [[0.000126422 -9.99579e-08 0.000446932][-9.99579e-08 1.00745e-05 -9.63672e-08][0.000446932 -9.63672e-08 0.00189368]]
weight = 0.000699137 mean = [-2.53948 1.90027 -2.45728] covariance = [[0.00121055 -0.000484234 0.000441523][-0.000484234 0.000534321 -0.000558409][0.000441523 -0.000558409 0.00201034]]
weight = 0.251747 mean = [-2.20542 1.22776 -2.56955] covariance = [[0.00868019 -0.00245373 0.00357295][-0.00245373 0.0212356 -0.00716526][0.00357295 -0.00716526 0.0591268]]
weight = 0.0811084 mean = [-2.33428 2.21086 -2.50747] covariance = [[0.0980536 0.0489458 0.123005][0.0489458 0.53589 0.186245][0.123005 0.186245 0.391353]]
weight = 0.666401 mean = [-2.19726 3.20782 -1.93351] covariance = [[6.17916e-05 0.000124182 -1.57414e-05][0.000124182 0.000571168 0.000117424][-1.57414e-05 0.000117424 7.57695e-05]]
]
2025-05-29 09:41:24 INFO  ren0 [gaussian_mixture_model.h:218] Before merging
2025-05-29 09:41:24 INFO  ren0 [gaussian_mixture_model.h:219] GMM[
weight = 2.23647e-05 mean = [-2.5893 1.91135 -2.55363] covariance = [[8.25896e-05 -8.63255e-08 0.000221229][-8.63255e-08 2.00745e-05 -3.92104e-08][0.000221229 -3.92104e-08 0.000957375]]
weight = 0.000349568 mean = [-2.52887 1.89163 -2.43654] covariance = [[0.000995696 -0.000300993 1.73144e-06][-0.000300993 0.000394992 -0.000200008][1.73144e-06 -0.000200008 0.00116015]]
weight = 2.23647e-05 mean = [-2.59967 1.91136 -2.59714] covariance = [[8.25896e-05 -8.63255e-08 0.000221229][-8.63255e-08 2.00745e-05 -3.92104e-08][0.000221229 -3.92104e-08 0.000957375]]
weight = 0.000349568 mean = [-2.55008 1.90891 -2.47802] covariance = [[0.000995696 -0.000300993 1.73144e-06][-0.000300993 0.000394992 -0.000200008][1.73144e-06 -0.000200008 0.00116015]]
weight = 0.0405542 mean = [-2.41208 1.88352 -2.74812] covariance = [[0.0859573 -0.00198826 0.0855583][-0.00198826 0.321608 0.0286995][0.0855583 0.0286995 0.275537]]
weight = 0.251747 mean = [-2.20542 1.22776 -2.56955] covariance = [[0.00868019 -0.00245373 0.00357295][-0.00245373 0.0212356 -0.00716526][0.00357295 -0.00716526 0.0591268]]
weight = 0.3332 mean = [-2.19983 3.19587 -1.936] covariance = [[5.85145e-05 6.26125e-05 -2.85842e-05][6.26125e-05 0.000295648 5.78674e-05][-2.85842e-05 5.78674e-05 7.33468e-05]]
weight = 0.0405542 mean = [-2.25647 2.53819 -2.26682] covariance = [[0.0859573 -0.00198826 0.0855583][-0.00198826 0.321608 0.0286995][0.0855583 0.0286995 0.275537]]
weight = 0.3332 mean = [-2.19468 3.21977 -1.93101] covariance = [[5.85145e-05 6.26125e-05 -2.85842e-05][6.26125e-05 0.000295648 5.78674e-05][-2.85842e-05 5.78674e-05 7.33468e-05]]
]
2025-05-29 09:41:24 INFO  ren0 [gaussian_mixture_model.h:215] Before splitting
2025-05-29 09:41:24 INFO  ren0 [gaussian_mixture_model.h:216] GMM[
weight = 0.000153276 mean = [-2.53919 1.9004 -2.45747] covariance = [[0.00122418 -0.000474046 0.000427757][-0.000474046 0.00053582 -0.000561485][0.000427757 -0.000561485 0.00200968]]
weight = 5.38781e-06 mean = [-2.60427 1.91136 -2.64041] covariance = [[1.11104e-05 6.81504e-09 1.09149e-05][6.81504e-09 9.99512e-06 8.35247e-09][1.09149e-05 8.35247e-09 0.000116614]]
weight = 1.34701e-06 mean = [-2.47409 1.92926 -2.49988] covariance = [[3.37786e-05 7.59149e-06 9.25286e-06][7.59149e-06 1.20352e-05 3.54708e-06][9.25286e-06 3.54708e-06 1.38474e-05]]
weight = 0.0495982 mean = [-2.27341 1.9226 -2.58207] covariance = [[0.0351019 0.00596492 0.0181527][0.00596492 0.145751 0.0590732][0.0181527 0.0590732 0.262845]]
weight = 0.282824 mean = [-2.17139 1.19216 -2.51953] covariance = [[0.00638565 -0.00350236 -0.00056218][-0.00350236 0.0222942 -0.00315654][-0.00056218 -0.00315654 0.0812451]]
weight = 0.27536 mean = [-2.20121 3.19834 -1.93279] covariance = [[2.22859e-05 3.30247e-05 2.52551e-06][3.30247e-05 8.62332e-05 3.06837e-05][2.52551e-06 3.06837e-05 2.23722e-05]]
weight = 0.0670089 mean = [-2.2673 2.36907 -2.32707] covariance = [[0.0377763 0.0166199 0.038999][0.0166199 0.486605 0.187847][0.038999 0.187847 0.192894]]
weight = 0.325049 mean = [-2.19873 3.20756 -1.93242] covariance = [[4.46023e-05 7.90854e-05 -7.99428e-06][7.90854e-05 0.000327169 7.71019e-05][-7.99428e-06 7.71019e-05 4.83867e-05]]
]
2025-05-29 09:41:24 INFO  ren0 [gaussian_mixture_model.h:218] Before merging
2025-05-29 09:41:24 INFO  ren0 [gaussian_mixture_model.h:219] GMM[
weight = 7.66379e-05 mean = [-2.54969 1.90904 -2.47821] covariance = [[0.00101394 -0.000292749 -7.57071e-06][-0.000292749 0.000396579 -0.000203129][-7.57071e-06 -0.000203129 0.00115919]]
weight = 7.66379e-05 mean = [-2.5287 1.89176 -2.43673] covariance = [[0.00101394 -0.000292749 -7.57071e-06][-0.000292749 0.000396579 -0.000203129][-7.57071e-06 -0.000203129 0.00115919]]
weight = 2.6939e-06 mean = [-2.60371 1.91136 -2.63501] covariance = [[2.04999e-05 6.31408e-09 4.95124e-06][6.31408e-09 1.99951e-05 3.45888e-09][4.95124e-06 3.45888e-09 6.83587e-05]]
weight = 1.34701e-06 mean = [-2.47409 1.92926 -2.49988] covariance = [[3.37786e-05 7.59149e-06 9.25286e-06][7.59149e-06 1.20352e-05 3.54708e-06][9.25286e-06 3.54708e-06 1.38474e-05]]
weight = 0.0495982 mean = [-2.27341 1.9226 -2.58207] covariance = [[0.0351019 0.00596492 0.0181527][0.00596492 0.145751 0.0590732][0.0181527 0.0590732 0.262845]]
weight = 0.282824 mean = [-2.17139 1.19216 -2.51953] covariance = [[0.00638565 -0.00350236 -0.00056218][-0.00350236 0.0222942 -0.00315654][-0.00056218 -0.00315654 0.0812451]]
weight = 0.27536 mean = [-2.20121 3.19834 -1.93279] covariance = [[2.22859e-05 3.30247e-05 2.52551e-06][3.30247e-05 8.62332e-05 3.06837e-05][2.52551e-06 3.06837e-05 2.23722e-05]]
weight = 2.6939e-06 mean = [-2.60482 1.91136 -2.64581] covariance = [[2.04999e-05 6.31408e-09 4.95124e-06][6.31408e-09 1.99951e-05 3.45888e-09][4.95124e-06 3.45888e-09 6.83587e-05]]
weight = 0.0670089 mean = [-2.2673 2.36907 -2.32707] covariance = [[0.0377763 0.0166199 0.038999][0.0166199 0.486605 0.187847][0.038999 0.187847 0.192894]]
weight = 0.325049 mean = [-2.19873 3.20756 -1.93242] covariance = [[4.46023e-05 7.90854e-05 -7.99428e-06][7.90854e-05 0.000327169 7.71019e-05][-7.99428e-06 7.71019e-05 4.83867e-05]]
]
2025-05-29 09:41:24 INFO  ren0 [gaussian_mixture_model.h:215] Before splitting
2025-05-29 09:41:24 INFO  ren0 [gaussian_mixture_model.h:216] GMM[
weight = 0.000430755 mean = [-2.56182 1.91345 -2.48019] covariance = [[0.000124984 3.85603e-05 0.000311585][3.85603e-05 0.000141842 3.60398e-05][0.000311585 3.60398e-05 0.00210705]]
weight = 0.000359336 mean = [-2.54903 1.90611 -2.43901] covariance = [[0.000526099 -0.000352155 0.000187152][-0.000352155 0.000407365 -0.00019415][0.000187152 -0.00019415 0.000544042]]
weight = 0.471508 mean = [-2.13637 1.21534 -2.46991] covariance = [[0.00516962 -0.00258951 0.00188354][-0.00258951 0.0132595 -0.00639692][0.00188354 -0.00639692 0.0200538]]
weight = 0.0369523 mean = [-2.30387 2.03094 -2.39795] covariance = [[0.0355878 0.00426993 0.0234803][0.00426993 0.467732 0.148325][0.0234803 0.148325 0.110824]]
weight = 0.490749 mean = [-2.2001 3.20207 -1.93236] covariance = [[2.78736e-05 4.59758e-05 7.76277e-07][4.59758e-05 0.000141374 4.08761e-05][7.76277e-07 4.08761e-05 2.63643e-05]]
]
2025-05-29 09:41:24 INFO  ren0 [gaussian_mixture_model.h:218] Before merging
2025-05-29 09:41:24 INFO  ren0 [gaussian_mixture_model.h:219] GMM[
weight = 0.000215378 mean = [-2.55829 1.91393 -2.45725] covariance = [[0.000110078 3.5186e-05 0.000149679][3.5186e-05 0.000151385 1.41046e-05][0.000149679 1.41046e-05 0.00106454]]
weight = 0.000179668 mean = [-2.53895 1.89725 -2.43086] covariance = [[0.000332643 -0.000173397 2.27438e-05][-0.000173397 0.000260306 -4.96991e-05][2.27438e-05 -4.96991e-05 0.000421187]]
weight = 0.000215378 mean = [-2.56535 1.91297 -2.50313] covariance = [[0.000110078 3.5186e-05 0.000149679][3.5186e-05 0.000151385 1.41046e-05][0.000149679 1.41046e-05 0.00106454]]
weight = 0.000179668 mean = [-2.55912 1.91497 -2.44716] covariance = [[0.000332643 -0.000173397 2.27438e-05][-0.000173397 0.000260306 -4.96991e-05][2.27438e-05 -4.96991e-05 0.000421187]]
weight = 0.235754 mean = [-2.14829 1.25592 -2.53548] covariance = [[0.00489567 -0.00162236 0.000320913][-0.00162236 0.00997532 -0.00107447][0.000320913 -0.00107447 0.0114643]]
weight = 0.235754 mean = [-2.12446 1.17475 -2.40434] covariance = [[0.00489567 -0.00162236 0.000320913][-0.00162236 0.00997532 -0.00107447][0.000320913 -0.00107447 0.0114643]]
weight = 0.0184762 mean = [-2.3128 1.69155 -2.52101] covariance = [[0.0354385 -0.00178897 0.0212835][-0.00178897 0.237374 0.0648006][0.0212835 0.0648006 0.0805507]]
weight = 0.245375 mean = [-2.20205 3.19613 -1.93409] covariance = [[3.02353e-05 2.2753e-05 -5.95164e-06][2.2753e-05 8.07692e-05 2.04211e-05][-5.95164e-06 2.04211e-05 3.04383e-05]]
weight = 0.0184762 mean = [-2.29495 2.37033 -2.2749] covariance = [[0.0354385 -0.00178897 0.0212835][-0.00178897 0.237374 0.0648006][0.0212835 0.0648006 0.0805507]]
weight = 0.245375 mean = [-2.19814 3.20802 -1.93064] covariance = [[3.02353e-05 2.2753e-05 -5.95164e-06][2.2753e-05 8.07692e-05 2.04211e-05][-5.95164e-06 2.04211e-05 3.04383e-05]]
]
2025-05-29 09:41:24 INFO  ren0 [gaussian_mixture_model.h:215] Before splitting
2025-05-29 09:41:24 INFO  ren0 [gaussian_mixture_model.h:216] GMM[
weight = 0.000111153 mean = [-2.549 1.90611 -2.43901] covariance = [[0.00052847 -0.000351861 0.000186516][-0.000351861 0.00040723 -0.000194141][0.000186516 -0.000194141 0.000543994]]
weight = 1.58301e-08 mean = [-2.598 1.87688 -2.61317] covariance = [[9.79825e-06 1.45746e-07 -2.0299e-07][1.45746e-07 9.89481e-06 1.4686e-07][-2.0299e-07 1.4686e-07 9.79665e-06]]
weight = 5.02736e-09 mean = [-2.47307 1.91136 -2.45693] covariance = [[9.77666e-06 1.90954e-07 -2.40485e-07][1.90954e-07 9.85503e-06 1.87059e-07][-2.40485e-07 1.87059e-07 9.76029e-06]]
weight = 0.0875072 mean = [-2.24284 1.29063 -2.55449] covariance = [[0.00734245 -0.000168035 -0.00248489][-0.000168035 0.0144732 0.0069362][-0.00248489 0.0069362 0.0167528]]
weight = 0.187888 mean = [-2.15913 1.22319 -2.45365] covariance = [[0.00761742 -0.00424649 -0.000614811][-0.00424649 0.0161541 -0.00312509][-0.000614811 -0.00312509 0.0215657]]
weight = 0.0335806 mean = [-2.36674 1.5018 -2.44514] covariance = [[0.103224 -0.0222839 0.0222378][-0.0222839 0.176087 -0.0380577][0.0222378 -0.0380577 0.261881]]
weight = 0.266004 mean = [-2.20093 3.19599 -1.93325] covariance = [[2.14067e-05 2.82588e-05 2.19217e-07][2.82588e-05 6.96141e-05 2.45913e-05][2.19217e-07 2.45913e-05 2.1011e-05]]
weight = 0.0420387 mean = [-2.24137 2.70556 -2.03077] covariance = [[0.116526 0.2206 0.148458][0.2206 1.38118 0.630174][0.148458 0.630174 0.501195]]
weight = 0.38287 mean = [-2.19933 3.20457 -1.93206] covariance = [[2.74135e-05 3.96162e-05 6.42467e-07][3.96162e-05 0.000106234 3.22574e-05][6.42467e-07 3.22574e-05 2.23906e-05]]
]
2025-05-29 09:41:24 INFO  ren0 [gaussian_mixture_model.h:218] Before merging
2025-05-29 09:41:24 INFO  ren0 [gaussian_mixture_model.h:219] GMM[
weight = 5.55765e-05 mean = [-2.5591 1.91497 -2.44715] covariance = [[0.00033423 -0.000172854 2.20867e-05][-0.000172854 0.000260338 -5.00264e-05][2.20867e-05 -5.00264e-05 0.000421615]]
weight = 5.55765e-05 mean = [-2.53889 1.89726 -2.43088] covariance = [[0.00033423 -0.000172854 2.20867e-05][-0.000172854 0.000260338 -5.00264e-05][2.20867e-05 -5.00264e-05 0.000421615]]
weight = 1.58301e-08 mean = [-2.598 1.87688 -2.61317] covariance = [[9.79825e-06 1.45746e-07 -2.0299e-07][1.45746e-07 9.89481e-06 1.4686e-07][-2.0299e-07 1.4686e-07 9.79665e-06]]
weight = 5.02736e-09 mean = [-2.47307 1.91136 -2.45693] covariance = [[9.77666e-06 1.90954e-07 -2.40485e-07][1.90954e-07 9.85503e-06 1.87059e-07][-2.40485e-07 1.87059e-07 9.76029e-06]]
weight = 0.0875072 mean = [-2.24284 1.29063 -2.55449] covariance = [[0.00734245 -0.000168035 -0.00248489][-0.000168035 0.0144732 0.0069362][-0.00248489 0.0069362 0.0167528]]
weight = 0.187888 mean = [-2.15913 1.22319 -2.45365] covariance = [[0.00761742 -0.00424649 -0.000614811][-0.00424649 0.0161541 -0.00312509][-0.000614811 -0.00312509 0.0215657]]
weight = 0.0335806 mean = [-2.36674 1.5018 -2.44514] covariance = [[0.103224 -0.0222839 0.0222378][-0.0222839 0.176087 -0.0380577][0.0222378 -0.0380577 0.261881]]
weight = 0.266004 mean = [-2.20093 3.19599 -1.93325] covariance = [[2.14067e-05 2.82588e-05 2.19217e-07][2.82588e-05 6.96141e-05 2.45913e-05][2.19217e-07 2.45913e-05 2.1011e-05]]
weight = 0.0420387 mean = [-2.24137 2.70556 -2.03077] covariance = [[0.116526 0.2206 0.148458][0.2206 1.38118 0.630174][0.148458 0.630174 0.501195]]
weight = 0.38287 mean = [-2.19933 3.20457 -1.93206] covariance = [[2.74135e-05 3.96162e-05 6.42467e-07][3.96162e-05 0.000106234 3.22574e-05][6.42467e-07 3.22574e-05 2.23906e-05]]
]
2025-05-29 09:41:24 INFO  ren0 [gaussian_mixture_model.h:215] Before splitting
2025-05-29 09:41:24 INFO  ren0 [gaussian_mixture_model.h:216] GMM[
weight = 5.55765e-05 mean = [-2.5591 1.91497 -2.44715] covariance = [[0.00033423 -0.000172854 2.20867e-05][-0.000172854 0.000260338 -5.00264e-05][2.20867e-05 -5.00264e-05 0.000421615]]
weight = 2.06743e-05 mean = [-2.549 1.90612 -2.43901] covariance = [[0.000528436 -0.000351845 0.000186424][-0.000351845 0.00040723 -0.000193979][0.000186424 -0.000193979 0.000544676]]
weight = 0.331784 mean = [-2.15543 1.19506 -2.43964] covariance = [[0.0094114 -0.0037252 -0.00273691][-0.0037252 0.0293497 -0.01128][-0.00273691 -0.01128 0.0760062]]
weight = 0.103273 mean = [-2.36369 1.40447 -2.71448] covariance = [[0.135462 -0.0981101 0.0662113][-0.0981101 0.181382 -0.112336][0.0662113 -0.112336 0.396665]]
weight = 0.24664 mean = [-2.19976 3.19764 -1.93202] covariance = [[2.61612e-05 3.45153e-05 4.43515e-06][3.45153e-05 6.7238e-05 2.46519e-05][4.43515e-06 2.46519e-05 2.00322e-05]]
weight = 0.0884443 mean = [-2.26389 2.77361 -2.12495] covariance = [[0.06411 0.0686121 0.0492164][0.0686121 1.07299 0.43253][0.0492164 0.43253 0.279902]]
weight = 0.229837 mean = [-2.19942 3.20474 -1.93245] covariance = [[2.85433e-05 3.76024e-05 3.53136e-06][3.76024e-05 7.66529e-05 2.63406e-05][3.53136e-06 2.63406e-05 2.04961e-05]]
]
2025-05-29 09:41:24 INFO  ren0 [gaussian_mixture_model.h:218] Before merging
2025-05-29 09:41:24 INFO  ren0 [gaussian_mixture_model.h:219] GMM[
weight = 2.77882e-05 mean = [-2.56632 1.9213 -2.45296] covariance = [[0.000240041 -8.15369e-05 -6.1794e-05][-8.15369e-05 0.000190303 2.34912e-05][-6.1794e-05 2.34912e-05 0.000364084]]
weight = 1.03372e-05 mean = [-2.5389 1.89726 -2.43087] covariance = [[0.000334288 -0.000172923 2.19261e-05][-0.000172923 0.000260417 -4.98068e-05][2.19261e-05 -4.98068e-05 0.000422126]]
weight = 2.77882e-05 mean = [-2.55189 1.90864 -2.44134] covariance = [[0.000240041 -8.15369e-05 -6.1794e-05][-8.15369e-05 0.000190303 2.34912e-05][-6.1794e-05 2.34912e-05 0.000364084]]
weight = 1.03372e-05 mean = [-2.5591 1.91497 -2.44715] covariance = [[0.000334288 -0.000172923 2.19261e-05][-0.000172923 0.000260417 -4.98068e-05][2.19261e-05 -4.98068e-05 0.000422126]]
weight = 0.0516367 mean = [-2.46367 1.55098 -3.00984] covariance = [[0.115476 -0.0688111 0.00714581][-0.0688111 0.138461 -0.0257887][0.00714581 -0.0257887 0.2222]]
weight = 0.331784 mean = [-2.15543 1.19506 -2.43964] covariance = [[0.0094114 -0.0037252 -0.00273691][-0.0037252 0.0293497 -0.01128][-0.00273691 -0.01128 0.0760062]]
weight = 0.0516367 mean = [-2.2637 1.25796 -2.41912] covariance = [[0.115476 -0.0688111 0.00714581][-0.0688111 0.138461 -0.0257887][0.00714581 -0.0257887 0.2222]]
weight = 0.24664 mean = [-2.19976 3.19764 -1.93202] covariance = [[2.61612e-05 3.45153e-05 4.43515e-06][3.45153e-05 6.7238e-05 2.46519e-05][4.43515e-06 2.46519e-05 2.00322e-05]]
weight = 0.0884443 mean = [-2.26389 2.77361 -2.12495] covariance = [[0.06411 0.0686121 0.0492164][0.0686121 1.07299 0.43253][0.0492164 0.43253 0.279902]]
weight = 0.229837 mean = [-2.19942 3.20474 -1.93245] covariance = [[2.85433e-05 3.76024e-05 3.53136e-06][3.76024e-05 7.66529e-05 2.63406e-05][3.53136e-06 2.63406e-05 2.04961e-05]]
]
2025-05-29 09:41:25 INFO  ren0 [gaussian_mixture_model.h:215] Before splitting
2025-05-29 09:41:25 INFO  ren0 [gaussian_mixture_model.h:216] GMM[
weight = 2.77867e-05 mean = [-2.56632 1.9213 -2.45296] covariance = [[0.000240041 -8.15369e-05 -6.1794e-05][-8.15369e-05 0.000190303 2.34912e-05][-6.1794e-05 2.34912e-05 0.000364084]]
weight = 2.32595e-05 mean = [-2.5389 1.89726 -2.43087] covariance = [[0.000334288 -0.000172923 2.19261e-05][-0.000172923 0.000260417 -4.98068e-05][2.19261e-05 -4.98068e-05 0.000422126]]
weight = 2.77867e-05 mean = [-2.55189 1.90864 -2.44134] covariance = [[0.000240041 -8.15369e-05 -6.1794e-05][-8.15369e-05 0.000190303 2.34912e-05][-6.1794e-05 2.34912e-05 0.000364084]]
weight = 1.03366e-05 mean = [-2.5591 1.91497 -2.44715] covariance = [[0.000334288 -0.000172923 2.19261e-05][-0.000172923 0.000260417 -4.98068e-05][2.19261e-05 -4.98068e-05 0.000422126]]
weight = 0.0644596 mean = [-2.22774 1.44296 -2.89931] covariance = [[0.0764532 -0.0269048 0.00366147][-0.0269048 0.0698574 0.0316733][0.00366147 0.0316733 0.14309]]
weight = 0.0911415 mean = [-2.23542 1.41528 -2.64324] covariance = [[0.137664 -0.0233099 0.0100945][-0.0233099 0.0953983 -0.0395713][0.0100945 -0.0395713 0.273955]]
weight = 0.2105 mean = [-2.20013 3.19698 -1.93202] covariance = [[2.26432e-05 2.69937e-05 2.77679e-06][2.69937e-05 5.01192e-05 1.97365e-05][2.77679e-06 1.97365e-05 1.8494e-05]]
weight = 0.423355 mean = [-2.15067 1.86321 -2.55917] covariance = [[0.0180235 -0.0609537 -0.0309982][-0.0609537 0.897941 0.386922][-0.0309982 0.386922 0.209307]]
weight = 0.210521 mean = [-2.2001 3.20397 -1.93247] covariance = [[2.52322e-05 3.05391e-05 8.64978e-07][3.05391e-05 6.06785e-05 1.99521e-05][8.64978e-07 1.99521e-05 1.782e-05]]
]
2025-05-29 09:41:25 INFO  ren0 [gaussian_mixture_model.h:218] Before merging
2025-05-29 09:41:25 INFO  ren0 [gaussian_mixture_model.h:219] GMM[
weight = 1.38933e-05 mean = [-2.57087 1.92397 -2.4444] covariance = [[0.000208682 -5.72289e-05 1.60415e-05][-5.72289e-05 0.000186017 -2.2255e-05][1.60415e-05 -2.2255e-05 0.000227602]]
weight = 2.32595e-05 mean = [-2.5389 1.89726 -2.43087] covariance = [[0.000334288 -0.000172923 2.19261e-05][-0.000172923 0.000260417 -4.98068e-05][2.19261e-05 -4.98068e-05 0.000422126]]
weight = 2.77867e-05 mean = [-2.55189 1.90864 -2.44134] covariance = [[0.000240041 -8.15369e-05 -6.1794e-05][-8.15369e-05 0.000190303 2.34912e-05][-6.1794e-05 2.34912e-05 0.000364084]]
weight = 1.03366e-05 mean = [-2.5591 1.91497 -2.44715] covariance = [[0.000334288 -0.000172923 2.19261e-05][-0.000172923 0.000260417 -4.98068e-05][2.19261e-05 -4.98068e-05 0.000422126]]
weight = 0.0644596 mean = [-2.22774 1.44296 -2.89931] covariance = [[0.0764532 -0.0269048 0.00366147][-0.0269048 0.0698574 0.0316733][0.00366147 0.0316733 0.14309]]
weight = 1.38933e-05 mean = [-2.56177 1.91862 -2.46152] covariance = [[0.000208682 -5.72289e-05 1.60415e-05][-5.72289e-05 0.000186017 -2.2255e-05][1.60415e-05 -2.2255e-05 0.000227602]]
weight = 0.0911415 mean = [-2.23542 1.41528 -2.64324] covariance = [[0.137664 -0.0233099 0.0100945][-0.0233099 0.0953983 -0.0395713][0.0100945 -0.0395713 0.273955]]
weight = 0.2105 mean = [-2.20013 3.19698 -1.93202] covariance = [[2.26432e-05 2.69937e-05 2.77679e-06][2.69937e-05 5.01192e-05 1.97365e-05][2.77679e-06 1.97365e-05 1.8494e-05]]
weight = 0.423355 mean = [-2.15067 1.86321 -2.55917] covariance = [[0.0180235 -0.0609537 -0.0309982][-0.0609537 0.897941 0.386922][-0.0309982 0.386922 0.209307]]
weight = 0.210521 mean = [-2.2001 3.20397 -1.93247] covariance = [[2.52322e-05 3.05391e-05 8.64978e-07][3.05391e-05 6.06785e-05 1.99521e-05][8.64978e-07 1.99521e-05 1.782e-05]]
]
2025-05-29 09:41:25 INFO  ren0 [MIFocalGuidingPathTracer] GMM[
weight = 8.91636e-05 mean = [-2.55383 1.91035 -2.4429] covariance = [[0.000413024 -0.00020964 7.14556e-05][-0.00020964 0.000332627 -8.97622e-05][7.14556e-05 -8.97622e-05 0.000468008]]
weight = 0.155591 mean = [-2.23224 1.42675 -2.74932] covariance = [[0.112331 -0.0247475 0.00695203][-0.0247475 0.0850135 -0.011777][0.00695203 -0.011777 0.235665]]
weight = 0.210486 mean = [-2.20013 3.19698 -1.93202] covariance = [[2.26432e-05 2.69937e-05 2.77679e-06][2.69937e-05 5.01192e-05 1.97365e-05][2.77679e-06 1.97365e-05 1.8494e-05]]
weight = 0.423327 mean = [-2.15067 1.86321 -2.55917] covariance = [[0.0180235 -0.0609537 -0.0309982][-0.0609537 0.897941 0.386922][-0.0309982 0.386922 0.209307]]
weight = 0.210507 mean = [-2.2001 3.20397 -1.93247] covariance = [[2.52322e-05 3.05391e-05 8.64978e-07][3.05391e-05 6.06785e-05 1.99521e-05][8.64978e-07 1.99521e-05 1.782e-05]]
]
2025-05-29 09:41:25 INFO  ren0 [octree.h:534] root weight: 3.848e+05 (384836.093750)
2025-05-29 09:41:25 INFO  ren0 [octree.h:535] splitting threshold: 3.848e+02 (384.836121)
2025-05-29 09:41:25 INFO  ren0 [octree.h:534] root weight: 5.074e+02 (507.444916)
2025-05-29 09:41:25 INFO  ren0 [octree.h:535] splitting threshold: 5.074e-01 (0.507445)
2025-05-29 09:41:25 INFO  ren0 [octree.h:550] node count: 1784 -> 1947 -> 1602

2025-05-29 09:41:25 INFO  ren0 [octree.h:550] node count: 705 -> 705 -> 704

2025-05-29 09:41:25 INFO  ren0 [MIFocalGuidingPathTracer] ITERATION 14, until 150.0 seconds
2025-05-29 09:41:44 INFO  ren0 [MIFocalGuidingPathTracer]   408.12 seconds elapsed, passes this iteration: 1, total passes: 17
2025-05-29 09:41:45 INFO  ren0 [pmm_focal_guiding_recursive.cpp:238] final iteration
2025-05-29 09:41:45 INFO  ren0 [MIFocalGuidingPathTracer] Got 8677368 non-zero samples
2025-05-29 09:41:45 INFO  ren0 [gaussian_mixture_model.h:821] Processing mega batch of size 8677368
2025-05-29 09:41:46 INFO  ren0 [gaussian_mixture_model.h:828] will process 87 batches
2025-05-29 09:41:46 INFO  ren0 [gaussian_mixture_model.h:215] Before splitting
2025-05-29 09:41:46 INFO  ren0 [gaussian_mixture_model.h:216] GMM[
weight = 0.000128659 mean = [-2.60179 1.95412 -2.44767] covariance = [[1.33516e-05 -2.94811e-06 -4.47562e-07][-2.94811e-06 1.28025e-05 6.27159e-07][-4.47562e-07 6.27159e-07 1.08877e-05]]
weight = 0.129344 mean = [-2.33374 1.2924 -2.4665] covariance = [[0.264232 -0.00656961 -0.0223858][-0.00656961 0.116691 -0.0574797][-0.0223858 -0.0574797 0.333958]]
weight = 0.30265 mean = [-2.19993 3.19761 -1.93195] covariance = [[2.07647e-05 2.07888e-05 2.97807e-06][2.07888e-05 3.31071e-05 1.59099e-05][2.97807e-06 1.59099e-05 1.73911e-05]]
weight = 0.29107 mean = [-2.15894 2.02999 -2.46466] covariance = [[0.0161034 -0.0570332 -0.0287387][-0.0570332 1.0621 0.45568][-0.0287387 0.45568 0.237264]]
weight = 0.276808 mean = [-2.20042 3.20325 -1.93278] covariance = [[2.24097e-05 2.22366e-05 2.05331e-06][2.22366e-05 3.50518e-05 1.51488e-05][2.05331e-06 1.51488e-05 1.66603e-05]]
]
2025-05-29 09:41:46 INFO  ren0 [gaussian_mixture_model.h:218] Before merging
2025-05-29 09:41:46 INFO  ren0 [gaussian_mixture_model.h:219] GMM[
weight = 6.43297e-05 mean = [-2.60326 1.95546 -2.44739] covariance = [[1.90601e-05 9.92748e-07 3.87747e-07][9.92748e-07 1.91837e-05 -1.39888e-07][3.87747e-07 -1.39888e-07 2.07251e-05]]
weight = 0.0646719 mean = [-2.26751 1.35913 -2.74822] covariance = [[0.255469 -0.015409 0.0149319][-0.015409 0.107795 -0.0198796][0.0149319 -0.0198796 0.175229]]
weight = 0.151325 mean = [-2.20181 3.19475 -1.93333] covariance = [[2.36632e-05 1.0016e-05 -2.21357e-06][1.0016e-05 2.67648e-05 8.03426e-06][-2.21357e-06 8.03426e-06 2.35957e-05]]
weight = 0.145535 mean = [-2.18759 2.54384 -2.23659] covariance = [[0.0144711 -0.0275831 -0.0156673][-0.0275831 0.534021 0.221288][-0.0156673 0.221288 0.13324]]
weight = 0.138404 mean = [-2.20241 3.20031 -1.93401] covariance = [[2.4455e-05 1.05133e-05 -2.82178e-06][1.05133e-05 2.77744e-05 7.96408e-06][-2.82178e-06 7.96408e-06 2.36726e-05]]
weight = 6.43297e-05 mean = [-2.60033 1.95277 -2.44796] covariance = [[1.90601e-05 9.92748e-07 3.87747e-07][9.92748e-07 1.91837e-05 -1.39888e-07][3.87747e-07 -1.39888e-07 2.07251e-05]]
weight = 0.0646719 mean = [-2.39997 1.22567 -2.18477] covariance = [[0.255469 -0.015409 0.0149319][-0.015409 0.107795 -0.0198796][0.0149319 -0.0198796 0.175229]]
weight = 0.151325 mean = [-2.19804 3.20047 -1.93058] covariance = [[2.36632e-05 1.0016e-05 -2.21357e-06][1.0016e-05 2.67648e-05 8.03426e-06][-2.21357e-06 8.03426e-06 2.35957e-05]]
weight = 0.145535 mean = [-2.13028 1.51613 -2.69273] covariance = [[0.0144711 -0.0275831 -0.0156673][-0.0275831 0.534021 0.221288][-0.0156673 0.221288 0.13324]]
weight = 0.138404 mean = [-2.19843 3.20618 -1.93156] covariance = [[2.4455e-05 1.05133e-05 -2.82178e-06][1.05133e-05 2.77744e-05 7.96408e-06][-2.82178e-06 7.96408e-06 2.36726e-05]]
]
2025-05-29 09:41:46 INFO  ren0 [gaussian_mixture_model.h:215] Before splitting
2025-05-29 09:41:46 INFO  ren0 [gaussian_mixture_model.h:216] GMM[
weight = 0.0280201 mean = [-2.4177 1.48147 -2.65563] covariance = [[0.292425 -0.161123 0.202112][-0.161123 0.272753 -0.242088][0.202112 -0.242088 0.432102]]
weight = 0.114307 mean = [-2.20046 3.19591 -1.9322] covariance = [[1.55238e-05 1.27425e-05 4.54354e-07][1.27425e-05 2.1919e-05 1.32667e-05][4.54354e-07 1.32667e-05 1.80162e-05]]
weight = 0.210514 mean = [-2.23788 4.77277 -1.25765] covariance = [[0.00329571 -0.00347522 0.000286284][-0.00347522 0.431176 0.177914][0.000286284 0.177914 0.0783049]]
weight = 0.0941327 mean = [-2.20053 3.20143 -1.93226] covariance = [[1.28987e-05 8.34454e-06 -1.38054e-06][8.34454e-06 1.25963e-05 7.28868e-06][-1.38054e-06 7.28868e-06 1.30285e-05]]
weight = 0.000140692 mean = [-2.60179 1.95412 -2.44767] covariance = [[3.12058e-05 -9.77683e-07 -2.9907e-08][-9.77683e-07 3.09931e-05 2.43635e-07][-2.9907e-08 2.43635e-07 3.08064e-05]]
weight = 0.0767866 mean = [-2.32366 1.24666 -2.31694] covariance = [[0.183571 -0.0233912 -0.0172351][-0.0233912 0.110719 -0.0343435][-0.0172351 -0.0343435 0.21891]]
weight = 0.205409 mean = [-2.1997 3.19876 -1.93165] covariance = [[1.68687e-05 1.35736e-05 8.03093e-07][1.35736e-05 1.94369e-05 1.03574e-05][8.03093e-07 1.03574e-05 1.47399e-05]]
weight = 0.0938095 mean = [-2.16173 1.97261 -2.46263] covariance = [[0.0154358 -0.0515143 -0.025718][-0.0515143 1.06429 0.437237][-0.025718 0.437237 0.225567]]
weight = 0.17688 mean = [-2.19996 3.20457 -1.9322] covariance = [[2.0704e-05 1.86344e-05 1.44111e-06][1.86344e-05 2.82738e-05 1.34682e-05][1.44111e-06 1.34682e-05 1.62891e-05]]
]
2025-05-29 09:41:46 INFO  ren0 [gaussian_mixture_model.h:218] Before merging
2025-05-29 09:41:46 INFO  ren0 [gaussian_mixture_model.h:219] GMM[
weight = 0.01401 mean = [-2.63008 1.7063 -2.95965] covariance = [[0.202227 -0.0656267 0.0729778][-0.0656267 0.171669 -0.105385][0.0729778 -0.105385 0.247255]]
weight = 0.01401 mean = [-2.20533 1.25664 -2.35161] covariance = [[0.202227 -0.0656267 0.0729778][-0.0656267 0.171669 -0.105385][0.0729778 -0.105385 0.247255]]
weight = 0.114307 mean = [-2.20046 3.19591 -1.9322] covariance = [[1.55238e-05 1.27425e-05 4.54354e-07][1.27425e-05 2.1919e-05 1.32667e-05][4.54354e-07 1.32667e-05 1.80162e-05]]
weight = 0.210514 mean = [-2.23788 4.77277 -1.25765] covariance = [[0.00329571 -0.00347522 0.000286284][-0.00347522 0.431176 0.177914][0.000286284 0.177914 0.0783049]]
weight = 0.0941327 mean = [-2.20053 3.20143 -1.93226] covariance = [[1.28987e-05 8.34454e-06 -1.38054e-06][8.34454e-06 1.25963e-05 7.28868e-06][-1.38054e-06 7.28868e-06 1.30285e-05]]
weight = 0.000140692 mean = [-2.60179 1.95412 -2.44767] covariance = [[3.12058e-05 -9.77683e-07 -2.9907e-08][-9.77683e-07 3.09931e-05 2.43635e-07][-2.9907e-08 2.43635e-07 3.08064e-05]]
weight = 0.0767866 mean = [-2.32366 1.24666 -2.31694] covariance = [[0.183571 -0.0233912 -0.0172351][-0.0233912 0.110719 -0.0343435][-0.0172351 -0.0343435 0.21891]]
weight = 0.205409 mean = [-2.1997 3.19876 -1.93165] covariance = [[1.68687e-05 1.35736e-05 8.03093e-07][1.35736e-05 1.94369e-05 1.03574e-05][8.03093e-07 1.03574e-05 1.47399e-05]]
weight = 0.0938095 mean = [-2.16173 1.97261 -2.46263] covariance = [[0.0154358 -0.0515143 -0.025718][-0.0515143 1.06429 0.437237][-0.025718 0.437237 0.225567]]
weight = 0.17688 mean = [-2.19996 3.20457 -1.9322] covariance = [[2.0704e-05 1.86344e-05 1.44111e-06][1.86344e-05 2.82738e-05 1.34682e-05][1.44111e-06 1.34682e-05 1.62891e-05]]
]
2025-05-29 09:41:46 INFO  ren0 [gaussian_mixture_model.h:215] Before splitting
2025-05-29 09:41:46 INFO  ren0 [gaussian_mixture_model.h:216] GMM[
weight = 0.0123962 mean = [-2.81627 1.91899 -3.26115] covariance = [[0.231292 -0.137933 0.184872][-0.137933 0.235975 -0.209086][0.184872 -0.209086 0.443019]]
weight = 0.0198067 mean = [-2.29332 1.38662 -2.46229] covariance = [[0.264805 -0.0925399 0.173496][-0.0925399 0.190698 -0.157198][0.173496 -0.157198 0.316256]]
weight = 0.0885166 mean = [-2.23171 4.55503 -1.35692] covariance = [[0.00305027 -0.0112539 -0.00351163][-0.0112539 0.663141 0.281316][-0.00351163 0.281316 0.123671]]
weight = 0.00018975 mean = [-2.60179 1.95412 -2.44767] covariance = [[3.12058e-05 -9.77683e-07 -2.9907e-08][-9.77683e-07 3.09931e-05 2.43635e-07][-2.9907e-08 2.43635e-07 3.08064e-05]]
weight = 0.0830441 mean = [-2.30329 1.24444 -2.2485] covariance = [[0.230477 -0.0267379 -0.0474088][-0.0267379 0.0814629 -0.0137417][-0.0474088 -0.0137417 0.167989]]
weight = 0.0563751 mean = [-2.17034 2.03445 -2.39825] covariance = [[0.0120866 -0.0307279 -0.0157916][-0.0307279 1.18801 0.458613][-0.0157916 0.458613 0.227645]]
weight = 0.739672 mean = [-2.20074 3.19888 -1.93172] covariance = [[1.84365e-05 2.21416e-05 -1.18801e-06][2.21416e-05 4.35531e-05 1.2039e-05][-1.18801e-06 1.2039e-05 1.3794e-05]]
]
2025-05-29 09:41:46 INFO  ren0 [gaussian_mixture_model.h:218] Before merging
2025-05-29 09:41:46 INFO  ren0 [gaussian_mixture_model.h:219] GMM[
weight = 0.00619812 mean = [-2.62975 1.71822 -2.94966] covariance = [[0.161721 -0.063035 0.0686745][-0.063035 0.155364 -0.0840096][0.0686745 -0.0840096 0.248983]]
weight = 0.00990334 mean = [-2.08477 1.2212 -2.20176] covariance = [[0.177827 -0.0235414 0.0648259][-0.0235414 0.135979 -0.0710017][0.0648259 -0.0710017 0.18051]]
weight = 0.00619812 mean = [-3.00279 2.11977 -3.57263] covariance = [[0.161721 -0.063035 0.0686745][-0.063035 0.155364 -0.0840096][0.0686745 -0.0840096 0.248983]]
weight = 0.0885166 mean = [-2.23171 4.55503 -1.35692] covariance = [[0.00305027 -0.0112539 -0.00351163][-0.0112539 0.663141 0.281316][-0.00351163 0.281316 0.123671]]
weight = 0.00990334 mean = [-2.50187 1.55204 -2.72283] covariance = [[0.177827 -0.0235414 0.0648259][-0.0235414 0.135979 -0.0710017][0.0648259 -0.0710017 0.18051]]
weight = 9.48752e-05 mean = [-2.59973 1.95222 -2.44807] covariance = [[3.26712e-05 6.85952e-06 1.63127e-06][6.85952e-06 3.37964e-05 -1.28179e-06][1.63127e-06 -1.28179e-06 4.0483e-05]]
weight = 0.0830441 mean = [-2.30329 1.24444 -2.2485] covariance = [[0.230477 -0.0267379 -0.0474088][-0.0267379 0.0814629 -0.0137417][-0.0474088 -0.0137417 0.167989]]
weight = 9.48752e-05 mean = [-2.60386 1.95601 -2.44727] covariance = [[3.26712e-05 6.85952e-06 1.63127e-06][6.85952e-06 3.37964e-05 -1.28179e-06][1.63127e-06 -1.28179e-06 4.0483e-05]]
weight = 0.0563751 mean = [-2.17034 2.03445 -2.39825] covariance = [[0.0120866 -0.0307279 -0.0157916][-0.0307279 1.18801 0.458613][-0.0157916 0.458613 0.227645]]
weight = 0.739672 mean = [-2.20074 3.19888 -1.93172] covariance = [[1.84365e-05 2.21416e-05 -1.18801e-06][2.21416e-05 4.35531e-05 1.2039e-05][-1.18801e-06 1.2039e-05 1.3794e-05]]
]
2025-05-29 09:41:46 INFO  ren0 [gaussian_mixture_model.h:215] Before splitting
2025-05-29 09:41:46 INFO  ren0 [gaussian_mixture_model.h:216] GMM[
weight = 0.00585177 mean = [-2.654 1.73712 -3.02954] covariance = [[0.252104 -0.192352 0.256837][-0.192352 0.270374 -0.280795][0.256837 -0.280795 0.528219]]
weight = 0.00733677 mean = [-3.31442 2.40766 -4.0681] covariance = [[0.0544684 -0.0423566 0.0425889][-0.0423566 0.0505481 -0.0450756][0.0425889 -0.0450756 0.0831619]]
weight = 0.0857498 mean = [-2.21013 3.54804 -1.7873] covariance = [[0.00094574 -0.00996899 -0.00398842][-0.00996899 0.528728 0.225515][-0.00398842 0.225515 0.0973342]]
weight = 0.00588471 mean = [-2.28176 1.30572 -2.41465] covariance = [[0.0848732 -0.0360707 0.0457795][-0.0360707 0.0794302 -0.0430258][0.0457795 -0.0430258 0.129862]]
weight = 0.0001869 mean = [-2.59973 1.95222 -2.44807] covariance = [[3.26712e-05 6.85952e-06 1.63127e-06][6.85952e-06 3.37964e-05 -1.28179e-06][1.63127e-06 -1.28179e-06 4.0483e-05]]
weight = 9.48752e-05 mean = [-2.60386 1.95601 -2.44727] covariance = [[3.26712e-05 6.85952e-06 1.63127e-06][6.85952e-06 3.37964e-05 -1.28179e-06][1.63127e-06 -1.28179e-06 4.0483e-05]]
weight = 0.102285 mean = [-2.19105 1.58303 -2.29276] covariance = [[0.112154 -0.127823 -0.0846012][-0.127823 1.19532 0.307314][-0.0846012 0.307314 0.226096]]
weight = 0.792705 mean = [-2.20002 3.20023 -1.93204] covariance = [[1.96553e-05 1.91295e-05 1.06944e-06][1.91295e-05 2.89697e-05 1.15017e-05][1.06944e-06 1.15017e-05 1.40211e-05]]
]
2025-05-29 09:41:46 INFO  ren0 [gaussian_mixture_model.h:218] Before merging
2025-05-29 09:41:46 INFO  ren0 [gaussian_mixture_model.h:219] GMM[
weight = 0.00292589 mean = [-2.43984 1.50762 -2.68343] covariance = [[0.160386 -0.0940511 0.10859][-0.0940511 0.165039 -0.121924][0.10859 -0.121924 0.288638]]
weight = 0.00292589 mean = [-2.86816 1.96663 -3.37566] covariance = [[0.160386 -0.0940511 0.10859][-0.0940511 0.165039 -0.121924][0.10859 -0.121924 0.288638]]
weight = 0.00733677 mean = [-3.31442 2.40766 -4.0681] covariance = [[0.0544684 -0.0423566 0.0425889][-0.0423566 0.0505481 -0.0450756][0.0425889 -0.0450756 0.0831619]]
weight = 0.0857498 mean = [-2.21013 3.54804 -1.7873] covariance = [[0.00094574 -0.00996899 -0.00398842][-0.00996899 0.528728 0.225515][-0.00398842 0.225515 0.0973342]]
weight = 0.00294235 mean = [-2.17518 1.20623 -2.25485] covariance = [[0.0621631 -0.0148627 0.0117147][-0.0148627 0.0596437 -0.0112281][0.0117147 -0.0112281 0.0787973]]
weight = 0.0001869 mean = [-2.59973 1.95222 -2.44807] covariance = [[3.26712e-05 6.85952e-06 1.63127e-06][6.85952e-06 3.37964e-05 -1.28179e-06][1.63127e-06 -1.28179e-06 4.0483e-05]]
weight = 0.00294235 mean = [-2.38834 1.40521 -2.57445] covariance = [[0.0621631 -0.0148627 0.0117147][-0.0148627 0.0596437 -0.0112281][0.0117147 -0.0112281 0.0787973]]
weight = 9.48752e-05 mean = [-2.60386 1.95601 -2.44727] covariance = [[3.26712e-05 6.85952e-06 1.63127e-06][6.85952e-06 3.37964e-05 -1.28179e-06][1.63127e-06 -1.28179e-06 4.0483e-05]]
weight = 0.102285 mean = [-2.19105 1.58303 -2.29276] covariance = [[0.112154 -0.127823 -0.0846012][-0.127823 1.19532 0.307314][-0.0846012 0.307314 0.226096]]
weight = 0.792705 mean = [-2.20002 3.20023 -1.93204] covariance = [[1.96553e-05 1.91295e-05 1.06944e-06][1.91295e-05 2.89697e-05 1.15017e-05][1.06944e-06 1.15017e-05 1.40211e-05]]
]
2025-05-29 09:41:46 INFO  ren0 [gaussian_mixture_model.h:215] Before splitting
2025-05-29 09:41:46 INFO  ren0 [gaussian_mixture_model.h:216] GMM[
weight = 0.00687244 mean = [-2.42367 1.47361 -2.74255] covariance = [[0.157287 -0.120333 0.171824][-0.120333 0.194779 -0.240846][0.171824 -0.240846 0.556259]]
weight = 0.00759218 mean = [-2.73892 1.99383 -3.76423] covariance = [[0.205755 -0.0998331 -0.00176692][-0.0998331 0.150929 -0.073349][-0.00176692 -0.073349 0.274937]]
weight = 0.00760796 mean = [-2.97217 2.18095 -4.06312] covariance = [[0.0673437 -0.0413649 0.0102257][-0.0413649 0.0318446 -0.0147929][0.0102257 -0.0147929 0.0339589]]
weight = 0.187391 mean = [-2.1982 3.15268 -1.95855] covariance = [[0.000189733 -0.00284536 -0.00127811][-0.00284536 0.123006 0.0538844][-0.00127811 0.0538844 0.0237394]]
weight = 0.0113243 mean = [-2.19697 1.13459 -2.23394] covariance = [[0.0317216 -0.0176153 0.017506][-0.0176153 0.0434897 -0.0212953][0.017506 -0.0212953 0.0789334]]
weight = 0.0066433 mean = [-2.35769 1.34181 -2.51568] covariance = [[0.0440876 -0.0324309 0.0109654][-0.0324309 0.0568673 -0.0187114][0.0109654 -0.0187114 0.0584674]]
weight = 0.000281749 mean = [-2.60112 1.9535 -2.4478] covariance = [[4.64834e-05 3.35888e-06 8.89275e-07][3.35888e-06 4.70109e-05 -6.00431e-07][8.89275e-07 -6.00431e-07 5.06275e-05]]
weight = 0.106827 mean = [-2.15756 1.40374 -2.27846] covariance = [[0.129646 -0.00676106 -0.0548141][-0.00676106 0.730585 0.216976][-0.0548141 0.216976 0.288246]]
weight = 0.665741 mean = [-2.20038 3.19977 -1.93205] covariance = [[1.60514e-05 1.26283e-05 -3.61953e-07][1.26283e-05 1.7987e-05 8.51884e-06][-3.61953e-07 8.51884e-06 1.31866e-05]]
]
2025-05-29 09:41:46 INFO  ren0 [gaussian_mixture_model.h:218] Before merging
2025-05-29 09:41:46 INFO  ren0 [gaussian_mixture_model.h:219] GMM[
weight = 0.00343622 mean = [-2.28026 1.28517 -2.3802] covariance = [[0.116159 -0.0662829 0.0678869][-0.0662829 0.123775 -0.104286][0.0678869 -0.104286 0.293665]]
weight = 0.00759218 mean = [-2.73892 1.99383 -3.76423] covariance = [[0.205755 -0.0998331 -0.00176692][-0.0998331 0.150929 -0.073349][-0.00176692 -0.073349 0.274937]]
weight = 0.00760796 mean = [-2.97217 2.18095 -4.06312] covariance = [[0.0673437 -0.0413649 0.0102257][-0.0413649 0.0318446 -0.0147929][0.0102257 -0.0147929 0.0339589]]
weight = 0.187391 mean = [-2.1982 3.15268 -1.95855] covariance = [[0.000189733 -0.00284536 -0.00127811][-0.00284536 0.123006 0.0538844][-0.00127811 0.0538844 0.0237394]]
weight = 0.0113243 mean = [-2.19697 1.13459 -2.23394] covariance = [[0.0317216 -0.0176153 0.017506][-0.0176153 0.0434897 -0.0212953][0.017506 -0.0212953 0.0789334]]
weight = 0.00343622 mean = [-2.56709 1.66204 -3.10491] covariance = [[0.116159 -0.0662829 0.0678869][-0.0662829 0.123775 -0.104286][0.0678869 -0.104286 0.293665]]
weight = 0.0066433 mean = [-2.35769 1.34181 -2.51568] covariance = [[0.0440876 -0.0324309 0.0109654][-0.0324309 0.0568673 -0.0187114][0.0109654 -0.0187114 0.0584674]]
weight = 0.000281749 mean = [-2.60112 1.9535 -2.4478] covariance = [[4.64834e-05 3.35888e-06 8.89275e-07][3.35888e-06 4.70109e-05 -6.00431e-07][8.89275e-07 -6.00431e-07 5.06275e-05]]
weight = 0.106827 mean = [-2.15756 1.40374 -2.27846] covariance = [[0.129646 -0.00676106 -0.0548141][-0.00676106 0.730585 0.216976][-0.0548141 0.216976 0.288246]]
weight = 0.665741 mean = [-2.20038 3.19977 -1.93205] covariance = [[1.60514e-05 1.26283e-05 -3.61953e-07][1.26283e-05 1.7987e-05 8.51884e-06][-3.61953e-07 8.51884e-06 1.31866e-05]]
]
2025-05-29 09:41:47 INFO  ren0 [gaussian_mixture_model.h:215] Before splitting
2025-05-29 09:41:47 INFO  ren0 [gaussian_mixture_model.h:216] GMM[
weight = 0.00589872 mean = [-3.0183 2.01665 -3.71525] covariance = [[0.333447 -0.162793 -0.0560879][-0.162793 0.163803 -0.00336662][-0.0560879 -0.00336662 0.253731]]
weight = 0.002017 mean = [-2.97233 2.17898 -4.06253] covariance = [[0.0675129 -0.0417086 0.0101835][-0.0417086 0.0331971 -0.0150995][0.0101835 -0.0150995 0.0336169]]
weight = 0.27114 mean = [-2.20247 3.2766 -1.90177] covariance = [[9.05676e-05 -0.00291266 -0.00130312][-0.00291266 0.151948 0.0663588][-0.00130312 0.0663588 0.0290101]]
weight = 0.0022526 mean = [-2.52768 1.48913 -2.85763] covariance = [[0.15438 -0.109801 0.182246][-0.109801 0.139248 -0.169128][0.182246 -0.169128 0.450887]]
weight = 0.0575172 mean = [-2.17853 1.11314 -2.25393] covariance = [[0.024109 -0.0168512 0.0138479][-0.0168512 0.0349412 -0.0173646][0.0138479 -0.0173646 0.0477694]]
weight = 0.000281669 mean = [-2.60112 1.9535 -2.4478] covariance = [[4.64834e-05 3.35888e-06 8.89275e-07][3.35888e-06 4.70109e-05 -6.00431e-07][8.89275e-07 -6.00431e-07 5.06275e-05]]
weight = 0.0997293 mean = [-2.28751 1.33644 -2.19367] covariance = [[0.151882 -0.00805487 -0.0641203][-0.00805487 0.53777 0.124149][-0.0641203 0.124149 0.189581]]
weight = 0.561445 mean = [-2.20047 3.19962 -1.93207] covariance = [[1.39111e-05 1.00404e-05 -1.00498e-06][1.00404e-05 1.45011e-05 7.3223e-06][-1.00498e-06 7.3223e-06 1.26133e-05]]
]
2025-05-29 09:41:47 INFO  ren0 [gaussian_mixture_model.h:218] Before merging
2025-05-29 09:41:47 INFO  ren0 [gaussian_mixture_model.h:219] GMM[
weight = 0.00294936 mean = [-3.29817 2.17853 -3.63544] covariance = [[0.176802 -0.0721844 -0.011418][-0.0721844 0.111406 -0.0292035][-0.011418 -0.0292035 0.241003]]
weight = 0.00294936 mean = [-2.73843 1.85478 -3.79505] covariance = [[0.176802 -0.0721844 -0.011418][-0.0721844 0.111406 -0.0292035][-0.011418 -0.0292035 0.241003]]
weight = 0.002017 mean = [-2.97233 2.17898 -4.06253] covariance = [[0.0675129 -0.0417086 0.0101835][-0.0417086 0.0331971 -0.0150995][0.0101835 -0.0150995 0.0336169]]
weight = 0.13557 mean = [-2.19872 3.0817 -1.9869] covariance = [[7.24225e-05 -0.00145039 -0.000664405][-0.00145039 0.0759862 0.0331747][-0.000664405 0.0331747 0.0145254]]
weight = 0.13557 mean = [-2.20622 3.4715 -1.81664] covariance = [[7.24225e-05 -0.00145039 -0.000664405][-0.00145039 0.0759862 0.0331747][-0.000664405 0.0331747 0.0145254]]
weight = 0.0022526 mean = [-2.52768 1.48913 -2.85763] covariance = [[0.15438 -0.109801 0.182246][-0.109801 0.139248 -0.169128][0.182246 -0.169128 0.450887]]
weight = 0.0575172 mean = [-2.17853 1.11314 -2.25393] covariance = [[0.024109 -0.0168512 0.0138479][-0.0168512 0.0349412 -0.0173646][0.0138479 -0.0173646 0.0477694]]
weight = 0.000281669 mean = [-2.60112 1.9535 -2.4478] covariance = [[4.64834e-05 3.35888e-06 8.89275e-07][3.35888e-06 4.70109e-05 -6.00431e-07][8.89275e-07 -6.00431e-07 5.06275e-05]]
weight = 0.0997293 mean = [-2.28751 1.33644 -2.19367] covariance = [[0.151882 -0.00805487 -0.0641203][-0.00805487 0.53777 0.124149][-0.0641203 0.124149 0.189581]]
weight = 0.561445 mean = [-2.20047 3.19962 -1.93207] covariance = [[1.39111e-05 1.00404e-05 -1.00498e-06][1.00404e-05 1.45011e-05 7.3223e-06][-1.00498e-06 7.3223e-06 1.26133e-05]]
]
2025-05-29 09:41:47 INFO  ren0 [gaussian_mixture_model.h:215] Before splitting
2025-05-29 09:41:47 INFO  ren0 [gaussian_mixture_model.h:216] GMM[
weight = 0.00340261 mean = [-3.2656 2.24404 -3.74968] covariance = [[0.25889 -0.122235 -0.160767][-0.122235 0.180278 -0.00284608][-0.160767 -0.00284608 0.33354]]
weight = 0.00570307 mean = [-2.85998 1.98668 -4.01092] covariance = [[0.118407 -0.050304 -0.0454391][-0.050304 0.0773738 -0.0290816][-0.0454391 -0.0290816 0.203485]]
weight = 0.00846199 mean = [-2.80179 2.02591 -4.23264] covariance = [[0.0119323 -0.00797704 -0.0036806][-0.00797704 0.0059061 0.00233513][-0.0036806 0.00233513 0.00465172]]
weight = 0.165641 mean = [-2.20158 3.23086 -1.92104] covariance = [[4.58346e-05 -0.00109344 -0.000498713][-0.00109344 0.0589889 0.025753][-0.000498713 0.025753 0.0112628]]
weight = 0.0708845 mean = [-2.20103 3.20481 -1.93223] covariance = [[1.97081e-05 4.00008e-05 3.04313e-06][4.00008e-05 0.00115227 0.000522331][3.04313e-06 0.000522331 0.000251158]]
weight = 0.0874213 mean = [-2.22791 1.11369 -2.22671] covariance = [[0.0144697 -0.00453053 0.00271078][-0.00453053 0.0263792 -0.0145135][0.00271078 -0.0145135 0.0552532]]
weight = 0.00028159 mean = [-2.60112 1.9535 -2.4478] covariance = [[4.64834e-05 3.35888e-06 8.89275e-07][3.35888e-06 4.70109e-05 -6.00431e-07][8.89275e-07 -6.00431e-07 5.06275e-05]]
weight = 0.0877089 mean = [-2.2803 1.77002 -2.14958] covariance = [[0.0988313 -0.00976273 -0.0219868][-0.00976273 1.11933 0.202522][-0.0219868 0.202522 0.154027]]
weight = 0.570777 mean = [-2.20042 3.19969 -1.93218] covariance = [[1.25765e-05 7.78721e-06 -1.24817e-06][7.78721e-06 1.05838e-05 5.98476e-06][-1.24817e-06 5.98476e-06 1.18517e-05]]
]
2025-05-29 09:41:47 INFO  ren0 [gaussian_mixture_model.h:218] Before merging
2025-05-29 09:41:47 INFO  ren0 [gaussian_mixture_model.h:219] GMM[
weight = 0.0017013 mean = [-3.0382 2.15398 -3.99559] covariance = [[0.155485 -0.0812797 -0.0489302][-0.0812797 0.164069 -0.0471367][-0.0489302 -0.0471367 0.212605]]
weight = 0.00570307 mean = [-2.85998 1.98668 -4.01092] covariance = [[0.118407 -0.050304 -0.0454391][-0.050304 0.0773738 -0.0290816][-0.0454391 -0.0290816 0.203485]]
weight = 0.00846199 mean = [-2.80179 2.02591 -4.23264] covariance = [[0.0119323 -0.00797704 -0.0036806][-0.00797704 0.0059061 0.00233513][-0.0036806 0.00233513 0.00465172]]
weight = 0.165641 mean = [-2.20158 3.23086 -1.92104] covariance = [[4.58346e-05 -0.00109344 -0.000498713][-0.00109344 0.0589889 0.025753][-0.000498713 0.025753 0.0112628]]
weight = 0.0708845 mean = [-2.20103 3.20481 -1.93223] covariance = [[1.97081e-05 4.00008e-05 3.04313e-06][4.00008e-05 0.00115227 0.000522331][3.04313e-06 0.000522331 0.000251158]]
weight = 0.0017013 mean = [-3.49299 2.33409 -3.50377] covariance = [[0.155485 -0.0812797 -0.0489302][-0.0812797 0.164069 -0.0471367][-0.0489302 -0.0471367 0.212605]]
weight = 0.0874213 mean = [-2.22791 1.11369 -2.22671] covariance = [[0.0144697 -0.00453053 0.00271078][-0.00453053 0.0263792 -0.0145135][0.00271078 -0.0145135 0.0552532]]
weight = 0.00028159 mean = [-2.60112 1.9535 -2.4478] covariance = [[4.64834e-05 3.35888e-06 8.89275e-07][3.35888e-06 4.70109e-05 -6.00431e-07][8.89275e-07 -6.00431e-07 5.06275e-05]]
weight = 0.0877089 mean = [-2.2803 1.77002 -2.14958] covariance = [[0.0988313 -0.00976273 -0.0219868][-0.00976273 1.11933 0.202522][-0.0219868 0.202522 0.154027]]
weight = 0.570777 mean = [-2.20042 3.19969 -1.93218] covariance = [[1.25765e-05 7.78721e-06 -1.24817e-06][7.78721e-06 1.05838e-05 5.98476e-06][-1.24817e-06 5.98476e-06 1.18517e-05]]
]
2025-05-29 09:41:47 INFO  ren0 [gaussian_mixture_model.h:215] Before splitting
2025-05-29 09:41:47 INFO  ren0 [gaussian_mixture_model.h:216] GMM[
weight = 0.00296083 mean = [-3.05957 2.12918 -3.94357] covariance = [[0.197263 -0.182405 -0.045466][-0.182405 0.316216 -0.0449789][-0.045466 -0.0449789 0.175072]]
weight = 0.00506924 mean = [-2.90742 2.05984 -4.02206] covariance = [[0.128597 -0.131003 0.00980544][-0.131003 0.205613 -0.0469002][0.00980544 -0.0469002 0.117905]]
weight = 0.00232213 mean = [-2.80198 2.02624 -4.23257] covariance = [[0.0119344 -0.00799837 -0.00368063][-0.00799837 0.00595444 0.00234323][-0.00368063 0.00234323 0.00464613]]
weight = 0.0542008 mean = [-2.20134 3.22666 -1.92302] covariance = [[4.51441e-05 -0.000909184 -0.000420715][-0.000909184 0.049593 0.0216531][-0.000420715 0.0216531 0.00947579]]
weight = 0.00325082 mean = [-5.0829 2.19947 -2.09374] covariance = [[1.68196 0.0640002 -1.46657][0.0640002 0.104767 -0.131337][-1.46657 -0.131337 1.47387]]
weight = 0.0721537 mean = [-2.20578 1.09073 -2.25207] covariance = [[0.0156469 -0.00364356 0.000866161][-0.00364356 0.02347 -0.0169892][0.000866161 -0.0169892 0.0657183]]
weight = 0.000281511 mean = [-2.60112 1.9535 -2.4478] covariance = [[4.64834e-05 3.35888e-06 8.89275e-07][3.35888e-06 4.70109e-05 -6.00431e-07][8.89275e-07 -6.00431e-07 5.06275e-05]]
weight = 0.0573973 mean = [-2.28379 2.11183 -2.06642] covariance = [[0.110168 0.0228894 -0.00831806][0.0228894 1.63569 0.410587][-0.00831806 0.410587 0.263855]]
weight = 0.802645 mean = [-2.20058 3.20067 -1.93232] covariance = [[1.61826e-05 1.40901e-05 1.64988e-06][1.40901e-05 2.34504e-05 1.3668e-05][1.64988e-06 1.3668e-05 1.6893e-05]]
]
2025-05-29 09:41:47 INFO  ren0 [gaussian_mixture_model.h:218] Before merging
2025-05-29 09:41:47 INFO  ren0 [gaussian_mixture_model.h:219] GMM[
weight = 0.00148041 mean = [-2.86457 1.85704 -3.93125] covariance = [[0.121222 -0.0762693 -0.0502716][-0.0762693 0.168103 -0.0382723][-0.0502716 -0.0382723 0.174779]]
weight = 0.00506924 mean = [-2.90742 2.05984 -4.02206] covariance = [[0.128597 -0.131003 0.00980544][-0.131003 0.205613 -0.0469002][0.00980544 -0.0469002 0.117905]]
weight = 0.00232213 mean = [-2.80198 2.02624 -4.23257] covariance = [[0.0119344 -0.00799837 -0.00368063][-0.00799837 0.00595444 0.00234323][-0.00368063 0.00234323 0.00464613]]
weight = 0.0542008 mean = [-2.20134 3.22666 -1.92302] covariance = [[4.51441e-05 -0.000909184 -0.000420715][-0.000909184 0.049593 0.0216531][-0.000420715 0.0216531 0.00947579]]
weight = 0.00148041 mean = [-3.25457 2.40132 -3.9559] covariance = [[0.121222 -0.0762693 -0.0502716][-0.0762693 0.168103 -0.0382723][-0.0502716 -0.0382723 0.174779]]
weight = 0.00325082 mean = [-5.0829 2.19947 -2.09374] covariance = [[1.68196 0.0640002 -1.46657][0.0640002 0.104767 -0.131337][-1.46657 -0.131337 1.47387]]
weight = 0.0721537 mean = [-2.20578 1.09073 -2.25207] covariance = [[0.0156469 -0.00364356 0.000866161][-0.00364356 0.02347 -0.0169892][0.000866161 -0.0169892 0.0657183]]
weight = 0.000281511 mean = [-2.60112 1.9535 -2.4478] covariance = [[4.64834e-05 3.35888e-06 8.89275e-07][3.35888e-06 4.70109e-05 -6.00431e-07][8.89275e-07 -6.00431e-07 5.06275e-05]]
weight = 0.0573973 mean = [-2.28379 2.11183 -2.06642] covariance = [[0.110168 0.0228894 -0.00831806][0.0228894 1.63569 0.410587][-0.00831806 0.410587 0.263855]]
weight = 0.802645 mean = [-2.20058 3.20067 -1.93232] covariance = [[1.61826e-05 1.40901e-05 1.64988e-06][1.40901e-05 2.34504e-05 1.3668e-05][1.64988e-06 1.3668e-05 1.6893e-05]]
]
2025-05-29 09:41:47 INFO  ren0 [gaussian_mixture_model.h:215] Before splitting
2025-05-29 09:41:47 INFO  ren0 [gaussian_mixture_model.h:216] GMM[
weight = 0.00128131 mean = [-2.92858 1.955 -3.83883] covariance = [[0.204744 -0.189864 -0.0281413][-0.189864 0.36313 -0.0650048][-0.0281413 -0.0650048 0.172722]]
weight = 0.00306211 mean = [-2.74312 1.9206 -3.89492] covariance = [[0.157655 -0.18135 0.00600098][-0.18135 0.293318 -0.00184633][0.00600098 -0.00184633 0.0923062]]
weight = 0.000622775 mean = [-2.80207 2.0263 -4.23253] covariance = [[0.0119659 -0.00801937 -0.00369224][-0.00801937 0.0059687 0.00235043][-0.00369224 0.00235043 0.00465027]]
weight = 0.000312065 mean = [-3.02608 2.39527 -3.62533] covariance = [[0.157718 -0.106064 -0.0407731][-0.106064 0.223931 0.0411159][-0.0407731 0.0411159 0.0767379]]
weight = 0.00342789 mean = [-4.92767 2.38701 -2.35078] covariance = [[1.04063 -0.105299 -0.621999][-0.105299 0.183081 -0.116569][-0.621999 -0.116569 0.722526]]
weight = 0.0719344 mean = [-2.18094 1.13654 -2.36527] covariance = [[0.0137947 -0.00137542 0.00494578][-0.00137542 0.0247487 -0.00677821][0.00494578 -0.00677821 0.0796096]]
weight = 0.000281432 mean = [-2.60112 1.9535 -2.4478] covariance = [[4.64834e-05 3.35888e-06 8.89275e-07][3.35888e-06 4.70109e-05 -6.00431e-07][8.89275e-07 -6.00431e-07 5.06275e-05]]
weight = 0.10757 mean = [-2.26973 2.41761 -2.13224] covariance = [[0.0890133 0.0743184 0.00510819][0.0743184 1.00996 0.291603][0.00510819 0.291603 0.179705]]
weight = 0.81179 mean = [-2.20056 3.20169 -1.93207] covariance = [[1.8206e-05 2.66281e-05 5.57458e-06][2.66281e-05 9.8409e-05 5.5325e-05][5.57458e-06 5.5325e-05 4.16088e-05]]
]
2025-05-29 09:41:47 INFO  ren0 [gaussian_mixture_model.h:218] Before merging
2025-05-29 09:41:47 INFO  ren0 [gaussian_mixture_model.h:219] GMM[
weight = 0.000640653 mean = [-2.7402 1.66128 -3.79596] covariance = [[0.133785 -0.0792045 -0.0442955][-0.0792045 0.190594 -0.0398162][-0.0442955 -0.0398162 0.169055]]
weight = 0.00306211 mean = [-2.74312 1.9206 -3.89492] covariance = [[0.157655 -0.18135 0.00600098][-0.18135 0.293318 -0.00184633][0.00600098 -0.00184633 0.0923062]]
weight = 0.000622775 mean = [-2.80207 2.0263 -4.23253] covariance = [[0.0119659 -0.00801937 -0.00369224][-0.00801937 0.0059687 0.00235043][-0.00369224 0.00235043 0.00465027]]
weight = 0.000640653 mean = [-3.11695 2.24872 -3.88171] covariance = [[0.133785 -0.0792045 -0.0442955][-0.0792045 0.190594 -0.0398162][-0.0442955 -0.0398162 0.169055]]
weight = 0.000312065 mean = [-3.02608 2.39527 -3.62533] covariance = [[0.157718 -0.106064 -0.0407731][-0.106064 0.223931 0.0411159][-0.0407731 0.0411159 0.0767379]]
weight = 0.00342789 mean = [-4.92767 2.38701 -2.35078] covariance = [[1.04063 -0.105299 -0.621999][-0.105299 0.183081 -0.116569][-0.621999 -0.116569 0.722526]]
weight = 0.0719344 mean = [-2.18094 1.13654 -2.36527] covariance = [[0.0137947 -0.00137542 0.00494578][-0.00137542 0.0247487 -0.00677821][0.00494578 -0.00677821 0.0796096]]
weight = 0.000281432 mean = [-2.60112 1.9535 -2.4478] covariance = [[4.64834e-05 3.35888e-06 8.89275e-07][3.35888e-06 4.70109e-05 -6.00431e-07][8.89275e-07 -6.00431e-07 5.06275e-05]]
weight = 0.10757 mean = [-2.26973 2.41761 -2.13224] covariance = [[0.0890133 0.0743184 0.00510819][0.0743184 1.00996 0.291603][0.00510819 0.291603 0.179705]]
weight = 0.81179 mean = [-2.20056 3.20169 -1.93207] covariance = [[1.8206e-05 2.66281e-05 5.57458e-06][2.66281e-05 9.8409e-05 5.5325e-05][5.57458e-06 5.5325e-05 4.16088e-05]]
]
2025-05-29 09:41:47 INFO  ren0 [gaussian_mixture_model.h:215] Before splitting
2025-05-29 09:41:47 INFO  ren0 [gaussian_mixture_model.h:216] GMM[
weight = 0.000157677 mean = [-2.80279 2.0267 -4.23211] covariance = [[0.0122217 -0.00816299 -0.00384604][-0.00816299 0.00604951 0.00243588][-0.00384604 0.00243588 0.00473799]]
weight = 0.0112453 mean = [-3.05007 2.1146 -3.95092] covariance = [[0.158488 -0.105738 0.0250694][-0.105738 0.0889162 -0.016505][0.0250694 -0.016505 0.0117799]]
weight = 0.00319632 mean = [-3.71634 2.2731 -3.24391] covariance = [[2.26338 -0.544879 -0.525964][-0.544879 0.264592 -0.0976037][-0.525964 -0.0976037 0.83935]]
weight = 0.0754246 mean = [-2.18979 1.15496 -2.31527] covariance = [[0.0109106 -0.00350442 0.000814299][-0.00350442 0.0259149 -0.00670444][0.000814299 -0.00670444 0.0721642]]
weight = 0.000281352 mean = [-2.60112 1.9535 -2.4478] covariance = [[4.64834e-05 3.35888e-06 8.89275e-07][3.35888e-06 4.70109e-05 -6.00431e-07][8.89275e-07 -6.00431e-07 5.06275e-05]]
weight = 0.123685 mean = [-2.22502 2.75803 -2.02847] covariance = [[0.0808786 0.0408134 -0.00083866][0.0408134 0.90584 0.243604][-0.00083866 0.243604 0.195467]]
weight = 0.786291 mean = [-2.20026 3.20114 -1.93222] covariance = [[1.64252e-05 1.67245e-05 2.02655e-06][1.67245e-05 3.89573e-05 2.36004e-05][2.02655e-06 2.36004e-05 2.43744e-05]]
]
2025-05-29 09:41:47 INFO  ren0 [gaussian_mixture_model.h:218] Before merging
2025-05-29 09:41:47 INFO  ren0 [gaussian_mixture_model.h:219] GMM[
weight = 7.88386e-05 mean = [-2.85742 2.06421 -4.21138] covariance = [[0.00626211 -0.00406448 -0.00158148][-0.00406448 0.00324564 0.000881122][-0.00158148 0.000881122 0.00388893]]
weight = 0.00562264 mean = [-3.24648 2.25652 -3.9829] covariance = [[0.0813408 -0.0499873 0.0125054][-0.0499873 0.0486425 -0.00742673][0.0125054 -0.00742673 0.00974399]]
weight = 7.88386e-05 mean = [-2.74816 1.9892 -4.25283] covariance = [[0.00626211 -0.00406448 -0.00158148][-0.00406448 0.00324564 0.000881122][-0.00158148 0.000881122 0.00388893]]
weight = 0.00159816 mean = [-4.46341 2.44233 -3.02289] covariance = [[1.14716 -0.292017 -0.195728][-0.292017 0.20732 -0.172413][-0.195728 -0.172413 0.74166]]
weight = 0.00562264 mean = [-2.85366 1.97268 -3.91893] covariance = [[0.0813408 -0.0499873 0.0125054][-0.0499873 0.0486425 -0.00742673][0.0125054 -0.00742673 0.00974399]]
weight = 0.00159816 mean = [-2.96927 2.10386 -3.46493] covariance = [[1.14716 -0.292017 -0.195728][-0.292017 0.20732 -0.172413][-0.195728 -0.172413 0.74166]]
weight = 0.0754246 mean = [-2.18979 1.15496 -2.31527] covariance = [[0.0109106 -0.00350442 0.000814299][-0.00350442 0.0259149 -0.00670444][0.000814299 -0.00670444 0.0721642]]
weight = 0.000281352 mean = [-2.60112 1.9535 -2.4478] covariance = [[4.64834e-05 3.35888e-06 8.89275e-07][3.35888e-06 4.70109e-05 -6.00431e-07][8.89275e-07 -6.00431e-07 5.06275e-05]]
weight = 0.123685 mean = [-2.22502 2.75803 -2.02847] covariance = [[0.0808786 0.0408134 -0.00083866][0.0408134 0.90584 0.243604][-0.00083866 0.243604 0.195467]]
weight = 0.786291 mean = [-2.20026 3.20114 -1.93222] covariance = [[1.64252e-05 1.67245e-05 2.02655e-06][1.67245e-05 3.89573e-05 2.36004e-05][2.02655e-06 2.36004e-05 2.43744e-05]]
]
2025-05-29 09:41:47 INFO  ren0 [gaussian_mixture_model.h:215] Before splitting
2025-05-29 09:41:47 INFO  ren0 [gaussian_mixture_model.h:216] GMM[
weight = 4.10292e-05 mean = [-3.00084 2.13562 -4.148] covariance = [[0.00285179 -1.49017e-06 -0.0012017][-1.49017e-06 1.0772e-05 8.2807e-07][-0.0012017 8.2807e-07 0.000516707]]
weight = 0.000624461 mean = [-3.23015 2.30015 -4.09639] covariance = [[0.228063 -0.119223 0.0114516][-0.119223 0.0691541 -0.00966407][0.0114516 -0.00966407 0.0195358]]
weight = 4.52463e-05 mean = [-2.8069 2.03223 -4.23027] covariance = [[0.0126356 -0.00819784 -0.00407238][-0.00819784 0.00632593 0.0024944][-0.00407238 0.0024944 0.00467542]]
weight = 0.0041779 mean = [-3.25643 1.90405 -2.77952] covariance = [[0.388377 -0.129917 -0.229464][-0.129917 0.435701 -0.36059][-0.229464 -0.36059 1.0614]]
weight = 0.00387859 mean = [-2.99565 2.08524 -3.96842] covariance = [[0.145085 -0.0984469 0.0183185][-0.0984469 0.090682 -0.0180136][0.0183185 -0.0180136 0.0179289]]
weight = 0.0101963 mean = [-2.9236 1.89352 -3.1761] covariance = [[0.609263 -0.165571 -0.0814023][-0.165571 0.28826 -0.353559][-0.0814023 -0.353559 0.958749]]
weight = 0.000281273 mean = [-2.60112 1.9535 -2.4478] covariance = [[4.64834e-05 3.35888e-06 8.89275e-07][3.35888e-06 4.70109e-05 -6.00431e-07][8.89275e-07 -6.00431e-07 5.06275e-05]]
weight = 0.228224 mean = [-2.24004 2.24715 -2.08289] covariance = [[0.0599556 0.0656588 0.00120752][0.0656588 1.25492 0.2286][0.00120752 0.2286 0.129317]]
weight = 0.752812 mean = [-2.20024 3.20059 -1.93235] covariance = [[1.60148e-05 1.33629e-05 7.29225e-07][1.33629e-05 2.23944e-05 1.29518e-05][7.29225e-07 1.29518e-05 1.69652e-05]]
]
2025-05-29 09:41:47 INFO  ren0 [gaussian_mixture_model.h:218] Before merging
2025-05-29 09:41:47 INFO  ren0 [gaussian_mixture_model.h:219] GMM[
weight = 2.05146e-05 mean = [-2.97414 2.1356 -4.15929] covariance = [[0.00143656 -7.07034e-07 -0.000599277][-7.07034e-07 2.07716e-05 4.97052e-07][-0.000599277 4.97052e-07 0.000272073]]
weight = 0.000624461 mean = [-3.23015 2.30015 -4.09639] covariance = [[0.228063 -0.119223 0.0114516][-0.119223 0.0691541 -0.00966407][0.0114516 -0.00966407 0.0195358]]
weight = 4.52463e-05 mean = [-2.8069 2.03223 -4.23027] covariance = [[0.0126356 -0.00819784 -0.00407238][-0.00819784 0.00632593 0.0024944][-0.00407238 0.0024944 0.00467542]]
weight = 0.0041779 mean = [-3.25643 1.90405 -2.77952] covariance = [[0.388377 -0.129917 -0.229464][-0.129917 0.435701 -0.36059][-0.229464 -0.36059 1.0614]]
weight = 0.00387859 mean = [-2.99565 2.08524 -3.96842] covariance = [[0.145085 -0.0984469 0.0183185][-0.0984469 0.090682 -0.0180136][0.0183185 -0.0180136 0.0179289]]
weight = 0.0101963 mean = [-2.9236 1.89352 -3.1761] covariance = [[0.609263 -0.165571 -0.0814023][-0.165571 0.28826 -0.353559][-0.0814023 -0.353559 0.958749]]
weight = 2.05146e-05 mean = [-3.02753 2.13563 -4.13672] covariance = [[0.00143656 -7.07034e-07 -0.000599277][-7.07034e-07 2.07716e-05 4.97052e-07][-0.000599277 4.97052e-07 0.000272073]]
weight = 0.000281273 mean = [-2.60112 1.9535 -2.4478] covariance = [[4.64834e-05 3.35888e-06 8.89275e-07][3.35888e-06 4.70109e-05 -6.00431e-07][8.89275e-07 -6.00431e-07 5.06275e-05]]
weight = 0.228224 mean = [-2.24004 2.24715 -2.08289] covariance = [[0.0599556 0.0656588 0.00120752][0.0656588 1.25492 0.2286][0.00120752 0.2286 0.129317]]
weight = 0.752812 mean = [-2.20024 3.20059 -1.93235] covariance = [[1.60148e-05 1.33629e-05 7.29225e-07][1.33629e-05 2.23944e-05 1.29518e-05][7.29225e-07 1.29518e-05 1.69652e-05]]
]
2025-05-29 09:41:48 INFO  ren0 [gaussian_mixture_model.h:215] Before splitting
2025-05-29 09:41:48 INFO  ren0 [gaussian_mixture_model.h:216] GMM[
weight = 2.72476e-05 mean = [-2.97414 2.1356 -4.15929] covariance = [[0.00143656 -7.07034e-07 -0.000599277][-7.07034e-07 2.07716e-05 4.97052e-07][-0.000599277 4.97052e-07 0.000272073]]
weight = 0.00166554 mean = [-2.81099 2.03901 -4.26298] covariance = [[7.08284e-05 -3.90497e-05 -2.08157e-05][-3.90497e-05 3.97332e-05 1.21296e-05][-2.08157e-05 1.21296e-05 3.47002e-05]]
weight = 0.00227762 mean = [-3.10291 2.14562 -4.1188] covariance = [[0.12082 -0.085851 0.0117497][-0.085851 0.0790252 -0.00929197][0.0117497 -0.00929197 0.0193573]]
weight = 0.00772965 mean = [-2.73994 1.65711 -2.74251] covariance = [[1.45548 -0.523108 -0.105799][-0.523108 0.39738 -0.108956][-0.105799 -0.108956 0.96296]]
weight = 2.05088e-05 mean = [-3.02753 2.13563 -4.13672] covariance = [[0.00143656 -7.07034e-07 -0.000599277][-7.07034e-07 2.07716e-05 4.97052e-07][-0.000599277 4.97052e-07 0.000272073]]
weight = 0.000281194 mean = [-2.60112 1.9535 -2.4478] covariance = [[4.64834e-05 3.35888e-06 8.89275e-07][3.35888e-06 4.70109e-05 -6.00431e-07][8.89275e-07 -6.00431e-07 5.06275e-05]]
weight = 0.305443 mean = [-2.22484 3.23597 -1.78858] covariance = [[0.0172997 -0.0372459 -0.0173996][-0.0372459 2.01614 0.609967][-0.0173996 0.609967 0.228417]]
weight = 0.682857 mean = [-2.19992 3.19962 -1.93141] covariance = [[1.42032e-05 1.04402e-05 -5.64692e-07][1.04402e-05 1.48438e-05 7.73865e-06][-5.64692e-07 7.73865e-06 1.30129e-05]]
]
2025-05-29 09:41:48 INFO  ren0 [gaussian_mixture_model.h:218] Before merging
2025-05-29 09:41:48 INFO  ren0 [gaussian_mixture_model.h:219] GMM[
weight = 2.72476e-05 mean = [-2.97414 2.1356 -4.15929] covariance = [[0.00143656 -7.07034e-07 -0.000599277][-7.07034e-07 2.07716e-05 4.97052e-07][-0.000599277 4.97052e-07 0.000272073]]
weight = 0.000832769 mean = [-2.81503 2.04171 -4.26133] covariance = [[4.81771e-05 -1.71933e-05 -7.46725e-06][-1.71933e-05 3.51028e-05 3.19429e-06][-7.46725e-06 3.19429e-06 3.92431e-05]]
weight = 0.000832769 mean = [-2.80695 2.0363 -4.26463] covariance = [[4.81771e-05 -1.71933e-05 -7.46725e-06][-1.71933e-05 3.51028e-05 3.19429e-06][-7.46725e-06 3.19429e-06 3.92431e-05]]
weight = 0.00386482 mean = [-3.33839 1.89769 -2.6904] covariance = [[0.739193 -0.235144 -0.0434306][-0.235144 0.281623 -0.134029][-0.0434306 -0.134029 0.957539]]
weight = 0.00227762 mean = [-3.10291 2.14562 -4.1188] covariance = [[0.12082 -0.085851 0.0117497][-0.085851 0.0790252 -0.00929197][0.0117497 -0.00929197 0.0193573]]
weight = 0.00386482 mean = [-2.14148 1.41652 -2.79462] covariance = [[0.739193 -0.235144 -0.0434306][-0.235144 0.281623 -0.134029][-0.0434306 -0.134029 0.957539]]
weight = 2.05088e-05 mean = [-3.02753 2.13563 -4.13672] covariance = [[0.00143656 -7.07034e-07 -0.000599277][-7.07034e-07 2.07716e-05 4.97052e-07][-0.000599277 4.97052e-07 0.000272073]]
weight = 0.000281194 mean = [-2.60112 1.9535 -2.4478] covariance = [[4.64834e-05 3.35888e-06 8.89275e-07][3.35888e-06 4.70109e-05 -6.00431e-07][8.89275e-07 -6.00431e-07 5.06275e-05]]
weight = 0.305443 mean = [-2.22484 3.23597 -1.78858] covariance = [[0.0172997 -0.0372459 -0.0173996][-0.0372459 2.01614 0.609967][-0.0173996 0.609967 0.228417]]
weight = 0.682857 mean = [-2.19992 3.19962 -1.93141] covariance = [[1.42032e-05 1.04402e-05 -5.64692e-07][1.04402e-05 1.48438e-05 7.73865e-06][-5.64692e-07 7.73865e-06 1.30129e-05]]
]
2025-05-29 09:41:48 INFO  ren0 [gaussian_mixture_model.h:215] Before splitting
2025-05-29 09:41:48 INFO  ren0 [gaussian_mixture_model.h:216] GMM[
weight = 0.000832517 mean = [-2.81503 2.04171 -4.26133] covariance = [[4.81771e-05 -1.71933e-05 -7.46725e-06][-1.71933e-05 3.51028e-05 3.19429e-06][-7.46725e-06 3.19429e-06 3.92431e-05]]
weight = 0.00199257 mean = [-2.80695 2.0363 -4.26463] covariance = [[4.81771e-05 -1.71933e-05 -7.46725e-06][-1.71933e-05 3.51028e-05 3.19429e-06][-7.46725e-06 3.19429e-06 3.92431e-05]]
weight = 0.00732674 mean = [-2.93833 1.49642 -2.48934] covariance = [[0.699554 -0.146976 0.334698][-0.146976 0.466277 -0.301101][0.334698 -0.301101 1.12377]]
weight = 0.00663851 mean = [-2.98212 1.90705 -3.96368] covariance = [[0.0366916 -0.0226262 0.00290543][-0.0226262 0.0287248 -0.00411864][0.00290543 -0.00411864 0.00672782]]
weight = 0.0129863 mean = [-2.30682 1.37926 -2.48401] covariance = [[0.721148 -0.125927 -0.0891595][-0.125927 0.212411 -0.102399][-0.0891595 -0.102399 0.844509]]
weight = 4.7742e-05 mean = [-2.99707 2.13562 -4.1496] covariance = [[0.00214498 -1.0908e-06 -0.000894491][-1.0908e-06 3.07718e-05 6.59265e-07][-0.000894491 6.59265e-07 0.000406855]]
weight = 9.52714e-06 mean = [-2.58583 1.94873 -2.44307] covariance = [[1.01376e-05 -1.03643e-07 1.29973e-07][-1.03643e-07 1.00782e-05 -9.79103e-08][1.29973e-07 -9.79103e-08 1.01228e-05]]
weight = 0.279735 mean = [-2.20601 2.6541 -1.9883] covariance = [[0.0132479 -0.0345974 -0.0156576][-0.0345974 1.74391 0.495818][-0.0156576 0.495818 0.183882]]
weight = 0.691312 mean = [-2.20012 3.19966 -1.93219] covariance = [[1.47368e-05 1.08245e-05 -4.47209e-07][1.08245e-05 1.50649e-05 7.74578e-06][-4.47209e-07 7.74578e-06 1.28622e-05]]
]
2025-05-29 09:41:48 INFO  ren0 [gaussian_mixture_model.h:218] Before merging
2025-05-29 09:41:48 INFO  ren0 [gaussian_mixture_model.h:219] GMM[
weight = 0.00366337 mean = [-3.20682 1.6932 -2.98471] covariance = [[0.555388 -0.0413085 0.0686948][-0.0413085 0.388841 -0.106144][0.0686948 -0.106144 0.633007]]
weight = 0.000832517 mean = [-2.81503 2.04171 -4.26133] covariance = [[4.81771e-05 -1.71933e-05 -7.46725e-06][-1.71933e-05 3.51028e-05 3.19429e-06][-7.46725e-06 3.19429e-06 3.92431e-05]]
weight = 0.00199257 mean = [-2.80695 2.0363 -4.26463] covariance = [[4.81771e-05 -1.71933e-05 -7.46725e-06][-1.71933e-05 3.51028e-05 3.19429e-06][-7.46725e-06 3.19429e-06 3.92431e-05]]
weight = 0.00366337 mean = [-2.66983 1.29964 -1.99398] covariance = [[0.555388 -0.0413085 0.0686948][-0.0413085 0.388841 -0.106144][0.0686948 -0.106144 0.633007]]
weight = 0.00663851 mean = [-2.98212 1.90705 -3.96368] covariance = [[0.0366916 -0.0226262 0.00290543][-0.0226262 0.0287248 -0.00411864][0.00290543 -0.00411864 0.00672782]]
weight = 0.0129863 mean = [-2.30682 1.37926 -2.48401] covariance = [[0.721148 -0.125927 -0.0891595][-0.125927 0.212411 -0.102399][-0.0891595 -0.102399 0.844509]]
weight = 4.7742e-05 mean = [-2.99707 2.13562 -4.1496] covariance = [[0.00214498 -1.0908e-06 -0.000894491][-1.0908e-06 3.07718e-05 6.59265e-07][-0.000894491 6.59265e-07 0.000406855]]
weight = 9.52714e-06 mean = [-2.58583 1.94873 -2.44307] covariance = [[1.01376e-05 -1.03643e-07 1.29973e-07][-1.03643e-07 1.00782e-05 -9.79103e-08][1.29973e-07 -9.79103e-08 1.01228e-05]]
weight = 0.279735 mean = [-2.20601 2.6541 -1.9883] covariance = [[0.0132479 -0.0345974 -0.0156576][-0.0345974 1.74391 0.495818][-0.0156576 0.495818 0.183882]]
weight = 0.691312 mean = [-2.20012 3.19966 -1.93219] covariance = [[1.47368e-05 1.08245e-05 -4.47209e-07][1.08245e-05 1.50649e-05 7.74578e-06][-4.47209e-07 7.74578e-06 1.28622e-05]]
]
2025-05-29 09:41:48 INFO  ren0 [gaussian_mixture_model.h:215] Before splitting
2025-05-29 09:41:48 INFO  ren0 [gaussian_mixture_model.h:216] GMM[
weight = 0.0089504 mean = [-2.97144 2.00498 -3.2874] covariance = [[0.506555 -0.0762815 -0.023472][-0.0762815 0.298024 -0.175096][-0.023472 -0.175096 0.738346]]
weight = 0.00216099 mean = [-2.80933 2.0379 -4.26366] covariance = [[7.17501e-05 -2.62789e-05 -1.30161e-05][-2.62789e-05 5.11845e-05 6.90863e-06][-1.30161e-05 6.90863e-06 5.15116e-05]]
weight = 0.00765579 mean = [-2.69907 1.59493 -2.37504] covariance = [[0.647225 0.05547 0.148185][0.05547 0.389009 -0.129082][0.148185 -0.129082 0.705752]]
weight = 0.0035389 mean = [-3.08575 2.01175 -4.04804] covariance = [[0.0650562 -0.0336445 0.0137081][-0.0336445 0.0363273 -0.0150931][0.0137081 -0.0150931 0.0153349]]
weight = 0.0302467 mean = [-2.40724 1.6608 -2.79754] covariance = [[0.578893 -0.114588 0.00330345][-0.114588 0.174392 -0.146958][0.00330345 -0.146958 0.794573]]
weight = 5.61147e-07 mean = [-2.74287 2.12682 -4.24383] covariance = [[1e-05 0 1.77636e-15][0 1e-05 0][1.77636e-15 0 1e-05]]
weight = 0.307003 mean = [-2.20126 2.55545 -2.05242] covariance = [[0.00775081 -0.0115596 -0.0069208][-0.0115596 1.37613 0.369646][-0.0069208 0.369646 0.132695]]
weight = 0.640444 mean = [-2.20025 3.19966 -1.93222] covariance = [[1.47659e-05 1.04378e-05 -6.52772e-07][1.04378e-05 1.431e-05 7.48472e-06][-6.52772e-07 7.48472e-06 1.2832e-05]]
]
2025-05-29 09:41:48 INFO  ren0 [gaussian_mixture_model.h:218] Before merging
2025-05-29 09:41:48 INFO  ren0 [gaussian_mixture_model.h:219] GMM[
weight = 0.0044752 mean = [-2.9667 1.85697 -2.86555] covariance = [[0.50652 -0.0748783 -0.0274713][-0.0748783 0.254222 -0.0502249][-0.0274713 -0.0502249 0.382455]]
weight = 0.0044752 mean = [-2.97618 2.15299 -3.70924] covariance = [[0.50652 -0.0748783 -0.0274713][-0.0748783 0.254222 -0.0502249][-0.0274713 -0.0502249 0.382455]]
weight = 0.00216099 mean = [-2.80933 2.0379 -4.26366] covariance = [[7.17501e-05 -2.62789e-05 -1.30161e-05][-2.62789e-05 5.11845e-05 6.90863e-06][-1.30161e-05 6.90863e-06 5.15116e-05]]
weight = 0.0038279 mean = [-2.43525 1.52204 -2.00818] covariance = [[0.508038 0.0939245 -0.045377][0.0939245 0.378396 -0.0756091][-0.045377 -0.0756091 0.436602]]
weight = 0.0035389 mean = [-3.08575 2.01175 -4.04804] covariance = [[0.0650562 -0.0336445 0.0137081][-0.0336445 0.0363273 -0.0150931][0.0137081 -0.0150931 0.0153349]]
weight = 0.0302467 mean = [-2.40724 1.6608 -2.79754] covariance = [[0.578893 -0.114588 0.00330345][-0.114588 0.174392 -0.146958][0.00330345 -0.146958 0.794573]]
weight = 5.61147e-07 mean = [-2.74287 2.12682 -4.24383] covariance = [[1e-05 0 1.77636e-15][0 1e-05 0][1.77636e-15 0 1e-05]]
weight = 0.0038279 mean = [-2.96288 1.66781 -2.74189] covariance = [[0.508038 0.0939245 -0.045377][0.0939245 0.378396 -0.0756091][-0.045377 -0.0756091 0.436602]]
weight = 0.307003 mean = [-2.20126 2.55545 -2.05242] covariance = [[0.00775081 -0.0115596 -0.0069208][-0.0115596 1.37613 0.369646][-0.0069208 0.369646 0.132695]]
weight = 0.640444 mean = [-2.20025 3.19966 -1.93222] covariance = [[1.47659e-05 1.04378e-05 -6.52772e-07][1.04378e-05 1.431e-05 7.48472e-06][-6.52772e-07 7.48472e-06 1.2832e-05]]
]
2025-05-29 09:41:48 INFO  ren0 [gaussian_mixture_model.h:215] Before splitting
2025-05-29 09:41:48 INFO  ren0 [gaussian_mixture_model.h:216] GMM[
weight = 0.00685369 mean = [-2.92544 1.73857 -2.68186] covariance = [[1.22288 -0.352716 -0.282869][-0.352716 0.331681 -0.16923][-0.282869 -0.16923 0.958986]]
weight = 0.00294478 mean = [-2.62627 1.84765 -3.71125] covariance = [[0.919378 -0.318097 -0.0987873][-0.318097 0.206966 0.031517][-0.0987873 0.031517 0.317923]]
weight = 0.00213899 mean = [-2.80933 2.0379 -4.26366] covariance = [[7.17501e-05 -2.62789e-05 -1.30161e-05][-2.62789e-05 5.11845e-05 6.90863e-06][-1.30161e-05 6.90863e-06 5.15116e-05]]
weight = 0.0197261 mean = [-2.52262 1.24567 -1.52974] covariance = [[0.262671 0.00375698 0.00396745][0.00375698 0.0736608 -0.067937][0.00396745 -0.067937 0.327068]]
weight = 0.00142163 mean = [-2.89703 1.96756 -4.07141] covariance = [[0.116773 -0.0358091 -0.000966787][-0.0358091 0.0306268 -0.0105796][-0.000966787 -0.0105796 0.0144132]]
weight = 0.00442353 mean = [-2.84175 1.32252 -2.05274] covariance = [[0.711242 -0.0195063 -0.179795][-0.0195063 0.111537 -0.10858][-0.179795 -0.10858 0.714196]]
weight = 0.28879 mean = [-2.22494 2.53141 -2.03403] covariance = [[0.0201094 0.00981025 0.00107149][0.00981025 1.60984 0.337266][0.00107149 0.337266 0.126355]]
weight = 0.673701 mean = [-2.20034 3.19994 -1.9323] covariance = [[1.43393e-05 9.83687e-06 -1.13311e-06][9.83687e-06 1.36043e-05 7.03604e-06][-1.13311e-06 7.03604e-06 1.26775e-05]]
]
2025-05-29 09:41:48 INFO  ren0 [gaussian_mixture_model.h:218] Before merging
2025-05-29 09:41:48 INFO  ren0 [gaussian_mixture_model.h:219] GMM[
weight = 0.00342684 mean = [-3.45246 1.86554 -2.4209] covariance = [[0.667373 -0.218883 -0.00780118][-0.218883 0.299448 -0.235499][-0.00780118 -0.235499 0.822794]]
weight = 0.00147239 mean = [-2.15088 1.66674 -3.78267] covariance = [[0.467411 -0.146093 -0.0308812][-0.146093 0.141519 0.0056747][-0.0308812 0.0056747 0.30773]]
weight = 0.00213899 mean = [-2.80933 2.0379 -4.26366] covariance = [[7.17501e-05 -2.62789e-05 -1.30161e-05][-2.62789e-05 5.11845e-05 6.90863e-06][-1.30161e-05 6.90863e-06 5.15116e-05]]
weight = 0.0197261 mean = [-2.52262 1.24567 -1.52974] covariance = [[0.262671 0.00375698 0.00396745][0.00375698 0.0736608 -0.067937][0.00396745 -0.067937 0.327068]]
weight = 0.00142163 mean = [-2.89703 1.96756 -4.07141] covariance = [[0.116773 -0.0358091 -0.000966787][-0.0358091 0.0306268 -0.0105796][-0.000966787 -0.0105796 0.0144132]]
weight = 0.00342684 mean = [-2.39841 1.6116 -2.94283] covariance = [[0.667373 -0.218883 -0.00780118][-0.218883 0.299448 -0.235499][-0.00780118 -0.235499 0.822794]]
weight = 0.00147239 mean = [-3.10165 2.02856 -3.63983] covariance = [[0.467411 -0.146093 -0.0308812][-0.146093 0.141519 0.0056747][-0.0308812 0.0056747 0.30773]]
weight = 0.00442353 mean = [-2.84175 1.32252 -2.05274] covariance = [[0.711242 -0.0195063 -0.179795][-0.0195063 0.111537 -0.10858][-0.179795 -0.10858 0.714196]]
weight = 0.28879 mean = [-2.22494 2.53141 -2.03403] covariance = [[0.0201094 0.00981025 0.00107149][0.00981025 1.60984 0.337266][0.00107149 0.337266 0.126355]]
weight = 0.673701 mean = [-2.20034 3.19994 -1.9323] covariance = [[1.43393e-05 9.83687e-06 -1.13311e-06][9.83687e-06 1.36043e-05 7.03604e-06][-1.13311e-06 7.03604e-06 1.26775e-05]]
]
2025-05-29 09:41:49 INFO  ren0 [gaussian_mixture_model.h:215] Before splitting
2025-05-29 09:41:49 INFO  ren0 [gaussian_mixture_model.h:216] GMM[
weight = 0.00281048 mean = [-2.857 1.71258 -2.61386] covariance = [[1.06223 -0.345805 -0.270708][-0.345805 0.363608 -0.119474][-0.270708 -0.119474 0.909643]]
weight = 0.00200754 mean = [-1.89999 1.60794 -3.51638] covariance = [[0.899667 -0.310949 0.053027][-0.310949 0.197435 -0.0179609][0.053027 -0.0179609 0.239733]]
weight = 0.00213974 mean = [-2.80933 2.0379 -4.26366] covariance = [[7.17501e-05 -2.62789e-05 -1.30161e-05][-2.62789e-05 5.11845e-05 6.90863e-06][-1.30161e-05 6.90863e-06 5.15116e-05]]
weight = 0.000491149 mean = [-2.85794 1.94036 -4.05582] covariance = [[0.114 -0.0415626 0.0032247][-0.0415626 0.0339327 -0.00962242][0.0032247 -0.00962242 0.0144819]]
weight = 0.00321109 mean = [-1.87485 1.46625 -2.94177] covariance = [[0.499714 -0.0717149 -0.0919531][-0.0717149 0.203168 -0.0756939][-0.0919531 -0.0756939 0.333027]]
weight = 0.00038976 mean = [-2.52331 1.88702 -3.38315] covariance = [[0.559018 -0.148975 0.0272987][-0.148975 0.213044 -0.0457867][0.0272987 -0.0457867 0.230511]]
weight = 0.0156301 mean = [-2.22948 1.23778 -2.00274] covariance = [[0.325905 -0.0227539 0.075425][-0.0227539 0.0503424 -0.050404][0.075425 -0.050404 0.28024]]
weight = 0.290209 mean = [-2.20636 2.57887 -2.01706] covariance = [[0.00943392 -0.00899889 -0.00177431][-0.00899889 1.35145 0.28286][-0.00177431 0.28286 0.0981534]]
weight = 0.683111 mean = [-2.20006 3.20021 -1.93239] covariance = [[1.49136e-05 1.09889e-05 -5.37167e-07][1.09889e-05 1.53727e-05 7.799e-06][-5.37167e-07 7.799e-06 1.28974e-05]]
]
2025-05-29 09:41:49 INFO  ren0 [gaussian_mixture_model.h:218] Before merging
2025-05-29 09:41:49 INFO  ren0 [gaussian_mixture_model.h:219] GMM[
weight = 0.00140524 mean = [-3.33933 1.85239 -2.3355] covariance = [[0.596959 -0.210932 -0.00218343][-0.210932 0.324522 -0.197311][-0.00218343 -0.197311 0.754683]]
weight = 0.00200754 mean = [-1.89999 1.60794 -3.51638] covariance = [[0.899667 -0.310949 0.053027][-0.310949 0.197435 -0.0179609][0.053027 -0.0179609 0.239733]]
weight = 0.00213974 mean = [-2.80933 2.0379 -4.26366] covariance = [[7.17501e-05 -2.62789e-05 -1.30161e-05][-2.62789e-05 5.11845e-05 6.90863e-06][-1.30161e-05 6.90863e-06 5.15116e-05]]
weight = 0.00140524 mean = [-2.37467 1.57277 -2.89222] covariance = [[0.596959 -0.210932 -0.00218343][-0.210932 0.324522 -0.197311][-0.00218343 -0.197311 0.754683]]
weight = 0.000491149 mean = [-2.85794 1.94036 -4.05582] covariance = [[0.114 -0.0415626 0.0032247][-0.0415626 0.0339327 -0.00962242][0.0032247 -0.00962242 0.0144819]]
weight = 0.00321109 mean = [-1.87485 1.46625 -2.94177] covariance = [[0.499714 -0.0717149 -0.0919531][-0.0717149 0.203168 -0.0756939][-0.0919531 -0.0756939 0.333027]]
weight = 0.00038976 mean = [-2.52331 1.88702 -3.38315] covariance = [[0.559018 -0.148975 0.0272987][-0.148975 0.213044 -0.0457867][0.0272987 -0.0457867 0.230511]]
weight = 0.0156301 mean = [-2.22948 1.23778 -2.00274] covariance = [[0.325905 -0.0227539 0.075425][-0.0227539 0.0503424 -0.050404][0.075425 -0.050404 0.28024]]
weight = 0.290209 mean = [-2.20636 2.57887 -2.01706] covariance = [[0.00943392 -0.00899889 -0.00177431][-0.00899889 1.35145 0.28286][-0.00177431 0.28286 0.0981534]]
weight = 0.683111 mean = [-2.20006 3.20021 -1.93239] covariance = [[1.49136e-05 1.09889e-05 -5.37167e-07][1.09889e-05 1.53727e-05 7.799e-06][-5.37167e-07 7.799e-06 1.28974e-05]]
]
2025-05-29 09:41:49 INFO  ren0 [gaussian_mixture_model.h:215] Before splitting
2025-05-29 09:41:49 INFO  ren0 [gaussian_mixture_model.h:216] GMM[
weight = 0.00206734 mean = [-3.58506 2.44455 -2.97327] covariance = [[1.57304 -1.23357 0.475377][-1.23357 1.22292 -0.605792][0.475377 -0.605792 0.646003]]
weight = 0.00214454 mean = [-2.80933 2.0379 -4.26366] covariance = [[7.17501e-05 -2.62789e-05 -1.30161e-05][-2.62789e-05 5.11845e-05 6.90863e-06][-1.30161e-05 6.90863e-06 5.15116e-05]]
weight = 0.000188179 mean = [-2.81954 1.95917 -4.04721] covariance = [[0.0935319 -0.0328834 0.00138943][-0.0328834 0.0315441 -0.0103096][0.00138943 -0.0103096 0.0158549]]
weight = 0.00389691 mean = [-2.49379 1.56975 -2.67275] covariance = [[0.173941 -0.107885 0.0326105][-0.107885 0.178051 -0.0526954][0.0326105 -0.0526954 0.131744]]
weight = 0.0165231 mean = [-2.34126 1.24627 -2.20625] covariance = [[0.145429 -0.0438405 0.0417932][-0.0438405 0.0717759 -0.0397324][0.0417932 -0.0397324 0.150471]]
weight = 0.335603 mean = [-2.19498 2.60247 -2.0307] covariance = [[0.00467617 -0.0146715 -0.00423684][-0.0146715 1.01989 0.190464][-0.00423684 0.190464 0.0577971]]
weight = 0.639577 mean = [-2.19993 3.20048 -1.93223] covariance = [[1.62105e-05 1.20766e-05 -3.99829e-07][1.20766e-05 1.62268e-05 7.85583e-06][-3.99829e-07 7.85583e-06 1.28583e-05]]
]
2025-05-29 09:41:49 INFO  ren0 [gaussian_mixture_model.h:218] Before merging
2025-05-29 09:41:49 INFO  ren0 [gaussian_mixture_model.h:219] GMM[
weight = 0.00103367 mean = [-2.9854 1.90488 -2.70159] covariance = [[0.853872 -0.586333 0.149541][-0.586333 0.640445 -0.312552][0.149541 -0.312552 0.498388]]
weight = 0.00103367 mean = [-4.18472 2.98422 -3.24495] covariance = [[0.853872 -0.586333 0.149541][-0.586333 0.640445 -0.312552][0.149541 -0.312552 0.498388]]
weight = 0.00107227 mean = [-2.80551 2.03534 -4.26523] covariance = [[5.24468e-05 -6.66362e-06 -1.03641e-06][-6.66362e-06 4.80544e-05 -1.11043e-06][-1.03641e-06 -1.11043e-06 5.66141e-05]]
weight = 0.00107227 mean = [-2.81316 2.04046 -4.2621] covariance = [[5.24468e-05 -6.66362e-06 -1.03641e-06][-6.66362e-06 4.80544e-05 -1.11043e-06][-1.03641e-06 -1.11043e-06 5.66141e-05]]
weight = 0.000188179 mean = [-2.81954 1.95917 -4.04721] covariance = [[0.0935319 -0.0328834 0.00138943][-0.0328834 0.0315441 -0.0103096][0.00138943 -0.0103096 0.0158549]]
weight = 0.00194846 mean = [-2.67254 1.75944 -2.76405] covariance = [[0.110044 -0.0400694 -2.89258e-05][-0.0400694 0.106098 -0.0180596][-2.89258e-05 -0.0180596 0.115084]]
weight = 0.00194846 mean = [-2.31503 1.38007 -2.58145] covariance = [[0.110044 -0.0400694 -2.89258e-05][-0.0400694 0.106098 -0.0180596][-2.89258e-05 -0.0180596 0.115084]]
weight = 0.0165231 mean = [-2.34126 1.24627 -2.20625] covariance = [[0.145429 -0.0438405 0.0417932][-0.0438405 0.0717759 -0.0397324][0.0417932 -0.0397324 0.150471]]
weight = 0.335603 mean = [-2.19498 2.60247 -2.0307] covariance = [[0.00467617 -0.0146715 -0.00423684][-0.0146715 1.01989 0.190464][-0.00423684 0.190464 0.0577971]]
weight = 0.639577 mean = [-2.19993 3.20048 -1.93223] covariance = [[1.62105e-05 1.20766e-05 -3.99829e-07][1.20766e-05 1.62268e-05 7.85583e-06][-3.99829e-07 7.85583e-06 1.28583e-05]]
]
2025-05-29 09:41:49 INFO  ren0 [gaussian_mixture_model.h:215] Before splitting
2025-05-29 09:41:49 INFO  ren0 [gaussian_mixture_model.h:216] GMM[
weight = 0.0136614 mean = [-2.5882 1.90236 -2.74296] covariance = [[1.14202 -0.606107 0.494308][-0.606107 0.923757 -0.728713][0.494308 -0.728713 1.1384]]
weight = 0.0114343 mean = [-3.5117 3.02682 -3.71507] covariance = [[0.179104 -0.121093 0.0807585][-0.121093 0.384822 -0.226116][0.0807585 -0.226116 0.261579]]
weight = 0.00208967 mean = [-2.80551 2.03534 -4.26523] covariance = [[5.24468e-05 -6.66362e-06 -1.03641e-06][-6.66362e-06 4.80544e-05 -1.11043e-06][-1.03641e-06 -1.11043e-06 5.66141e-05]]
weight = 0.00107227 mean = [-2.81316 2.04046 -4.2621] covariance = [[5.24468e-05 -6.66362e-06 -1.03641e-06][-6.66362e-06 4.80544e-05 -1.11043e-06][-1.03641e-06 -1.11043e-06 5.66141e-05]]
weight = 0.00486123 mean = [-2.73256 1.89026 -4.12408] covariance = [[0.0369682 -0.00825767 -0.00514101][-0.00825767 0.0186323 -0.00410223][-0.00514101 -0.00410223 0.0106916]]
weight = 0.00584154 mean = [-2.55556 1.58394 -2.53533] covariance = [[0.079782 -0.0233316 -0.0108106][-0.0233316 0.0632582 0.0168386][-0.0108106 0.0168386 0.100041]]
weight = 0.0106206 mean = [-2.29668 1.40807 -2.55889] covariance = [[0.135179 -0.0484809 -0.016774][-0.0484809 0.0719845 0.0144818][-0.016774 0.0144818 0.144847]]
weight = 0.317312 mean = [-2.19904 2.61795 -2.03654] covariance = [[0.00433196 -0.0143802 -0.00315581][-0.0143802 0.906926 0.180642][-0.00315581 0.180642 0.057868]]
weight = 0.63418 mean = [-2.20011 3.19995 -1.93233] covariance = [[1.46905e-05 1.00652e-05 -1.13335e-06][1.00652e-05 1.4158e-05 7.49807e-06][-1.13335e-06 7.49807e-06 1.31481e-05]]
]
2025-05-29 09:41:49 INFO  ren0 [gaussian_mixture_model.h:218] Before merging
2025-05-29 09:41:49 INFO  ren0 [gaussian_mixture_model.h:219] GMM[
weight = 0.00683071 mean = [-2.16443 1.47142 -2.28801] covariance = [[0.782879 -0.240869 0.108723][-0.240869 0.552343 -0.336597][0.108723 -0.336597 0.724446]]
weight = 0.0114343 mean = [-3.5117 3.02682 -3.71507] covariance = [[0.179104 -0.121093 0.0807585][-0.121093 0.384822 -0.226116][0.0807585 -0.226116 0.261579]]
weight = 0.00208967 mean = [-2.80551 2.03534 -4.26523] covariance = [[5.24468e-05 -6.66362e-06 -1.03641e-06][-6.66362e-06 4.80544e-05 -1.11043e-06][-1.03641e-06 -1.11043e-06 5.66141e-05]]
weight = 0.00107227 mean = [-2.81316 2.04046 -4.2621] covariance = [[5.24468e-05 -6.66362e-06 -1.03641e-06][-6.66362e-06 4.80544e-05 -1.11043e-06][-1.03641e-06 -1.11043e-06 5.66141e-05]]
weight = 0.00486123 mean = [-2.73256 1.89026 -4.12408] covariance = [[0.0369682 -0.00825767 -0.00514101][-0.00825767 0.0186323 -0.00410223][-0.00514101 -0.00410223 0.0106916]]
weight = 0.00584154 mean = [-2.55556 1.58394 -2.53533] covariance = [[0.079782 -0.0233316 -0.0108106][-0.0233316 0.0632582 0.0168386][-0.0108106 0.0168386 0.100041]]
weight = 0.0106206 mean = [-2.29668 1.40807 -2.55889] covariance = [[0.135179 -0.0484809 -0.016774][-0.0484809 0.0719845 0.0144818][-0.016774 0.0144818 0.144847]]
weight = 0.00683071 mean = [-3.01197 2.3333 -3.19791] covariance = [[0.782879 -0.240869 0.108723][-0.240869 0.552343 -0.336597][0.108723 -0.336597 0.724446]]
weight = 0.317312 mean = [-2.19904 2.61795 -2.03654] covariance = [[0.00433196 -0.0143802 -0.00315581][-0.0143802 0.906926 0.180642][-0.00315581 0.180642 0.057868]]
weight = 0.63418 mean = [-2.20011 3.19995 -1.93233] covariance = [[1.46905e-05 1.00652e-05 -1.13335e-06][1.00652e-05 1.4158e-05 7.49807e-06][-1.13335e-06 7.49807e-06 1.31481e-05]]
]
2025-05-29 09:41:49 INFO  ren0 [gaussian_mixture_model.h:215] Before splitting
2025-05-29 09:41:49 INFO  ren0 [gaussian_mixture_model.h:216] GMM[
weight = 0.0125884 mean = [-2.51287 1.40183 -2.32881] covariance = [[0.567156 -0.168148 0.146813][-0.168148 0.484689 -0.326665][0.146813 -0.326665 0.587074]]
weight = 0.00441642 mean = [-3.37249 2.71615 -3.60741] covariance = [[0.19128 -0.195354 0.110529][-0.195354 0.56497 -0.322793][0.110529 -0.322793 0.337427]]
weight = 0.00315855 mean = [-2.8081 2.03707 -4.26416] covariance = [[7.55815e-05 -1.54558e-05 -6.40612e-06][-1.54558e-05 6.39398e-05 2.48398e-06][-6.40612e-06 2.48398e-06 6.88093e-05]]
weight = 0.00143727 mean = [-2.74496 1.90236 -4.12428] covariance = [[0.0427562 -0.010389 -0.00659268][-0.010389 0.0203474 -0.00352093][-0.00659268 -0.00352093 0.0114607]]
weight = 0.0358166 mean = [-2.3869 1.31172 -2.37653] covariance = [[0.0610028 -0.0176174 -0.0379823][-0.0176174 0.0569195 -0.00459053][-0.0379823 -0.00459053 0.126395]]
weight = 0.00424525 mean = [-2.78819 1.55261 -2.58019] covariance = [[0.542552 -0.169482 -0.019614][-0.169482 0.532308 -0.236534][-0.019614 -0.236534 0.63616]]
weight = 0.299286 mean = [-2.20233 2.72345 -2.00786] covariance = [[0.00255711 -0.00615106 -0.00162289][-0.00615106 0.826151 0.138179][-0.00162289 0.138179 0.0363805]]
weight = 0.64221 mean = [-2.20022 3.19982 -1.93222] covariance = [[1.40476e-05 1.00489e-05 -9.94523e-07][1.00489e-05 1.45366e-05 7.56914e-06][-9.94523e-07 7.56914e-06 1.30597e-05]]
]
2025-05-29 09:41:49 INFO  ren0 [gaussian_mixture_model.h:218] Before merging
2025-05-29 09:41:49 INFO  ren0 [gaussian_mixture_model.h:219] GMM[
weight = 0.00629418 mean = [-2.2801 1.10986 -2.00238] covariance = [[0.458799 -0.0322202 -0.00515386][-0.0322202 0.314199 -0.136047][-0.00515386 -0.136047 0.373973]]
weight = 0.00220821 mean = [-3.22631 2.35279 -3.35557] covariance = [[0.148553 -0.0891233 0.0368986][-0.0891233 0.300924 -0.139772][0.0368986 -0.139772 0.210582]]
weight = 0.00629418 mean = [-2.74564 1.69381 -2.65524] covariance = [[0.458799 -0.0322202 -0.00515386][-0.0322202 0.314199 -0.136047][-0.00515386 -0.136047 0.373973]]
weight = 0.00315855 mean = [-2.8081 2.03707 -4.26416] covariance = [[7.55815e-05 -1.54558e-05 -6.40612e-06][-1.54558e-05 6.39398e-05 2.48398e-06][-6.40612e-06 2.48398e-06 6.88093e-05]]
weight = 0.00143727 mean = [-2.74496 1.90236 -4.12428] covariance = [[0.0427562 -0.010389 -0.00659268][-0.010389 0.0203474 -0.00352093][-0.00659268 -0.00352093 0.0114607]]
weight = 0.00220821 mean = [-3.51867 3.0795 -3.85926] covariance = [[0.148553 -0.0891233 0.0368986][-0.0891233 0.300924 -0.139772][0.0368986 -0.139772 0.210582]]
weight = 0.0358166 mean = [-2.3869 1.31172 -2.37653] covariance = [[0.0610028 -0.0176174 -0.0379823][-0.0176174 0.0569195 -0.00459053][-0.0379823 -0.00459053 0.126395]]
weight = 0.00424525 mean = [-2.78819 1.55261 -2.58019] covariance = [[0.542552 -0.169482 -0.019614][-0.169482 0.532308 -0.236534][-0.019614 -0.236534 0.63616]]
weight = 0.299286 mean = [-2.20233 2.72345 -2.00786] covariance = [[0.00255711 -0.00615106 -0.00162289][-0.00615106 0.826151 0.138179][-0.00162289 0.138179 0.0363805]]
weight = 0.64221 mean = [-2.20022 3.19982 -1.93222] covariance = [[1.40476e-05 1.00489e-05 -9.94523e-07][1.00489e-05 1.45366e-05 7.56914e-06][-9.94523e-07 7.56914e-06 1.30597e-05]]
]
2025-05-29 09:41:49 INFO  ren0 [gaussian_mixture_model.h:215] Before splitting
2025-05-29 09:41:49 INFO  ren0 [gaussian_mixture_model.h:216] GMM[
weight = 0.00162609 mean = [-3.28272 2.48651 -3.54975] covariance = [[0.167245 -0.176411 0.109333][-0.176411 0.493371 -0.262219][0.109333 -0.262219 0.302751]]
weight = 0.0031486 mean = [-2.8081 2.03707 -4.26416] covariance = [[7.55815e-05 -1.54558e-05 -6.40612e-06][-1.54558e-05 6.39398e-05 2.48398e-06][-6.40612e-06 2.48398e-06 6.88093e-05]]
weight = 0.000729888 mean = [-2.96681 2.03259 -4.04519] covariance = [[0.0592972 -0.0276326 -0.0166287][-0.0276326 0.0223885 0.00633774][-0.0166287 0.00633774 0.0099085]]
weight = 0.000308247 mean = [-3.25559 2.41576 -3.68431] covariance = [[0.0853967 0.0381007 0.0117851][0.0381007 0.130623 0.0295466][0.0117851 0.0295466 0.0769546]]
weight = 0.0666079 mean = [-2.31782 1.23363 -2.27522] covariance = [[0.196381 -0.0211417 -0.0118479][-0.0211417 0.070182 -0.00450714][-0.0118479 -0.00450714 0.17419]]
weight = 0.233687 mean = [-2.20136 2.77404 -1.98576] covariance = [[0.00217281 0.00278578 0.000555738][0.00278578 0.845233 0.146515][0.000555738 0.146515 0.0365235]]
weight = 0.697041 mean = [-2.2006 3.20076 -1.93214] covariance = [[1.31668e-05 7.99944e-06 -1.61923e-06][7.99944e-06 1.14472e-05 6.70895e-06][-1.61923e-06 6.70895e-06 1.28638e-05]]
]
2025-05-29 09:41:49 INFO  ren0 [gaussian_mixture_model.h:218] Before merging
2025-05-29 09:41:49 INFO  ren0 [gaussian_mixture_model.h:219] GMM[
weight = 0.000813044 mean = [-3.42775 2.82237 -3.78176] covariance = [[0.125187 -0.0789883 0.0420338][-0.0789883 0.267767 -0.106367][0.0420338 -0.106367 0.195099]]
weight = 0.000813044 mean = [-3.13768 2.15064 -3.31773] covariance = [[0.125187 -0.0789883 0.0420338][-0.0789883 0.267767 -0.106367][0.0420338 -0.106367 0.195099]]
weight = 0.000364944 mean = [-3.08706 2.09563 -4.01027] covariance = [[0.0303875 -0.0124724 -0.00823054][-0.0124724 0.0144512 0.00193529][-0.00823054 0.00193529 0.0074797]]
weight = 0.0031486 mean = [-2.8081 2.03707 -4.26416] covariance = [[7.55815e-05 -1.54558e-05 -6.40612e-06][-1.54558e-05 6.39398e-05 2.48398e-06][-6.40612e-06 2.48398e-06 6.88093e-05]]
weight = 0.000364944 mean = [-2.84657 1.96956 -4.08011] covariance = [[0.0303875 -0.0124724 -0.00823054][-0.0124724 0.0144512 0.00193529][-0.00823054 0.00193529 0.0074797]]
weight = 0.000154124 mean = [-3.16414 2.58249 -3.61516] covariance = [[0.0686814 0.00760666 -0.000862872][0.00760666 0.0750351 0.00648643][-0.000862872 0.00648643 0.0674]]
weight = 0.000154124 mean = [-3.34704 2.24903 -3.75347] covariance = [[0.0686814 0.00760666 -0.000862872][0.00760666 0.0750351 0.00648643][-0.000862872 0.00648643 0.0674]]
weight = 0.0666079 mean = [-2.31782 1.23363 -2.27522] covariance = [[0.196381 -0.0211417 -0.0118479][-0.0211417 0.070182 -0.00450714][-0.0118479 -0.00450714 0.17419]]
weight = 0.233687 mean = [-2.20136 2.77404 -1.98576] covariance = [[0.00217281 0.00278578 0.000555738][0.00278578 0.845233 0.146515][0.000555738 0.146515 0.0365235]]
weight = 0.697041 mean = [-2.2006 3.20076 -1.93214] covariance = [[1.31668e-05 7.99944e-06 -1.61923e-06][7.99944e-06 1.14472e-05 6.70895e-06][-1.61923e-06 6.70895e-06 1.28638e-05]]
]
2025-05-29 09:41:50 INFO  ren0 [gaussian_mixture_model.h:215] Before splitting
2025-05-29 09:41:50 INFO  ren0 [gaussian_mixture_model.h:216] GMM[
weight = 0.000756045 mean = [-4.62778 1.63476 -3.72839] covariance = [[1.54397 0.949644 0.312684][0.949644 0.900744 0.289814][0.312684 0.289814 0.19394]]
weight = 0.00189912 mean = [-4.02938 1.43217 -3.46854] covariance = [[1.85281 0.55421 0.466893][0.55421 0.600103 0.0924031][0.466893 0.0924031 0.498476]]
weight = 0.000376153 mean = [-3.20756 2.13687 -3.92794] covariance = [[0.00211003 0.000346677 -0.000568339][0.000346677 0.000336649 -0.000168347][-0.000568339 -0.000168347 0.000337554]]
weight = 0.00313872 mean = [-2.8081 2.03707 -4.26416] covariance = [[7.55815e-05 -1.54558e-05 -6.40612e-06][-1.54558e-05 6.39398e-05 2.48398e-06][-6.40612e-06 2.48398e-06 6.88093e-05]]
weight = 0.000152489 mean = [-3.03816 2.07059 -4.00716] covariance = [[0.053202 -0.0223372 -0.0170853][-0.0223372 0.0188369 0.00616495][-0.0170853 0.00616495 0.00979747]]
weight = 0.000100281 mean = [-3.28541 2.42389 -3.69096] covariance = [[0.0950214 0.00199437 -0.0243546][0.00199437 0.087528 0.0186841][-0.0243546 0.0186841 0.0747127]]
weight = 0.000165131 mean = [-4.25005 1.61751 -3.78773] covariance = [[1.63165 0.896333 0.251465][0.896333 0.592565 0.134212][0.251465 0.134212 0.0866347]]
weight = 0.686375 mean = [-2.24856 4.18336 -1.42841] covariance = [[0.00242069 -0.0146668 -0.00467178][-0.0146668 0.81454 0.265258][-0.00467178 0.265258 0.0959391]]
weight = 0.310175 mean = [-2.20028 3.20047 -1.93227] covariance = [[1.32637e-05 8.83815e-06 -1.21026e-06][8.83815e-06 1.2915e-05 7.13305e-06][-1.21026e-06 7.13305e-06 1.26754e-05]]
]
2025-05-29 09:41:50 INFO  ren0 [gaussian_mixture_model.h:218] Before merging
2025-05-29 09:41:50 INFO  ren0 [gaussian_mixture_model.h:219] GMM[
weight = 0.000378022 mean = [-4.0245 2.07207 -3.57933] covariance = [[0.816086 0.422011 0.132828][0.422011 0.518284 0.15944][0.132828 0.15944 0.149509]]
weight = 0.00189912 mean = [-4.02938 1.43217 -3.46854] covariance = [[1.85281 0.55421 0.466893][0.55421 0.600103 0.0924031][0.466893 0.0924031 0.498476]]
weight = 0.000376153 mean = [-3.20756 2.13687 -3.92794] covariance = [[0.00211003 0.000346677 -0.000568339][0.000346677 0.000336649 -0.000168347][-0.000568339 -0.000168347 0.000337554]]
weight = 0.00313872 mean = [-2.8081 2.03707 -4.26416] covariance = [[7.55815e-05 -1.54558e-05 -6.40612e-06][-1.54558e-05 6.39398e-05 2.48398e-06][-6.40612e-06 2.48398e-06 6.88093e-05]]
weight = 0.000152489 mean = [-3.03816 2.07059 -4.00716] covariance = [[0.053202 -0.0223372 -0.0170853][-0.0223372 0.0188369 0.00616495][-0.0170853 0.00616495 0.00979747]]
weight = 0.000100281 mean = [-3.28541 2.42389 -3.69096] covariance = [[0.0950214 0.00199437 -0.0243546][0.00199437 0.087528 0.0186841][-0.0243546 0.0186841 0.0747127]]
weight = 0.000165131 mean = [-4.25005 1.61751 -3.78773] covariance = [[1.63165 0.896333 0.251465][0.896333 0.592565 0.134212][0.251465 0.134212 0.0866347]]
weight = 0.000378022 mean = [-5.23106 1.19746 -3.87746] covariance = [[0.816086 0.422011 0.132828][0.422011 0.518284 0.15944][0.132828 0.15944 0.149509]]
weight = 0.686375 mean = [-2.24856 4.18336 -1.42841] covariance = [[0.00242069 -0.0146668 -0.00467178][-0.0146668 0.81454 0.265258][-0.00467178 0.265258 0.0959391]]
weight = 0.310175 mean = [-2.20028 3.20047 -1.93227] covariance = [[1.32637e-05 8.83815e-06 -1.21026e-06][8.83815e-06 1.2915e-05 7.13305e-06][-1.21026e-06 7.13305e-06 1.26754e-05]]
]
2025-05-29 09:41:50 INFO  ren0 [gaussian_mixture_model.h:215] Before splitting
2025-05-29 09:41:50 INFO  ren0 [gaussian_mixture_model.h:216] GMM[
weight = 0.000123111 mean = [-3.20759 2.13687 -3.92794] covariance = [[0.00211271 0.000345746 -0.000567419][0.000345746 0.000336865 -0.000168653][-0.000567419 -0.000168653 0.00033799]]
weight = 0.0031289 mean = [-2.8081 2.03707 -4.26416] covariance = [[7.55815e-05 -1.54558e-05 -6.40612e-06][-1.54558e-05 6.39398e-05 2.48398e-06][-6.40612e-06 2.48398e-06 6.88093e-05]]
weight = 0.167804 mean = [-2.63596 1.87796 -4.2085] covariance = [[0.00013032 -7.69097e-05 -4.32578e-05][-7.69097e-05 7.79231e-05 1.24728e-05][-4.32578e-05 1.24728e-05 5.03094e-05]]
weight = 0.00109608 mean = [-2.7885 2.0699 -4.01042] covariance = [[0.0811177 -0.0794514 -0.0905533][-0.0794514 0.109612 0.109259][-0.0905533 0.109259 0.125051]]
weight = 0.0444166 mean = [-2.49289 1.53818 -2.66558] covariance = [[0.279669 -0.0718026 0.0365052][-0.0718026 0.270169 -0.0769366][0.0365052 -0.0769366 0.725049]]
weight = 0.36964 mean = [-2.22926 3.61932 -1.63745] covariance = [[0.00348483 -0.0412624 -0.0136843][-0.0412624 1.57057 0.495465][-0.0136843 0.495465 0.173349]]
weight = 0.41692 mean = [-2.20015 3.20025 -1.93226] covariance = [[1.42617e-05 9.54948e-06 -1.28709e-06][9.54948e-06 1.28779e-05 6.52745e-06][-1.28709e-06 6.52745e-06 1.22348e-05]]
]
2025-05-29 09:41:50 INFO  ren0 [gaussian_mixture_model.h:218] Before merging
2025-05-29 09:41:50 INFO  ren0 [gaussian_mixture_model.h:219] GMM[
weight = 6.15556e-05 mean = [-3.23041 2.13238 -3.92113] covariance = [[0.00108082 0.000140763 -0.000256422][0.000140763 0.000306536 -0.000107467][-0.000256422 -0.000107467 0.00025516]]
weight = 0.0839021 mean = [-2.64154 1.88175 -4.20654] covariance = [[7.79058e-05 -3.45509e-05 -2.13547e-05][-3.45509e-05 5.91755e-05 -2.39215e-06][-2.13547e-05 -2.39215e-06 5.26229e-05]]
weight = 6.15556e-05 mean = [-3.18476 2.14136 -3.93476] covariance = [[0.00108082 0.000140763 -0.000256422][0.000140763 0.000306536 -0.000107467][-0.000256422 -0.000107467 0.00025516]]
weight = 0.0031289 mean = [-2.8081 2.03707 -4.26416] covariance = [[7.55815e-05 -1.54558e-05 -6.40612e-06][-1.54558e-05 6.39398e-05 2.48398e-06][-6.40612e-06 2.48398e-06 6.88093e-05]]
weight = 0.0839021 mean = [-2.63037 1.87416 -4.21046] covariance = [[7.79058e-05 -3.45509e-05 -2.13547e-05][-3.45509e-05 5.91755e-05 -2.39215e-06][-2.13547e-05 -2.39215e-06 5.26229e-05]]
weight = 0.00109608 mean = [-2.7885 2.0699 -4.01042] covariance = [[0.0811177 -0.0794514 -0.0905533][-0.0794514 0.109612 0.109259][-0.0905533 0.109259 0.125051]]
weight = 0.0222083 mean = [-2.53785 1.6137 -3.08743] covariance = [[0.275635 -0.0650112 -0.00143314][-0.0650112 0.258774 -0.0132254][-0.00143314 -0.0132254 0.369152]]
weight = 0.0222083 mean = [-2.44792 1.46267 -2.24374] covariance = [[0.275635 -0.0650112 -0.00143314][-0.0650112 0.258774 -0.0132254][-0.00143314 -0.0132254 0.369152]]
weight = 0.36964 mean = [-2.22926 3.61932 -1.63745] covariance = [[0.00348483 -0.0412624 -0.0136843][-0.0412624 1.57057 0.495465][-0.0136843 0.495465 0.173349]]
weight = 0.41692 mean = [-2.20015 3.20025 -1.93226] covariance = [[1.42617e-05 9.54948e-06 -1.28709e-06][9.54948e-06 1.28779e-05 6.52745e-06][-1.28709e-06 6.52745e-06 1.22348e-05]]
]
2025-05-29 09:41:50 INFO  ren0 [gaussian_mixture_model.h:215] Before splitting
2025-05-29 09:41:50 INFO  ren0 [gaussian_mixture_model.h:216] GMM[
weight = 6.13636e-05 mean = [-3.23041 2.13238 -3.92113] covariance = [[0.00108082 0.000140763 -0.000256422][0.000140763 0.000306536 -0.000107467][-0.000256422 -0.000107467 0.00025516]]
weight = 0.0836404 mean = [-2.64154 1.88175 -4.20654] covariance = [[7.79058e-05 -3.45509e-05 -2.13547e-05][-3.45509e-05 5.91755e-05 -2.39215e-06][-2.13547e-05 -2.39215e-06 5.26229e-05]]
weight = 0.000185657 mean = [-3.18476 2.14136 -3.93476] covariance = [[0.00108082 0.000140763 -0.000256422][0.000140763 0.000306536 -0.000107467][-0.000256422 -0.000107467 0.00025516]]
weight = 0.00311914 mean = [-2.8081 2.03707 -4.26416] covariance = [[7.55815e-05 -1.54558e-05 -6.40612e-06][-1.54558e-05 6.39398e-05 2.48398e-06][-6.40612e-06 2.48398e-06 6.88093e-05]]
weight = 0.253056 mean = [-2.63037 1.87416 -4.21046] covariance = [[7.79058e-05 -3.45509e-05 -2.13547e-05][-3.45509e-05 5.91755e-05 -2.39215e-06][-2.13547e-05 -2.39215e-06 5.26229e-05]]
weight = 0.000442778 mean = [-2.78894 2.07108 -4.0139] covariance = [[0.0770412 -0.0754116 -0.0856705][-0.0754116 0.104768 0.103558][-0.0856705 0.103558 0.118537]]
weight = 0.00913216 mean = [-2.39632 1.3003 -2.25055] covariance = [[0.134934 0.0139815 -0.0251402][0.0139815 0.150005 -0.0378493][-0.0251402 -0.0378493 0.177856]]
weight = 0.0557444 mean = [-2.47233 1.32145 -2.14401] covariance = [[0.196156 -0.0159655 -0.0279297][-0.0159655 0.16377 -0.0716785][-0.0279297 -0.0716785 0.454226]]
weight = 0.681439 mean = [-2.2 3.18161 -1.93754] covariance = [[4.08891e-05 -0.000734884 -0.000321439][-0.000734884 0.0402071 0.0117654][-0.000321439 0.0117654 0.00387172]]
]
2025-05-29 09:41:50 INFO  ren0 [gaussian_mixture_model.h:218] Before merging
2025-05-29 09:41:50 INFO  ren0 [gaussian_mixture_model.h:219] GMM[
weight = 3.06818e-05 mean = [-3.21421 2.13557 -3.92597] covariance = [[0.000565439 3.73985e-05 -9.96002e-05][3.73985e-05 0.0002962 -7.66139e-05][-9.96002e-05 -7.66139e-05 0.00021835]]
weight = 0.0836404 mean = [-2.64154 1.88175 -4.20654] covariance = [[7.79058e-05 -3.45509e-05 -2.13547e-05][-3.45509e-05 5.91755e-05 -2.39215e-06][-2.13547e-05 -2.39215e-06 5.26229e-05]]
weight = 0.000185657 mean = [-3.18476 2.14136 -3.93476] covariance = [[0.00108082 0.000140763 -0.000256422][0.000140763 0.000306536 -0.000107467][-0.000256422 -0.000107467 0.00025516]]
weight = 0.00311914 mean = [-2.8081 2.03707 -4.26416] covariance = [[7.55815e-05 -1.54558e-05 -6.40612e-06][-1.54558e-05 6.39398e-05 2.48398e-06][-6.40612e-06 2.48398e-06 6.88093e-05]]
weight = 0.253056 mean = [-2.63037 1.87416 -4.21046] covariance = [[7.79058e-05 -3.45509e-05 -2.13547e-05][-3.45509e-05 5.91755e-05 -2.39215e-06][-2.13547e-05 -2.39215e-06 5.26229e-05]]
weight = 0.000442778 mean = [-2.78894 2.07108 -4.0139] covariance = [[0.0770412 -0.0754116 -0.0856705][-0.0754116 0.104768 0.103558][-0.0856705 0.103558 0.118537]]
weight = 0.00913216 mean = [-2.39632 1.3003 -2.25055] covariance = [[0.134934 0.0139815 -0.0251402][0.0139815 0.150005 -0.0378493][-0.0251402 -0.0378493 0.177856]]
weight = 0.0557444 mean = [-2.47233 1.32145 -2.14401] covariance = [[0.196156 -0.0159655 -0.0279297][-0.0159655 0.16377 -0.0716785][-0.0279297 -0.0716785 0.454226]]
weight = 3.06818e-05 mean = [-3.24662 2.12919 -3.91629] covariance = [[0.000565439 3.73985e-05 -9.96002e-05][3.73985e-05 0.0002962 -7.66139e-05][-9.96002e-05 -7.66139e-05 0.00021835]]
weight = 0.681439 mean = [-2.2 3.18161 -1.93754] covariance = [[4.08891e-05 -0.000734884 -0.000321439][-0.000734884 0.0402071 0.0117654][-0.000321439 0.0117654 0.00387172]]
]
2025-05-29 09:41:50 INFO  ren0 [gaussian_mixture_model.h:215] Before splitting
2025-05-29 09:41:50 INFO  ren0 [gaussian_mixture_model.h:216] GMM[
weight = 2.82308e-05 mean = [-3.21421 2.13557 -3.92597] covariance = [[0.000565439 3.73985e-05 -9.96002e-05][3.73985e-05 0.0002962 -7.66139e-05][-9.96002e-05 -7.66139e-05 0.00021835]]
weight = 0.000139955 mean = [-3.18476 2.14136 -3.93476] covariance = [[0.00108082 0.000140763 -0.000256422][0.000140763 0.000306536 -0.000107467][-0.000256422 -0.000107467 0.00025516]]
weight = 0.00286997 mean = [-2.8081 2.03707 -4.26416] covariance = [[7.55815e-05 -1.54558e-05 -6.40612e-06][-1.54558e-05 6.39398e-05 2.48398e-06][-6.40612e-06 2.48398e-06 6.88093e-05]]
weight = 0.190764 mean = [-2.63315 1.87605 -4.20949] covariance = [[0.000111212 -5.03681e-05 -2.95335e-05][-5.03681e-05 7.99102e-05 3.15857e-06][-2.95335e-05 3.15857e-06 6.54931e-05]]
weight = 0.000341763 mean = [-3.018 2.32928 -3.93476] covariance = [[0.0562985 -0.0591605 -0.032265][-0.0591605 0.0720311 0.0369851][-0.032265 0.0369851 0.0360259]]
weight = 0.0907651 mean = [-2.27942 1.36056 -2.3664] covariance = [[0.0977858 -0.0407707 0.0234077][-0.0407707 0.271826 -0.0334611][0.0234077 -0.0334611 0.31769]]
weight = 2.82308e-05 mean = [-3.24662 2.12919 -3.91629] covariance = [[0.000565439 3.73985e-05 -9.96002e-05][3.73985e-05 0.0002962 -7.66139e-05][-9.96002e-05 -7.66139e-05 0.00021835]]
weight = 0.71799 mean = [-2.20098 3.19665 -1.93227] covariance = [[2.63273e-05 -9.9757e-05 -6.75391e-05][-9.9757e-05 0.00752403 0.00228021][-6.75391e-05 0.00228021 0.000750095]]
]
2025-05-29 09:41:50 INFO  ren0 [gaussian_mixture_model.h:218] Before merging
2025-05-29 09:41:50 INFO  ren0 [gaussian_mixture_model.h:219] GMM[
weight = 1.41154e-05 mean = [-3.20265 2.13785 -3.92942] covariance = [[0.000308315 -1.51558e-05 -1.98661e-05][-1.51558e-05 0.00029586 -6.09268e-05][-1.98661e-05 -6.09268e-05 0.00020455]]
weight = 1.41154e-05 mean = [-3.22576 2.1333 -3.92252] covariance = [[0.000308315 -1.51558e-05 -1.98661e-05][-1.51558e-05 0.00029586 -6.09268e-05][-1.98661e-05 -6.09268e-05 0.00020455]]
weight = 6.99777e-05 mean = [-3.16856 2.14455 -3.93959] covariance = [[0.000565439 3.73985e-05 -9.96002e-05][3.73985e-05 0.0002962 -7.66139e-05][-9.96002e-05 -7.66139e-05 0.00021835]]
weight = 0.00286997 mean = [-2.8081 2.03707 -4.26416] covariance = [[7.55815e-05 -1.54558e-05 -6.40612e-06][-1.54558e-05 6.39398e-05 2.48398e-06][-6.40612e-06 2.48398e-06 6.88093e-05]]
weight = 0.190764 mean = [-2.63315 1.87605 -4.20949] covariance = [[0.000111212 -5.03681e-05 -2.95335e-05][-5.03681e-05 7.99102e-05 3.15857e-06][-2.95335e-05 3.15857e-06 6.54931e-05]]
weight = 0.000341763 mean = [-3.018 2.32928 -3.93476] covariance = [[0.0562985 -0.0591605 -0.032265][-0.0591605 0.0720311 0.0369851][-0.032265 0.0369851 0.0360259]]
weight = 6.99777e-05 mean = [-3.20097 2.13818 -3.92992] covariance = [[0.000565439 3.73985e-05 -9.96002e-05][3.73985e-05 0.0002962 -7.66139e-05][-9.96002e-05 -7.66139e-05 0.00021835]]
weight = 0.0907651 mean = [-2.27942 1.36056 -2.3664] covariance = [[0.0977858 -0.0407707 0.0234077][-0.0407707 0.271826 -0.0334611][0.0234077 -0.0334611 0.31769]]
weight = 2.82308e-05 mean = [-3.24662 2.12919 -3.91629] covariance = [[0.000565439 3.73985e-05 -9.96002e-05][3.73985e-05 0.0002962 -7.66139e-05][-9.96002e-05 -7.66139e-05 0.00021835]]
weight = 0.71799 mean = [-2.20098 3.19665 -1.93227] covariance = [[2.63273e-05 -9.9757e-05 -6.75391e-05][-9.9757e-05 0.00752403 0.00228021][-6.75391e-05 0.00228021 0.000750095]]
]
2025-05-29 09:41:50 INFO  ren0 [gaussian_mixture_model.h:215] Before splitting
2025-05-29 09:41:50 INFO  ren0 [gaussian_mixture_model.h:216] GMM[
weight = 1.40742e-05 mean = [-3.20265 2.13785 -3.92942] covariance = [[0.000308315 -1.51558e-05 -1.98661e-05][-1.51558e-05 0.00029586 -6.09268e-05][-1.98661e-05 -6.09268e-05 0.00020455]]
weight = 1.40742e-05 mean = [-3.22576 2.1333 -3.92252] covariance = [[0.000308315 -1.51558e-05 -1.98661e-05][-1.51558e-05 0.00029586 -6.09268e-05][-1.98661e-05 -6.09268e-05 0.00020455]]
weight = 0.000194531 mean = [-3.16856 2.14455 -3.93959] covariance = [[0.000565439 3.73985e-05 -9.96002e-05][3.73985e-05 0.0002962 -7.66139e-05][-9.96002e-05 -7.66139e-05 0.00021835]]
weight = 0.00286159 mean = [-2.8081 2.03707 -4.26416] covariance = [[7.55815e-05 -1.54558e-05 -6.40612e-06][-1.54558e-05 6.39398e-05 2.48398e-06][-6.40612e-06 2.48398e-06 6.88093e-05]]
weight = 0.000475032 mean = [-2.63384 1.87686 -4.209] covariance = [[0.000486095 -0.000467455 -0.000275928][-0.000467455 0.000585284 0.000291577][-0.000275928 0.000291577 0.000274543]]
weight = 6.97735e-05 mean = [-3.20097 2.13818 -3.92992] covariance = [[0.000565439 3.73985e-05 -9.96002e-05][3.73985e-05 0.0002962 -7.66139e-05][-9.96002e-05 -7.66139e-05 0.00021835]]
weight = 0.219382 mean = [-2.20026 1.67561 -2.19771] covariance = [[0.124873 -0.032867 -0.00633868][-0.032867 1.15133 0.208878][-0.00633868 0.208878 0.252164]]
weight = 8.33965e-08 mean = [-3.37208 2.11697 -3.87535] covariance = [[4.46311e-05 1.88924e-05 -3.7679e-06][1.88924e-05 2.04024e-05 -2.15842e-06][-3.7679e-06 -2.15842e-06 1.05203e-05]]
weight = 0.779948 mean = [-2.20049 3.19927 -1.93232] covariance = [[1.75108e-05 -4.83932e-06 -1.96595e-05][-4.83932e-06 0.00241248 0.000752074][-1.96595e-05 0.000752074 0.000255515]]
]
2025-05-29 09:41:50 INFO  ren0 [gaussian_mixture_model.h:218] Before merging
2025-05-29 09:41:50 INFO  ren0 [gaussian_mixture_model.h:219] GMM[
weight = 7.0371e-06 mean = [-3.20004 2.12992 -3.92592] covariance = [[0.000304739 2.61663e-05 -3.81131e-05][2.61663e-05 0.000180089 -5.3888e-06][-3.81131e-05 -5.3888e-06 0.000190026]]
weight = 1.40742e-05 mean = [-3.22576 2.1333 -3.92252] covariance = [[0.000308315 -1.51558e-05 -1.98661e-05][-1.51558e-05 0.00029586 -6.09268e-05][-1.98661e-05 -6.09268e-05 0.00020455]]
weight = 0.000194531 mean = [-3.16856 2.14455 -3.93959] covariance = [[0.000565439 3.73985e-05 -9.96002e-05][3.73985e-05 0.0002962 -7.66139e-05][-9.96002e-05 -7.66139e-05 0.00021835]]
weight = 0.00286159 mean = [-2.8081 2.03707 -4.26416] covariance = [[7.55815e-05 -1.54558e-05 -6.40612e-06][-1.54558e-05 6.39398e-05 2.48398e-06][-6.40612e-06 2.48398e-06 6.88093e-05]]
weight = 7.0371e-06 mean = [-3.20525 2.14578 -3.93292] covariance = [[0.000304739 2.61663e-05 -3.81131e-05][2.61663e-05 0.000180089 -5.3888e-06][-3.81131e-05 -5.3888e-06 0.000190026]]
weight = 0.000475032 mean = [-2.63384 1.87686 -4.209] covariance = [[0.000486095 -0.000467455 -0.000275928][-0.000467455 0.000585284 0.000291577][-0.000275928 0.000291577 0.000274543]]
weight = 6.97735e-05 mean = [-3.20097 2.13818 -3.92992] covariance = [[0.000565439 3.73985e-05 -9.96002e-05][3.73985e-05 0.0002962 -7.66139e-05][-9.96002e-05 -7.66139e-05 0.00021835]]
weight = 0.219382 mean = [-2.20026 1.67561 -2.19771] covariance = [[0.124873 -0.032867 -0.00633868][-0.032867 1.15133 0.208878][-0.00633868 0.208878 0.252164]]
weight = 8.33965e-08 mean = [-3.37208 2.11697 -3.87535] covariance = [[4.46311e-05 1.88924e-05 -3.7679e-06][1.88924e-05 2.04024e-05 -2.15842e-06][-3.7679e-06 -2.15842e-06 1.05203e-05]]
weight = 0.779948 mean = [-2.20049 3.19927 -1.93232] covariance = [[1.75108e-05 -4.83932e-06 -1.96595e-05][-4.83932e-06 0.00241248 0.000752074][-1.96595e-05 0.000752074 0.000255515]]
]
2025-05-29 09:41:50 INFO  ren0 [gaussian_mixture_model.h:215] Before splitting
2025-05-29 09:41:50 INFO  ren0 [gaussian_mixture_model.h:216] GMM[
weight = 0.00285315 mean = [-2.8081 2.03707 -4.26416] covariance = [[7.55815e-05 -1.54558e-05 -6.40612e-06][-1.54558e-05 6.39398e-05 2.48398e-06][-6.40612e-06 2.48398e-06 6.88093e-05]]
weight = 0.000115811 mean = [-3.018 2.32927 -3.93476] covariance = [[0.0563004 -0.0591624 -0.0322657][-0.0591624 0.072033 0.0369859][-0.0322657 0.0369859 0.0360269]]
weight = 1.08596e-09 mean = [-3.34873 2.0904 -3.83235] covariance = [[2.20221e-05 6.25253e-05 -4.62918e-05][6.25253e-05 0.000350437 -0.000250714][-4.62918e-05 -0.000250714 0.00019523]]
weight = 0.271162 mean = [-2.23606 2.13887 -2.05296] covariance = [[0.10697 -0.0127761 0.00909203][-0.0127761 1.86411 0.421015][0.00909203 0.421015 0.236431]]
weight = 0.728722 mean = [-2.20031 3.20058 -1.93224] covariance = [[1.46172e-05 3.02835e-05 -2.20434e-07][3.02835e-05 0.00061574 0.000220628][-2.20434e-07 0.000220628 9.0324e-05]]
]
2025-05-29 09:41:51 INFO  ren0 [gaussian_mixture_model.h:218] Before merging
2025-05-29 09:41:51 INFO  ren0 [gaussian_mixture_model.h:219] GMM[
weight = 5.79053e-05 mean = [-3.13279 2.46042 -3.85683] covariance = [[0.0299564 -0.029054 -0.0143743][-0.029054 0.0376452 0.0165457][-0.0143743 0.0165457 0.0238907]]
weight = 5.42978e-10 mean = [-3.35045 2.08109 -3.82549] covariance = [[2.6143e-05 3.06052e-05 -2.27556e-05][3.06052e-05 0.000187131 -0.000122928][-2.27556e-05 -0.000122928 0.000111007]]
weight = 0.135581 mean = [-2.23219 1.45758 -2.21873] covariance = [[0.10695 -0.00750264 0.0103751][-0.00750264 0.935796 0.195149][0.0103751 0.195149 0.181487]]
weight = 0.00285315 mean = [-2.8081 2.03707 -4.26416] covariance = [[7.55815e-05 -1.54558e-05 -6.40612e-06][-1.54558e-05 6.39398e-05 2.48398e-06][-6.40612e-06 2.48398e-06 6.88093e-05]]
weight = 0.364361 mean = [-2.20086 3.18818 -1.93675] covariance = [[2.40154e-05 1.66821e-05 -5.16434e-06][1.66821e-05 0.000318321 0.000108886][-5.16434e-06 0.000108886 5.97072e-05]]
weight = 5.79053e-05 mean = [-2.9032 2.19813 -4.01269] covariance = [[0.0299564 -0.029054 -0.0143743][-0.029054 0.0376452 0.0165457][-0.0143743 0.0165457 0.0238907]]
weight = 5.42978e-10 mean = [-3.34702 2.0997 -3.83921] covariance = [[2.6143e-05 3.06052e-05 -2.27556e-05][3.06052e-05 0.000187131 -0.000122928][-2.27556e-05 -0.000122928 0.000111007]]
weight = 0.135581 mean = [-2.23993 2.82017 -1.8872] covariance = [[0.10695 -0.00750264 0.0103751][-0.00750264 0.935796 0.195149][0.0103751 0.195149 0.181487]]
weight = 0.364361 mean = [-2.19976 3.21298 -1.92774] covariance = [[2.40154e-05 1.66821e-05 -5.16434e-06][1.66821e-05 0.000318321 0.000108886][-5.16434e-06 0.000108886 5.97072e-05]]
]
2025-05-29 09:41:51 INFO  ren0 [gaussian_mixture_model.h:215] Before splitting
2025-05-29 09:41:51 INFO  ren0 [gaussian_mixture_model.h:216] GMM[
weight = 0.109496 mean = [-2.26098 1.24788 -2.36256] covariance = [[0.0794345 -0.0301776 0.00197786][-0.0301776 0.164666 0.0106294][0.00197786 0.0106294 0.200448]]
weight = 0.00284503 mean = [-2.8081 2.03707 -4.26416] covariance = [[7.55815e-05 -1.54558e-05 -6.40612e-06][-1.54558e-05 6.39398e-05 2.48398e-06][-6.40612e-06 2.48398e-06 6.88093e-05]]
weight = 0.298168 mean = [-2.20045 3.19955 -1.93252] covariance = [[1.70388e-05 1.57592e-05 1.96108e-06][1.57592e-05 2.6661e-05 1.47857e-05][1.96108e-06 1.47857e-05 1.7488e-05]]
weight = 0.00104324 mean = [-3.23391 2.42082 -3.92552] covariance = [[0.0905422 -0.0805266 -0.0416339][-0.0805266 0.0925792 0.0393175][-0.0416339 0.0393175 0.0507391]]
weight = 0.105277 mean = [-2.26149 2.0636 -2.10387] covariance = [[0.106751 0.000651022 0.012061][0.000651022 1.64198 0.373627][0.012061 0.373627 0.247447]]
weight = 0.486016 mean = [-2.20024 3.20226 -1.93219] covariance = [[1.67386e-05 3.29125e-05 3.58449e-06][3.29125e-05 0.000231791 9.65844e-05][3.58449e-06 9.65844e-05 5.08197e-05]]
]
2025-05-29 09:41:51 INFO  ren0 [gaussian_mixture_model.h:218] Before merging
2025-05-29 09:41:51 INFO  ren0 [gaussian_mixture_model.h:219] GMM[
weight = 0.0547478 mean = [-2.24773 1.17925 -2.57714] covariance = [[0.0790935 -0.028359 0.00766376][-0.028359 0.155256 -0.0188247][0.00766376 -0.0188247 0.108367]]
weight = 0.149084 mean = [-2.20201 3.19699 -1.93401] covariance = [[2.21965e-05 7.78842e-06 -2.69082e-06][7.78842e-06 2.35403e-05 7.12827e-06][-2.69082e-06 7.12827e-06 2.3019e-05]]
weight = 0.0547478 mean = [-2.27422 1.31651 -2.14798] covariance = [[0.0790935 -0.028359 0.00766376][-0.028359 0.155256 -0.0188247][0.00766376 -0.0188247 0.108367]]
weight = 0.00284503 mean = [-2.8081 2.03707 -4.26416] covariance = [[7.55815e-05 -1.54558e-05 -6.40612e-06][-1.54558e-05 6.39398e-05 2.48398e-06][-6.40612e-06 2.48398e-06 6.88093e-05]]
weight = 0.149084 mean = [-2.1989 3.20211 -1.93102] covariance = [[2.21965e-05 7.78842e-06 -2.69082e-06][7.78842e-06 2.35403e-05 7.12827e-06][-2.69082e-06 7.12827e-06 2.3019e-05]]
weight = 0.000521619 mean = [-3.08917 2.2755 -4.00699] covariance = [[0.0486521 -0.0384584 -0.0180478][-0.0384584 0.0503523 0.0156369][-0.0180478 0.0156369 0.0374723]]
weight = 0.000521619 mean = [-3.37866 2.56614 -3.84404] covariance = [[0.0486521 -0.0384584 -0.0180478][-0.0384584 0.0503523 0.0156369][-0.0180478 0.0156369 0.0374723]]
weight = 0.0526386 mean = [-2.26004 2.70252 -1.94347] covariance = [[0.106757 -0.0011928 0.0115981][-0.0011928 0.825559 0.168658][0.0115981 0.168658 0.195998]]
weight = 0.0526386 mean = [-2.26293 1.42469 -2.26428] covariance = [[0.106757 -0.0011928 0.0115981][-0.0011928 0.825559 0.168658][0.0115981 0.168658 0.195998]]
weight = 0.486016 mean = [-2.20024 3.20226 -1.93219] covariance = [[1.67386e-05 3.29125e-05 3.58449e-06][3.29125e-05 0.000231791 9.65844e-05][3.58449e-06 9.65844e-05 5.08197e-05]]
]
2025-05-29 09:41:51 INFO  ren0 [gaussian_mixture_model.h:215] Before splitting
2025-05-29 09:41:51 INFO  ren0 [gaussian_mixture_model.h:216] GMM[
weight = 0.12321 mean = [-2.20083 3.19478 -1.93172] covariance = [[1.51578e-05 1.43143e-05 -1.10948e-06][1.43143e-05 2.31341e-05 7.89497e-06][-1.10948e-06 7.89497e-06 1.16985e-05]]
weight = 0.00283696 mean = [-2.8081 2.03707 -4.26416] covariance = [[7.55815e-05 -1.54558e-05 -6.40612e-06][-1.54558e-05 6.39398e-05 2.48398e-06][-6.40612e-06 2.48398e-06 6.88093e-05]]
weight = 0.153645 mean = [-2.20018 3.20086 -1.93217] covariance = [[1.66766e-05 1.50872e-05 5.35897e-07][1.50872e-05 2.46068e-05 1.16441e-05][5.35897e-07 1.16441e-05 1.46469e-05]]
weight = 0.0010148 mean = [-3.05629 2.31309 -4.14948] covariance = [[0.029738 -0.0241819 -0.0175614][-0.0241819 0.0240078 0.0134443][-0.0175614 0.0134443 0.0221704]]
weight = 0.000255167 mean = [-3.13577 2.38386 -4.11487] covariance = [[0.0346398 -0.0262503 -0.0261922][-0.0262503 0.020694 0.0194954][-0.0261922 0.0194954 0.022056]]
weight = 0.44447 mean = [-2.26823 4.43664 -1.38889] covariance = [[0.00455663 -0.00134643 -6.74479e-05][-0.00134643 0.386252 0.11222][-6.74479e-05 0.11222 0.0406234]]
weight = 0.0485536 mean = [-2.24467 1.13422 -2.25712] covariance = [[0.0249742 -0.00686496 -0.00553829][-0.00686496 0.0993412 -0.000295984][-0.00553829 -0.000295984 0.0519962]]
weight = 0.228852 mean = [-2.20028 3.2012 -1.93275] covariance = [[1.84851e-05 2.75759e-05 5.15484e-06][2.75759e-05 9.13498e-05 4.61101e-05][5.15484e-06 4.61101e-05 3.33032e-05]]
]
2025-05-29 09:41:51 INFO  ren0 [gaussian_mixture_model.h:218] Before merging
2025-05-29 09:41:51 INFO  ren0 [gaussian_mixture_model.h:219] GMM[
weight = 0.0616049 mean = [-2.20247 3.19241 -1.93244] covariance = [[1.97707e-05 6.51563e-06 -3.45535e-06][6.51563e-06 2.18443e-05 4.49895e-06][-3.45535e-06 4.49895e-06 2.06769e-05]]
weight = 0.0616049 mean = [-2.19919 3.19716 -1.93101] covariance = [[1.97707e-05 6.51563e-06 -3.45535e-06][6.51563e-06 2.18443e-05 4.49895e-06][-3.45535e-06 4.49895e-06 2.06769e-05]]
weight = 0.0768223 mean = [-2.20179 3.1984 -1.93333] covariance = [[2.14569e-05 7.14304e-06 -3.21942e-06][7.14304e-06 2.25162e-05 5.9287e-06][-3.21942e-06 5.9287e-06 2.19451e-05]]
weight = 0.00283696 mean = [-2.8081 2.03707 -4.26416] covariance = [[7.55815e-05 -1.54558e-05 -6.40612e-06][-1.54558e-05 6.39398e-05 2.48398e-06][-6.40612e-06 2.48398e-06 6.88093e-05]]
weight = 0.0768223 mean = [-2.19856 3.20331 -1.93101] covariance = [[2.14569e-05 7.14304e-06 -3.21942e-06][7.14304e-06 2.25162e-05 5.9287e-06][-3.21942e-06 5.9287e-06 2.19451e-05]]
weight = 0.0010148 mean = [-3.05629 2.31309 -4.14948] covariance = [[0.029738 -0.0241819 -0.0175614][-0.0241819 0.0240078 0.0134443][-0.0175614 0.0134443 0.0221704]]
weight = 0.000255167 mean = [-3.13577 2.38386 -4.11487] covariance = [[0.0346398 -0.0262503 -0.0261922][-0.0262503 0.020694 0.0194954][-0.0261922 0.0194954 0.022056]]
weight = 0.44447 mean = [-2.26823 4.43664 -1.38889] covariance = [[0.00455663 -0.00134643 -6.74479e-05][-0.00134643 0.386252 0.11222][-6.74479e-05 0.11222 0.0406234]]
weight = 0.0485536 mean = [-2.24467 1.13422 -2.25712] covariance = [[0.0249742 -0.00686496 -0.00553829][-0.00686496 0.0993412 -0.000295984][-0.00553829 -0.000295984 0.0519962]]
weight = 0.228852 mean = [-2.20028 3.2012 -1.93275] covariance = [[1.84851e-05 2.75759e-05 5.15484e-06][2.75759e-05 9.13498e-05 4.61101e-05][5.15484e-06 4.61101e-05 3.33032e-05]]
]
2025-05-29 09:41:51 INFO  ren0 [gaussian_mixture_model.h:215] Before splitting
2025-05-29 09:41:51 INFO  ren0 [gaussian_mixture_model.h:216] GMM[
weight = 0.0770891 mean = [-2.20115 3.19098 -1.93169] covariance = [[1.48104e-05 1.23141e-05 -1.27941e-06][1.23141e-05 2.11476e-05 1.02264e-05][-1.27941e-06 1.02264e-05 1.52129e-05]]
weight = 0.11114 mean = [-2.20028 3.19598 -1.93156] covariance = [[1.52597e-05 1.29593e-05 -1.18299e-06][1.29593e-05 1.98019e-05 7.74204e-06][-1.18299e-06 7.74204e-06 1.21655e-05]]
weight = 0.0821764 mean = [-2.20067 3.20022 -1.93228] covariance = [[1.37278e-05 9.3553e-06 -1.47391e-06][9.3553e-06 1.39731e-05 7.40349e-06][-1.47391e-06 7.40349e-06 1.29848e-05]]
weight = 0.00282893 mean = [-2.8081 2.03707 -4.26416] covariance = [[7.55815e-05 -1.54558e-05 -6.40612e-06][-1.54558e-05 6.39398e-05 2.48398e-06][-6.40612e-06 2.48398e-06 6.88093e-05]]
weight = 0.154395 mean = [-2.20008 3.20333 -1.93207] covariance = [[1.59558e-05 1.29578e-05 -6.2727e-07][1.29578e-05 2.11766e-05 1.04833e-05][-6.2727e-07 1.04833e-05 1.46119e-05]]
weight = 0.0200826 mean = [-3.04093 2.19587 -4.1467] covariance = [[0.0303274 -0.0259278 -0.0195445][-0.0259278 0.0256781 0.0146756][-0.0195445 0.0146756 0.0164287]]
weight = 0.176713 mean = [-2.25755 4.30505 -1.45019] covariance = [[0.00504626 -0.00727022 -0.00312038][-0.00727022 0.485375 0.163615][-0.00312038 0.163615 0.0651786]]
weight = 0.11947 mean = [-2.45145 1.25564 -2.31468] covariance = [[0.442766 -0.0487069 -0.0648408][-0.0487069 0.100093 0.000411398][-0.0648408 0.000411398 0.0847101]]
weight = 0.258935 mean = [-2.20002 3.20152 -1.93249] covariance = [[2.16737e-05 2.36501e-05 4.737e-06][2.36501e-05 4.39963e-05 2.34942e-05][4.737e-06 2.34942e-05 2.258e-05]]
]
2025-05-29 09:41:51 INFO  ren0 [gaussian_mixture_model.h:218] Before merging
2025-05-29 09:41:51 INFO  ren0 [gaussian_mixture_model.h:219] GMM[
weight = 0.0385445 mean = [-2.19976 3.19326 -1.93053] covariance = [[2.09191e-05 5.95855e-06 -4.49712e-06][5.95855e-06 2.07673e-05 4.97104e-06][-4.49712e-06 4.97104e-06 2.25522e-05]]
weight = 0.11114 mean = [-2.20028 3.19598 -1.93156] covariance = [[1.52597e-05 1.29593e-05 -1.18299e-06][1.29593e-05 1.98019e-05 7.74204e-06][-1.18299e-06 7.74204e-06 1.21655e-05]]
weight = 0.0821764 mean = [-2.20067 3.20022 -1.93228] covariance = [[1.37278e-05 9.3553e-06 -1.47391e-06][9.3553e-06 1.39731e-05 7.40349e-06][-1.47391e-06 7.40349e-06 1.29848e-05]]
weight = 0.00282893 mean = [-2.8081 2.03707 -4.26416] covariance = [[7.55815e-05 -1.54558e-05 -6.40612e-06][-1.54558e-05 6.39398e-05 2.48398e-06][-6.40612e-06 2.48398e-06 6.88093e-05]]
weight = 0.154395 mean = [-2.20008 3.20333 -1.93207] covariance = [[1.59558e-05 1.29578e-05 -6.2727e-07][1.29578e-05 2.11766e-05 1.04833e-05][-6.2727e-07 1.04833e-05 1.46119e-05]]
weight = 0.0385445 mean = [-2.20255 3.1887 -1.93284] covariance = [[2.09191e-05 5.95855e-06 -4.49712e-06][5.95855e-06 2.07673e-05 4.97104e-06][-4.49712e-06 4.97104e-06 2.25522e-05]]
weight = 0.0200826 mean = [-3.04093 2.19587 -4.1467] covariance = [[0.0303274 -0.0259278 -0.0195445][-0.0259278 0.0256781 0.0146756][-0.0195445 0.0146756 0.0164287]]
weight = 0.176713 mean = [-2.25755 4.30505 -1.45019] covariance = [[0.00504626 -0.00727022 -0.00312038][-0.00727022 0.485375 0.163615][-0.00312038 0.163615 0.0651786]]
weight = 0.11947 mean = [-2.45145 1.25564 -2.31468] covariance = [[0.442766 -0.0487069 -0.0648408][-0.0487069 0.100093 0.000411398][-0.0648408 0.000411398 0.0847101]]
weight = 0.258935 mean = [-2.20002 3.20152 -1.93249] covariance = [[2.16737e-05 2.36501e-05 4.737e-06][2.36501e-05 4.39963e-05 2.34942e-05][4.737e-06 2.34942e-05 2.258e-05]]
]
2025-05-29 09:41:51 INFO  ren0 [gaussian_mixture_model.h:215] Before splitting
2025-05-29 09:41:51 INFO  ren0 [gaussian_mixture_model.h:216] GMM[
weight = 0.00282095 mean = [-2.8081 2.03707 -4.26416] covariance = [[7.55815e-05 -1.54558e-05 -6.40612e-06][-1.54558e-05 6.39398e-05 2.48398e-06][-6.40612e-06 2.48398e-06 6.88093e-05]]
weight = 0.0250732 mean = [-2.20062 3.19194 -1.93296] covariance = [[1.41936e-05 1.11473e-05 1.01792e-07][1.11473e-05 2.0475e-05 1.30845e-05][1.01792e-07 1.30845e-05 1.78017e-05]]
weight = 0.00734371 mean = [-2.96961 2.1345 -4.17415] covariance = [[0.0532327 -0.0454718 -0.0276544][-0.0454718 0.0423527 0.0218441][-0.0276544 0.0218441 0.0186539]]
weight = 0.123001 mean = [-2.26991 4.41333 -1.4219] covariance = [[0.00310864 -0.015591 -0.00620193][-0.015591 0.479048 0.175077][-0.00620193 0.175077 0.0701545]]
weight = 0.125413 mean = [-2.32396 1.26313 -2.31384] covariance = [[0.275694 -0.0218718 0.00539088][-0.0218718 0.121208 -0.0194269][0.00539088 -0.0194269 0.194624]]
weight = 0.719169 mean = [-2.20015 3.20085 -1.93217] covariance = [[1.59653e-05 1.53917e-05 6.67107e-07][1.53917e-05 3.02128e-05 1.51253e-05][6.67107e-07 1.51253e-05 1.6609e-05]]
]
2025-05-29 09:41:51 INFO  ren0 [gaussian_mixture_model.h:218] Before merging
2025-05-29 09:41:51 INFO  ren0 [gaussian_mixture_model.h:219] GMM[
weight = 0.0125366 mean = [-2.20178 3.18971 -1.93458] covariance = [[2.15154e-05 5.98852e-06 -3.66194e-06][5.98852e-06 2.05383e-05 5.83484e-06][-3.66194e-06 5.83484e-06 2.25125e-05]]
weight = 0.00367185 mean = [-3.08439 2.23481 -4.11378] covariance = [[0.0268972 -0.0224447 -0.0137962][-0.0224447 0.0222361 0.00973145][-0.0137962 0.00973145 0.0113742]]
weight = 0.0615003 mean = [-2.28133 4.75916 -1.29405] covariance = [[0.00285743 -0.00768667 -0.00327978][-0.00768667 0.239866 0.08665][-0.00327978 0.08665 0.0374741]]
weight = 0.00282095 mean = [-2.8081 2.03707 -4.26416] covariance = [[7.55815e-05 -1.54558e-05 -6.40612e-06][-1.54558e-05 6.39398e-05 2.48398e-06][-6.40612e-06 2.48398e-06 6.88093e-05]]
weight = 0.0627067 mean = [-2.58416 1.30221 -2.33931] covariance = [[0.140302 -0.00153702 -0.00786243][-0.00153702 0.118164 -0.0174365][-0.00786243 -0.0174365 0.193336]]
weight = 0.0125366 mean = [-2.19946 3.19417 -1.93133] covariance = [[2.15154e-05 5.98852e-06 -3.66194e-06][5.98852e-06 2.05383e-05 5.83484e-06][-3.66194e-06 5.83484e-06 2.25125e-05]]
weight = 0.00367185 mean = [-2.85484 2.03418 -4.23453] covariance = [[0.0268972 -0.0224447 -0.0137962][-0.0224447 0.0222361 0.00973145][-0.0137962 0.00973145 0.0113742]]
weight = 0.0615003 mean = [-2.25848 4.06751 -1.54974] covariance = [[0.00285743 -0.00768667 -0.00327978][-0.00768667 0.239866 0.08665][-0.00327978 0.08665 0.0374741]]
weight = 0.0627067 mean = [-2.06377 1.22405 -2.28837] covariance = [[0.140302 -0.00153702 -0.00786243][-0.00153702 0.118164 -0.0174365][-0.00786243 -0.0174365 0.193336]]
weight = 0.719169 mean = [-2.20015 3.20085 -1.93217] covariance = [[1.59653e-05 1.53917e-05 6.67107e-07][1.53917e-05 3.02128e-05 1.51253e-05][6.67107e-07 1.51253e-05 1.6609e-05]]
]
2025-05-29 09:41:51 INFO  ren0 [gaussian_mixture_model.h:215] Before splitting
2025-05-29 09:41:51 INFO  ren0 [gaussian_mixture_model.h:216] GMM[
weight = 0.00154123 mean = [-3.00104 2.12458 -4.10288] covariance = [[0.0645071 -0.0336536 -0.0479396][-0.0336536 0.0219221 0.0228084][-0.0479396 0.0228084 0.0382648]]
weight = 0.00182243 mean = [-2.21574 4.43225 -1.40947] covariance = [[0.00265095 -0.0149726 -0.0046584][-0.0149726 2.18384 0.985762][-0.0046584 0.985762 0.453293]]
weight = 8.71588e-06 mean = [-2.8187 2.02403 -4.22644] covariance = [[1e-05 5.96856e-13 -1.24523e-12][5.96856e-13 1e-05 8.95284e-13][-1.24523e-12 8.95284e-13 1e-05]]
weight = 0.0571839 mean = [-2.51058 1.31942 -2.25219] covariance = [[0.373504 -0.025742 -0.0904963][-0.025742 0.128739 -0.0367229][-0.0904963 -0.0367229 0.211121]]
weight = 0.122943 mean = [-2.20087 3.19748 -1.93262] covariance = [[1.74883e-05 2.2017e-05 1.03367e-06][2.2017e-05 5.64215e-05 2.39065e-05][1.03367e-06 2.39065e-05 2.0565e-05]]
weight = 0.00522315 mean = [-2.87816 2.0721 -4.21381] covariance = [[0.0263613 -0.0208882 -0.0134975][-0.0208882 0.01889 0.00938603][-0.0134975 0.00938603 0.0103557]]
weight = 0.066089 mean = [-2.23735 3.80983 -1.68325] covariance = [[0.00266943 -0.0266121 -0.0111666][-0.0266121 0.601786 0.242586][-0.0111666 0.242586 0.102048]]
weight = 0.100144 mean = [-2.22235 1.21294 -2.29454] covariance = [[0.130908 -0.0146659 -0.001394][-0.0146659 0.0845363 -0.0117708][-0.001394 -0.0117708 0.148367]]
weight = 0.645045 mean = [-2.20039 3.20042 -1.93229] covariance = [[1.55616e-05 1.23852e-05 2.93265e-07][1.23852e-05 1.89427e-05 1.0195e-05][2.93265e-07 1.0195e-05 1.43573e-05]]
]
2025-05-29 09:41:51 INFO  ren0 [gaussian_mixture_model.h:218] Before merging
2025-05-29 09:41:51 INFO  ren0 [gaussian_mixture_model.h:219] GMM[
weight = 0.000770617 mean = [-3.12775 2.19139 -4.00784] covariance = [[0.0324052 -0.0167242 -0.023853][-0.0167242 0.013007 0.0101099][-0.023853 0.0101099 0.0202078]]
weight = 0.000770617 mean = [-2.87433 2.05778 -4.19793] covariance = [[0.0324052 -0.0167242 -0.023853][-0.0167242 0.013007 0.0101099][-0.023853 0.0101099 0.0202078]]
weight = 0.00182243 mean = [-2.21574 4.43225 -1.40947] covariance = [[0.00265095 -0.0149726 -0.0046584][-0.0149726 2.18384 0.985762][-0.0046584 0.985762 0.453293]]
weight = 8.71588e-06 mean = [-2.8187 2.02403 -4.22644] covariance = [[1e-05 5.96856e-13 -1.24523e-12][5.96856e-13 1e-05 8.95284e-13][-1.24523e-12 8.95284e-13 1e-05]]
weight = 0.0571839 mean = [-2.51058 1.31942 -2.25219] covariance = [[0.373504 -0.025742 -0.0904963][-0.025742 0.128739 -0.0367229][-0.0904963 -0.0367229 0.211121]]
weight = 0.122943 mean = [-2.20087 3.19748 -1.93262] covariance = [[1.74883e-05 2.2017e-05 1.03367e-06][2.2017e-05 5.64215e-05 2.39065e-05][1.03367e-06 2.39065e-05 2.0565e-05]]
weight = 0.00522315 mean = [-2.87816 2.0721 -4.21381] covariance = [[0.0263613 -0.0208882 -0.0134975][-0.0208882 0.01889 0.00938603][-0.0134975 0.00938603 0.0103557]]
weight = 0.066089 mean = [-2.23735 3.80983 -1.68325] covariance = [[0.00266943 -0.0266121 -0.0111666][-0.0266121 0.601786 0.242586][-0.0111666 0.242586 0.102048]]
weight = 0.100144 mean = [-2.22235 1.21294 -2.29454] covariance = [[0.130908 -0.0146659 -0.001394][-0.0146659 0.0845363 -0.0117708][-0.001394 -0.0117708 0.148367]]
weight = 0.645045 mean = [-2.20039 3.20042 -1.93229] covariance = [[1.55616e-05 1.23852e-05 2.93265e-07][1.23852e-05 1.89427e-05 1.0195e-05][2.93265e-07 1.0195e-05 1.43573e-05]]
]
2025-05-29 09:41:51 INFO  ren0 [gaussian_mixture_model.h:215] Before splitting
2025-05-29 09:41:51 INFO  ren0 [gaussian_mixture_model.h:216] GMM[
weight = 3.48574e-06 mean = [-3.34197 2.24364 -3.85653] covariance = [[0.0220447 -0.0106011 -0.0179999][-0.0106011 0.00911691 0.00426634][-0.0179999 0.00426634 0.0199517]]
weight = 0.00040303 mean = [-3.0013 2.1247 -4.10272] covariance = [[0.0645308 -0.0336541 -0.0479497][-0.0336541 0.0219195 0.0228017][-0.0479497 0.0228017 0.0382739]]
weight = 0.000863497 mean = [-2.22638 3.67321 -1.75326] covariance = [[0.00356744 0.00296513 0.00348925][0.00296513 2.16906 0.977338][0.00348925 0.977338 0.447091]]
weight = 0.00137957 mean = [-2.8823 2.07485 -4.21216] covariance = [[0.0276592 -0.0217125 -0.0139813][-0.0217125 0.0193852 0.0097019][-0.0139813 0.0097019 0.0104936]]
weight = 0.0382015 mean = [-2.22008 3.4806 -1.82056] covariance = [[0.00162916 -0.0177164 -0.00747692][-0.0177164 0.399628 0.161932][-0.00747692 0.161932 0.0677097]]
weight = 0.160159 mean = [-2.22035 1.13317 -2.23661] covariance = [[0.0576967 -0.01508 -0.00335509][-0.01508 0.0696142 -0.0115874][-0.00335509 -0.0115874 0.0753658]]
weight = 0.79899 mean = [-2.20028 3.20027 -1.93237] covariance = [[1.58646e-05 1.34242e-05 -7.4688e-08][1.34242e-05 2.20198e-05 1.10134e-05][-7.4688e-08 1.10134e-05 1.4802e-05]]
]
2025-05-29 09:41:51 INFO  ren0 [gaussian_mixture_model.h:218] Before merging
2025-05-29 09:41:51 INFO  ren0 [gaussian_mixture_model.h:219] GMM[
weight = 1.74287e-06 mean = [-3.2684 2.21196 -3.92134] covariance = [[0.0112299 -0.00594024 -0.00846308][-0.00594024 0.00712008 0.000160046][-0.00846308 0.000160046 0.0115595]]
weight = 0.000201515 mean = [-2.87456 2.05791 -4.19777] covariance = [[0.0324174 -0.016725 -0.0238572][-0.016725 0.0130078 0.0101049][-0.0238572 0.0101049 0.0202145]]
weight = 0.000431748 mean = [-2.2251 4.40944 -1.42067] covariance = [[0.00357415 0.00107672 0.00263617][0.00107672 1.08502 0.48762][0.00263617 0.48762 0.225874]]
weight = 1.74287e-06 mean = [-3.41554 2.27531 -3.79171] covariance = [[0.0112299 -0.00594024 -0.00846308][-0.00594024 0.00712008 0.000160046][-0.00846308 0.000160046 0.0115595]]
weight = 0.000201515 mean = [-3.12803 2.19148 -4.00767] covariance = [[0.0324174 -0.016725 -0.0238572][-0.016725 0.0130078 0.0101049][-0.0238572 0.0101049 0.0202145]]
weight = 0.000431748 mean = [-2.22767 2.93699 -2.08584] covariance = [[0.00357415 0.00107672 0.00263617][0.00107672 1.08502 0.48762][0.00263617 0.48762 0.225874]]
weight = 0.00137957 mean = [-2.8823 2.07485 -4.21216] covariance = [[0.0276592 -0.0217125 -0.0139813][-0.0217125 0.0193852 0.0097019][-0.0139813 0.0097019 0.0104936]]
weight = 0.0382015 mean = [-2.22008 3.4806 -1.82056] covariance = [[0.00162916 -0.0177164 -0.00747692][-0.0177164 0.399628 0.161932][-0.00747692 0.161932 0.0677097]]
weight = 0.160159 mean = [-2.22035 1.13317 -2.23661] covariance = [[0.0576967 -0.01508 -0.00335509][-0.01508 0.0696142 -0.0115874][-0.00335509 -0.0115874 0.0753658]]
weight = 0.79899 mean = [-2.20028 3.20027 -1.93237] covariance = [[1.58646e-05 1.34242e-05 -7.4688e-08][1.34242e-05 2.20198e-05 1.10134e-05][-7.4688e-08 1.10134e-05 1.4802e-05]]
]
2025-05-29 09:41:51 INFO  ren0 [gaussian_mixture_model.h:215] Before splitting
2025-05-29 09:41:51 INFO  ren0 [gaussian_mixture_model.h:216] GMM[
weight = 9.22419e-05 mean = [-3.01675 2.13701 -4.09486] covariance = [[0.0715658 -0.0367095 -0.0505115][-0.0367095 0.0255381 0.0226826][-0.0505115 0.0226826 0.0395788]]
weight = 0.0989381 mean = [-2.20504 4.85561 -1.1958] covariance = [[0.00020377 -0.000390738 -8.54669e-05][-0.000390738 0.0393182 0.0182277][-8.54669e-05 0.0182277 0.00861784]]
weight = 0.00022008 mean = [-3.69023 2.44081 -3.77577] covariance = [[0.0386296 -0.0057487 -0.0169285][-0.0057487 0.00558377 0.00291055][-0.0169285 0.00291055 0.00785813]]
weight = 0.021582 mean = [-2.209 4.59804 -1.31547] covariance = [[0.00040228 0.0108797 0.00509956][0.0108797 0.587673 0.271939][0.00509956 0.271939 0.126221]]
weight = 0.000443505 mean = [-3.06549 2.22639 -4.1721] covariance = [[0.0912527 -0.0754396 -0.0262613][-0.0754396 0.0656074 0.0187142][-0.0262613 0.0187142 0.0175554]]
weight = 0.129497 mean = [-2.2575 1.16996 -2.25712] covariance = [[0.0501562 -0.0214647 -0.0108879][-0.0214647 0.0651303 0.00404077][-0.0108879 0.00404077 0.0692002]]
weight = 0.749227 mean = [-2.20072 3.20106 -1.93241] covariance = [[1.78494e-05 2.07118e-05 3.40981e-06][2.07118e-05 5.11505e-05 2.88868e-05][3.40981e-06 2.88868e-05 2.63898e-05]]
]
2025-05-29 09:41:51 INFO  ren0 [gaussian_mixture_model.h:218] Before merging
2025-05-29 09:41:51 INFO  ren0 [gaussian_mixture_model.h:219] GMM[
weight = 4.61209e-05 mean = [-3.15009 2.20667 -3.99957] covariance = [[0.0360186 -0.0181347 -0.0251008][-0.0181347 0.0158448 0.00940826][-0.0251008 0.00940826 0.0214292]]
weight = 4.61209e-05 mean = [-2.88342 2.06736 -4.19014] covariance = [[0.0360186 -0.0181347 -0.0251008][-0.0181347 0.0158448 0.00940826][-0.0251008 0.00940826 0.0214292]]
weight = 0.0494691 mean = [-2.20414 4.75649 -1.24191] covariance = [[0.000212163 -0.000213039 -2.80027e-06][-0.000213039 0.0196811 0.0090877][-2.80027e-06 0.0090877 0.00437587]]
weight = 0.0494691 mean = [-2.20594 4.95472 -1.14969] covariance = [[0.000212163 -0.000213039 -2.80027e-06][-0.000213039 0.0196811 0.0090877][-2.80027e-06 0.0090877 0.00437587]]
weight = 0.00011004 mean = [-3.59219 2.42419 -3.81927] covariance = [[0.0194189 -0.00249055 -0.00839881][-0.00249055 0.00504147 0.00146466][-0.00839881 0.00146466 0.00408289]]
weight = 0.021582 mean = [-2.209 4.59804 -1.31547] covariance = [[0.00040228 0.0108797 0.00509956][0.0108797 0.587673 0.271939][0.00509956 0.271939 0.126221]]
weight = 0.000443505 mean = [-3.06549 2.22639 -4.1721] covariance = [[0.0912527 -0.0754396 -0.0262613][-0.0754396 0.0656074 0.0187142][-0.0262613 0.0187142 0.0175554]]
weight = 0.00011004 mean = [-3.78826 2.45743 -3.73226] covariance = [[0.0194189 -0.00249055 -0.00839881][-0.00249055 0.00504147 0.00146466][-0.00839881 0.00146466 0.00408289]]
weight = 0.129497 mean = [-2.2575 1.16996 -2.25712] covariance = [[0.0501562 -0.0214647 -0.0108879][-0.0214647 0.0651303 0.00404077][-0.0108879 0.00404077 0.0692002]]
weight = 0.749227 mean = [-2.20072 3.20106 -1.93241] covariance = [[1.78494e-05 2.07118e-05 3.40981e-06][2.07118e-05 5.11505e-05 2.88868e-05][3.40981e-06 2.88868e-05 2.63898e-05]]
]
2025-05-29 09:41:51 INFO  ren0 [gaussian_mixture_model.h:215] Before splitting
2025-05-29 09:41:51 INFO  ren0 [gaussian_mixture_model.h:216] GMM[
weight = 1.68107e-05 mean = [-3.31822 2.36613 -3.89081] covariance = [[0.378032 -0.119553 -0.22386][-0.119553 0.0487746 0.0625041][-0.22386 0.0625041 0.140944]]
weight = 3.185e-05 mean = [-3.02302 2.17401 -4.08692] covariance = [[0.0544602 -0.0281913 -0.0386023][-0.0281913 0.0255222 0.0161922][-0.0386023 0.0161922 0.0319223]]
weight = 0.0265733 mean = [-2.20585 4.83367 -1.20693] covariance = [[0.000233238 0.000272335 0.000276539][0.000272335 0.0561037 0.0271315][0.000276539 0.0271315 0.0134]]
weight = 0.000362269 mean = [-2.26157 5.17079 -1.07068] covariance = [[7.81973e-05 -0.000720853 -0.00027913][-0.000720853 0.0103562 0.00388842][-0.00027913 0.00388842 0.00148233]]
weight = 6.08268e-05 mean = [-3.66289 2.44505 -3.78463] covariance = [[0.048875 -0.0038168 -0.0201171][-0.0038168 0.00596825 0.00239068][-0.0201171 0.00239068 0.00887393]]
weight = 0.00015572 mean = [-3.02693 2.1715 -4.11601] covariance = [[0.0835471 -0.0746651 -0.0149719][-0.0746651 0.07595 0.00278251][-0.0149719 0.00278251 0.0263838]]
weight = 3.66985e-07 mean = [-4.02581 2.3209 -3.6377] covariance = [[0.109022 0.0332933 -0.0374071][0.0332933 0.0256388 -0.0169455][-0.0374071 -0.0169455 0.0160017]]
weight = 0.150598 mean = [-2.2552 1.21519 -2.23014] covariance = [[0.0744743 -0.00936535 0.0148766][-0.00936535 0.0747149 -0.00865677][0.0148766 -0.00865677 0.0863034]]
weight = 0.822201 mean = [-2.20065 3.20142 -1.93189] covariance = [[1.88889e-05 3.83529e-05 1.14855e-05][3.83529e-05 0.000256631 0.000151983][1.14855e-05 0.000151983 0.000101914]]
]
2025-05-29 09:41:51 INFO  ren0 [gaussian_mixture_model.h:218] Before merging
2025-05-29 09:41:51 INFO  ren0 [gaussian_mixture_model.h:219] GMM[
weight = 8.40534e-06 mean = [-3.01098 2.26981 -4.07409] covariance = [[0.189253 -0.0603667 -0.111239][-0.0603667 0.0302297 0.0271972][-0.111239 0.0271972 0.0737707]]
weight = 3.185e-05 mean = [-3.02302 2.17401 -4.08692] covariance = [[0.0544602 -0.0281913 -0.0386023][-0.0281913 0.0255222 0.0161922][-0.0386023 0.0161922 0.0319223]]
weight = 0.0265733 mean = [-2.20585 4.83367 -1.20693] covariance = [[0.000233238 0.000272335 0.000276539][0.000272335 0.0561037 0.0271315][0.000276539 0.0271315 0.0134]]
weight = 0.000362269 mean = [-2.26157 5.17079 -1.07068] covariance = [[7.81973e-05 -0.000720853 -0.00027913][-0.000720853 0.0103562 0.00388842][-0.00027913 0.00388842 0.00148233]]
weight = 6.08268e-05 mean = [-3.66289 2.44505 -3.78463] covariance = [[0.048875 -0.0038168 -0.0201171][-0.0038168 0.00596825 0.00239068][-0.0201171 0.00239068 0.00887393]]
weight = 8.40534e-06 mean = [-3.62546 2.46245 -3.70753] covariance = [[0.189253 -0.0603667 -0.111239][-0.0603667 0.0302297 0.0271972][-0.111239 0.0271972 0.0737707]]
weight = 0.00015572 mean = [-3.02693 2.1715 -4.11601] covariance = [[0.0835471 -0.0746651 -0.0149719][-0.0746651 0.07595 0.00278251][-0.0149719 0.00278251 0.0263838]]
weight = 3.66985e-07 mean = [-4.02581 2.3209 -3.6377] covariance = [[0.109022 0.0332933 -0.0374071][0.0332933 0.0256388 -0.0169455][-0.0374071 -0.0169455 0.0160017]]
weight = 0.150598 mean = [-2.2552 1.21519 -2.23014] covariance = [[0.0744743 -0.00936535 0.0148766][-0.00936535 0.0747149 -0.00865677][0.0148766 -0.00865677 0.0863034]]
weight = 0.822201 mean = [-2.20065 3.20142 -1.93189] covariance = [[1.88889e-05 3.83529e-05 1.14855e-05][3.83529e-05 0.000256631 0.000151983][1.14855e-05 0.000151983 0.000101914]]
]
2025-05-29 09:41:51 INFO  ren0 [gaussian_mixture_model.h:215] Before splitting
2025-05-29 09:41:51 INFO  ren0 [gaussian_mixture_model.h:216] GMM[
weight = 0.133851 mean = [-2.19189 4.91086 -1.1674] covariance = [[4.41986e-05 0.00155106 0.00069673][0.00155106 0.176959 0.0807807][0.00069673 0.0807807 0.0369498]]
weight = 8.84088e-05 mean = [-2.26155 5.17015 -1.07092] covariance = [[7.84304e-05 -0.000725072 -0.000280391][-0.000725072 0.010487 0.00393613][-0.000280391 0.00393613 0.0015001]]
weight = 0.000345362 mean = [-3.34305 2.1717 -3.97707] covariance = [[0.0132542 -4.98651e-05 -0.00467334][-4.98651e-05 0.00770151 0.0022854][-0.00467334 0.0022854 0.00241566]]
weight = 0.0409231 mean = [-2.73649 1.99102 -4.02434] covariance = [[0.00816848 -0.00542756 -0.000286859][-0.00542756 0.00447279 0.00021585][-0.000286859 0.00021585 0.000226647]]
weight = 0.107549 mean = [-2.26048 1.31817 -2.26805] covariance = [[0.0686785 -0.0115593 0.0245666][-0.0115593 0.156401 0.00218892][0.0245666 0.00218892 0.0995832]]
weight = 0.717243 mean = [-2.20042 3.20072 -1.93233] covariance = [[1.68972e-05 2.29809e-05 5.10004e-06][2.29809e-05 8.43215e-05 5.24169e-05][5.10004e-06 5.24169e-05 4.31347e-05]]
]
2025-05-29 09:41:51 INFO  ren0 [gaussian_mixture_model.h:218] Before merging
2025-05-29 09:41:51 INFO  ren0 [gaussian_mixture_model.h:219] GMM[
weight = 0.0669256 mean = [-2.19373 4.70054 -1.26345] covariance = [[4.74369e-05 0.000777606 0.00034353][0.000777606 0.0884948 0.0403788][0.00034353 0.0403788 0.0185102]]
weight = 4.42044e-05 mean = [-2.26511 5.22135 -1.05166] covariance = [[6.30647e-05 -0.000360424 -0.000143249][-0.000360424 0.00525494 0.00196463][-0.000143249 0.00196463 0.000768632]]
weight = 0.0669256 mean = [-2.19005 5.12119 -1.07135] covariance = [[4.74369e-05 0.000777606 0.00034353][0.000777606 0.0884948 0.0403788][0.00034353 0.0403788 0.0185102]]
weight = 4.42044e-05 mean = [-2.25799 5.11895 -1.09017] covariance = [[6.30647e-05 -0.000360424 -0.000143249][-0.000360424 0.00525494 0.00196463][-0.000143249 0.00196463 0.000768632]]
weight = 0.000172681 mean = [-3.28626 2.16443 -3.99932] covariance = [[0.00681392 0.00077513 -0.00214648][0.00077513 0.00760599 0.00196221][-0.00214648 0.00196221 0.00143577]]
weight = 0.000172681 mean = [-3.39984 2.17896 -3.95482] covariance = [[0.00681392 0.00077513 -0.00214648][0.00077513 0.00760599 0.00196221][-0.00214648 0.00196221 0.00143577]]
weight = 0.0204615 mean = [-2.69185 1.95907 -4.026] covariance = [[0.00419391 -0.00257483 -0.000138294][-0.00257483 0.00244039 0.000109486][-0.000138294 0.000109486 0.000231107]]
weight = 0.0204615 mean = [-2.78112 2.02298 -4.02267] covariance = [[0.00419391 -0.00257483 -0.000138294][-0.00257483 0.00244039 0.000109486][-0.000138294 0.000109486 0.000231107]]
weight = 0.107549 mean = [-2.26048 1.31817 -2.26805] covariance = [[0.0686785 -0.0115593 0.0245666][-0.0115593 0.156401 0.00218892][0.0245666 0.00218892 0.0995832]]
weight = 0.717243 mean = [-2.20042 3.20072 -1.93233] covariance = [[1.68972e-05 2.29809e-05 5.10004e-06][2.29809e-05 8.43215e-05 5.24169e-05][5.10004e-06 5.24169e-05 4.31347e-05]]
]
2025-05-29 09:41:52 INFO  ren0 [gaussian_mixture_model.h:215] Before splitting
2025-05-29 09:41:52 INFO  ren0 [gaussian_mixture_model.h:216] GMM[
weight = 3.67876e-05 mean = [-2.20131 3.6675 -1.73938] covariance = [[0.00011213 -0.00392876 -0.00191654][-0.00392876 0.304123 0.140504][-0.00191654 0.140504 0.0650843]]
weight = 0.000174358 mean = [-2.26118 5.19529 -1.05779] covariance = [[1.03829e-05 -1.0157e-06 -2.1495e-07][-1.0157e-06 1.33541e-05 8.70856e-07][-2.1495e-07 8.70856e-07 1.03039e-05]]
weight = 0.0368968 mean = [-2.19195 4.91251 -1.16655] covariance = [[4.58996e-05 0.00149904 0.000670029][0.00149904 0.17803 0.081356][0.000670029 0.081356 0.0372572]]
weight = 0.000129315 mean = [-2.26116 5.1896 -1.06064] covariance = [[2.55674e-05 -0.000159564 -6.17647e-05][-0.000159564 0.00236944 0.000909579][-6.17647e-05 0.000909579 0.000364951]]
weight = 0.000648715 mean = [-2.95355 1.99049 -4.19087] covariance = [[0.0303779 -0.0152961 -0.0169579][-0.0152961 0.0120864 0.00979282][-0.0169579 0.00979282 0.00988004]]
weight = 1.6512e-06 mean = [-3.15456 2.48016 -3.9877] covariance = [[0.00441126 -0.0112842 -0.00421569][-0.0112842 0.0355914 0.0116407][-0.00421569 0.0116407 0.00417374]]
weight = 0.0112676 mean = [-2.7364 1.99085 -4.02431] covariance = [[0.00817348 -0.00544089 -0.000285135][-0.00544089 0.00451088 0.000208782][-0.000285135 0.000208782 0.000228097]]
weight = 0.00122429 mean = [-2.99985 1.86041 -3.87771] covariance = [[0.000119351 0.000171823 -0.000135095][0.000171823 0.000383109 -0.000281527][-0.000135095 -0.000281527 0.000238607]]
weight = 0.949621 mean = [-2.20484 3.10316 -1.95354] covariance = [[0.00235088 0.00620065 0.00194322][0.00620065 0.203131 0.0450748][0.00194322 0.0450748 0.0150561]]
]
2025-05-29 09:41:52 INFO  ren0 [gaussian_mixture_model.h:218] Before merging
2025-05-29 09:41:52 INFO  ren0 [gaussian_mixture_model.h:219] GMM[
weight = 1.83938e-05 mean = [-2.19772 3.39177 -1.86683] covariance = [[9.62451e-05 -0.0019449 -0.000999565][-0.0019449 0.152085 0.0702248][-0.000999565 0.0702248 0.03261]]
weight = 0.000174358 mean = [-2.26118 5.19529 -1.05779] covariance = [[1.03829e-05 -1.0157e-06 -2.1495e-07][-1.0157e-06 1.33541e-05 8.70856e-07][-2.1495e-07 8.70856e-07 1.03039e-05]]
weight = 0.0368968 mean = [-2.19195 4.91251 -1.16655] covariance = [[4.58996e-05 0.00149904 0.000670029][0.00149904 0.17803 0.081356][0.000670029 0.081356 0.0372572]]
weight = 0.000129315 mean = [-2.26116 5.1896 -1.06064] covariance = [[2.55674e-05 -0.000159564 -6.17647e-05][-0.000159564 0.00236944 0.000909579][-6.17647e-05 0.000909579 0.000364951]]
weight = 0.000648715 mean = [-2.95355 1.99049 -4.19087] covariance = [[0.0303779 -0.0152961 -0.0169579][-0.0152961 0.0120864 0.00979282][-0.0169579 0.00979282 0.00988004]]
weight = 1.6512e-06 mean = [-3.15456 2.48016 -3.9877] covariance = [[0.00441126 -0.0112842 -0.00421569][-0.0112842 0.0355914 0.0116407][-0.00421569 0.0116407 0.00417374]]
weight = 0.0112676 mean = [-2.7364 1.99085 -4.02431] covariance = [[0.00817348 -0.00544089 -0.000285135][-0.00544089 0.00451088 0.000208782][-0.000285135 0.000208782 0.000228097]]
weight = 0.00122429 mean = [-2.99985 1.86041 -3.87771] covariance = [[0.000119351 0.000171823 -0.000135095][0.000171823 0.000383109 -0.000281527][-0.000135095 -0.000281527 0.000238607]]
weight = 1.83938e-05 mean = [-2.20491 3.94322 -1.61194] covariance = [[9.62451e-05 -0.0019449 -0.000999565][-0.0019449 0.152085 0.0702248][-0.000999565 0.0702248 0.03261]]
weight = 0.949621 mean = [-2.20484 3.10316 -1.95354] covariance = [[0.00235088 0.00620065 0.00194322][0.00620065 0.203131 0.0450748][0.00194322 0.0450748 0.0150561]]
]
2025-05-29 09:41:52 INFO  ren0 [gaussian_mixture_model.h:215] Before splitting
2025-05-29 09:41:52 INFO  ren0 [gaussian_mixture_model.h:216] GMM[
weight = 0.000160324 mean = [-2.16303 2.15456 -2.46133] covariance = [[0.00189217 -0.0312145 -0.0168014][-0.0312145 0.956443 0.472253][-0.0168014 0.472253 0.235392]]
weight = 0.00911856 mean = [-2.19201 4.90448 -1.1702] covariance = [[4.61914e-05 0.00157822 0.000705612][0.00157822 0.190371 0.0869086][0.000705612 0.0869086 0.0397557]]
weight = 3.24853e-05 mean = [-2.26075 5.18811 -1.061] covariance = [[3.51761e-05 -0.000177898 -6.70089e-05][-0.000177898 0.00247049 0.000926941][-6.70089e-05 0.000926941 0.000368523]]
weight = 0.000904276 mean = [-3.12741 2.16114 -4.0665] covariance = [[0.0227614 -0.0151532 -0.013576][-0.0151532 0.0120499 0.00965791][-0.013576 0.00965791 0.00832936]]
weight = 0.00682828 mean = [-2.9762 2.20463 -4.02908] covariance = [[0.131375 -0.122813 0.02718][-0.122813 0.118065 -0.0247261][0.02718 -0.0247261 0.00989098]]
weight = 0.000329026 mean = [-2.99544 1.8611 -3.87573] covariance = [[0.00031647 0.000189435 -3.13266e-05][0.000189435 0.000355888 -0.000242637][-3.13266e-05 -0.000242637 0.000259813]]
weight = 0.000274353 mean = [-2.2512 5.76763 -0.691109] covariance = [[0.000111915 -0.00540165 -0.00263465][-0.00540165 0.286618 0.139417][-0.00263465 0.139417 0.0678224]]
weight = 0.982353 mean = [-2.20687 2.98935 -1.97468] covariance = [[0.00437895 0.00919123 0.00179834][0.00919123 0.398966 0.0833273][0.00179834 0.0833273 0.0258954]]
]
2025-05-29 09:41:52 INFO  ren0 [gaussian_mixture_model.h:218] Before merging
2025-05-29 09:41:52 INFO  ren0 [gaussian_mixture_model.h:219] GMM[
weight = 8.01618e-05 mean = [-2.14678 1.66566 -2.7032] covariance = [[0.00137408 -0.015326 -0.00894109][-0.015326 0.478421 0.235762][-0.00894109 0.235762 0.118406]]
weight = 8.01618e-05 mean = [-2.17928 2.64345 -2.21947] covariance = [[0.00137408 -0.015326 -0.00894109][-0.015326 0.478421 0.235762][-0.00894109 0.235762 0.118406]]
weight = 0.00455928 mean = [-2.19021 5.12263 -1.07057] covariance = [[4.96945e-05 0.000791856 0.000346494][0.000791856 0.0952014 0.0434418][0.000346494 0.0434418 0.0199153]]
weight = 3.24853e-05 mean = [-2.26075 5.18811 -1.061] covariance = [[3.51761e-05 -0.000177898 -6.70089e-05][-0.000177898 0.00247049 0.000926941][-6.70089e-05 0.000926941 0.000368523]]
weight = 0.000904276 mean = [-3.12741 2.16114 -4.0665] covariance = [[0.0227614 -0.0151532 -0.013576][-0.0151532 0.0120499 0.00965791][-0.013576 0.00965791 0.00832936]]
weight = 0.00455928 mean = [-2.19381 4.68633 -1.26983] covariance = [[4.96945e-05 0.000791856 0.000346494][0.000791856 0.0952014 0.0434418][0.000346494 0.0434418 0.0199153]]
weight = 0.00682828 mean = [-2.9762 2.20463 -4.02908] covariance = [[0.131375 -0.122813 0.02718][-0.122813 0.118065 -0.0247261][0.02718 -0.0247261 0.00989098]]
weight = 0.000329026 mean = [-2.99544 1.8611 -3.87573] covariance = [[0.00031647 0.000189435 -3.13266e-05][0.000189435 0.000355888 -0.000242637][-3.13266e-05 -0.000242637 0.000259813]]
weight = 0.000274353 mean = [-2.2512 5.76763 -0.691109] covariance = [[0.000111915 -0.00540165 -0.00263465][-0.00540165 0.286618 0.139417][-0.00263465 0.139417 0.0678224]]
weight = 0.982353 mean = [-2.20687 2.98935 -1.97468] covariance = [[0.00437895 0.00919123 0.00179834][0.00919123 0.398966 0.0833273][0.00179834 0.0833273 0.0258954]]
]
2025-05-29 09:41:52 INFO  ren0 [gaussian_mixture_model.h:215] Before splitting
2025-05-29 09:41:52 INFO  ren0 [gaussian_mixture_model.h:216] GMM[
weight = 0.000127594 mean = [-2.17948 2.39635 -2.32958] covariance = [[0.00156509 -0.0228035 -0.0126355][-0.0228035 0.899377 0.439717][-0.0126355 0.439717 0.217226]]
weight = 0.000486599 mean = [-2.20051 3.18125 -1.94295] covariance = [[9.51742e-05 -0.000721613 -0.000442828][-0.000721613 0.0589486 0.027687][-0.000442828 0.027687 0.0131318]]
weight = 0.00219373 mean = [-2.19201 4.9045 -1.17019] covariance = [[4.62426e-05 0.00157742 0.000705085][0.00157742 0.19035 0.0868992][0.000705085 0.0868992 0.0397514]]
weight = 7.98077e-06 mean = [-2.26062 5.18671 -1.06151] covariance = [[3.9243e-05 -0.000188265 -6.7358e-05][-0.000188265 0.00255479 0.000947064][-6.7358e-05 0.000947064 0.00037594]]
weight = 1.9928e-06 mean = [-2.20162 3.8986 -1.6248] covariance = [[7.44608e-05 -0.000285444 -0.000183658][-0.000285444 0.382209 0.171559][-0.000183658 0.171559 0.0770497]]
weight = 0.0139949 mean = [-2.53487 1.97055 -4.02533] covariance = [[0.539963 -0.243977 0.184694][-0.243977 0.17093 -0.0823729][0.184694 -0.0823729 0.108632]]
weight = 8.19574e-05 mean = [-2.9953 1.86142 -3.87546] covariance = [[0.000306324 0.000184176 -2.93677e-05][0.000184176 0.000346951 -0.000231718][-2.93677e-05 -0.000231718 0.00025318]]
weight = 6.60303e-05 mean = [-2.25117 5.76617 -0.691816] covariance = [[0.000113159 -0.00546664 -0.00266627][-0.00546664 0.290019 0.141071][-0.00266627 0.141071 0.0686267]]
weight = 0.983039 mean = [-2.2037 2.86481 -1.98485] covariance = [[0.00548001 0.00216836 0.00270727][0.00216836 0.608836 0.0997232][0.00270727 0.0997232 0.0300793]]
]
2025-05-29 09:41:52 INFO  ren0 [gaussian_mixture_model.h:218] Before merging
2025-05-29 09:41:52 INFO  ren0 [gaussian_mixture_model.h:219] GMM[
weight = 6.37968e-05 mean = [-2.16714 1.92227 -2.56185] covariance = [[0.00127051 -0.0111026 -0.00690289][-0.0111026 0.449886 0.219492][-0.00690289 0.219492 0.109341]]
weight = 0.000486599 mean = [-2.20051 3.18125 -1.94295] covariance = [[9.51742e-05 -0.000721613 -0.000442828][-0.000721613 0.0589486 0.027687][-0.000442828 0.027687 0.0131318]]
weight = 0.00219373 mean = [-2.19201 4.9045 -1.17019] covariance = [[4.62426e-05 0.00157742 0.000705085][0.00157742 0.19035 0.0868992][0.000705085 0.0868992 0.0397514]]
weight = 7.98077e-06 mean = [-2.26062 5.18671 -1.06151] covariance = [[3.9243e-05 -0.000188265 -6.7358e-05][-0.000188265 0.00255479 0.000947064][-6.7358e-05 0.000947064 0.00037594]]
weight = 6.37968e-05 mean = [-2.19182 2.87043 -2.09731] covariance = [[0.00127051 -0.0111026 -0.00690289][-0.0111026 0.449886 0.219492][-0.00690289 0.219492 0.109341]]
weight = 1.9928e-06 mean = [-2.20162 3.8986 -1.6248] covariance = [[7.44608e-05 -0.000285444 -0.000183658][-0.000285444 0.382209 0.171559][-0.000183658 0.171559 0.0770497]]
weight = 0.0139949 mean = [-2.53487 1.97055 -4.02533] covariance = [[0.539963 -0.243977 0.184694][-0.243977 0.17093 -0.0823729][0.184694 -0.0823729 0.108632]]
weight = 8.19574e-05 mean = [-2.9953 1.86142 -3.87546] covariance = [[0.000306324 0.000184176 -2.93677e-05][0.000184176 0.000346951 -0.000231718][-2.93677e-05 -0.000231718 0.00025318]]
weight = 6.60303e-05 mean = [-2.25117 5.76617 -0.691816] covariance = [[0.000113159 -0.00546664 -0.00266627][-0.00546664 0.290019 0.141071][-0.00266627 0.141071 0.0686267]]
weight = 0.983039 mean = [-2.2037 2.86481 -1.98485] covariance = [[0.00548001 0.00216836 0.00270727][0.00216836 0.608836 0.0997232][0.00270727 0.0997232 0.0300793]]
]
2025-05-29 09:41:52 INFO  ren0 [gaussian_mixture_model.h:215] Before splitting
2025-05-29 09:41:52 INFO  ren0 [gaussian_mixture_model.h:216] GMM[
weight = 0.000707932 mean = [-2.16637 1.83646 -2.59439] covariance = [[0.00282802 -0.0120655 -0.00944191][-0.0120655 0.696665 0.329444][-0.00944191 0.329444 0.161123]]
weight = 0.107183 mean = [-2.20124 3.20065 -1.9328] covariance = [[1.34787e-05 1.73006e-05 4.34274e-06][1.73006e-05 6.6834e-05 4.5593e-05][4.34274e-06 4.5593e-05 3.99312e-05]]
weight = 0.000983286 mean = [-2.19762 3.09786 -1.98287] covariance = [[0.000673005 -0.00741092 -0.00431469][-0.00741092 0.207985 0.104752][-0.00431469 0.104752 0.0535906]]
weight = 3.10645e-05 mean = [-2.19818 3.74758 -1.68977] covariance = [[4.44849e-05 0.00373732 0.00167431][0.00373732 0.485948 0.219476][0.00167431 0.219476 0.0991391]]
weight = 0.00858204 mean = [-2.42965 1.73215 -3.52701] covariance = [[0.575468 -0.232024 0.246871][-0.232024 0.277335 -0.176944][0.246871 -0.176944 0.469037]]
weight = 8.29532e-05 mean = [-2.9953 1.86142 -3.87546] covariance = [[0.000306324 0.000184176 -2.93677e-05][0.000184176 0.000346951 -0.000231718][-2.93677e-05 -0.000231718 0.00025318]]
weight = 1.68098e-05 mean = [-2.25098 5.75709 -0.696235] covariance = [[0.000118739 -0.00573878 -0.0027986][-0.00573878 0.303225 0.147492][-0.0027986 0.147492 0.0717489]]
weight = 0.882413 mean = [-2.20163 2.98515 -1.96079] covariance = [[0.00358881 -0.00418239 3.35096e-05][-0.00418239 0.628642 0.141486][3.35096e-05 0.141486 0.046755]]
]
2025-05-29 09:41:52 INFO  ren0 [gaussian_mixture_model.h:218] Before merging
2025-05-29 09:41:52 INFO  ren0 [gaussian_mixture_model.h:219] GMM[
weight = 0.000353966 mean = [-2.15826 1.41938 -2.7929] covariance = [[0.00270624 -0.00529463 -0.00621935][-0.00529463 0.348768 0.163859][-0.00621935 0.163859 0.0823238]]
weight = 0.0535913 mean = [-2.20032 3.2047 -1.92985] covariance = [[2.17966e-05 9.86455e-06 -1.06901e-06][9.86455e-06 4.39622e-05 2.16699e-05][-1.06901e-06 2.16699e-05 3.25208e-05]]
weight = 0.000353966 mean = [-2.17449 2.25354 -2.39589] covariance = [[0.00270624 -0.00529463 -0.00621935][-0.00529463 0.348768 0.163859][-0.00621935 0.163859 0.0823238]]
weight = 0.0535913 mean = [-2.20216 3.19659 -1.93575] covariance = [[2.17966e-05 9.86455e-06 -1.06901e-06][9.86455e-06 4.39622e-05 2.16699e-05][-1.06901e-06 2.16699e-05 3.25208e-05]]
weight = 0.000983286 mean = [-2.19762 3.09786 -1.98287] covariance = [[0.000673005 -0.00741092 -0.00431469][-0.00741092 0.207985 0.104752][-0.00431469 0.104752 0.0535906]]
weight = 3.10645e-05 mean = [-2.19818 3.74758 -1.68977] covariance = [[4.44849e-05 0.00373732 0.00167431][0.00373732 0.485948 0.219476][0.00167431 0.219476 0.0991391]]
weight = 0.00858204 mean = [-2.42965 1.73215 -3.52701] covariance = [[0.575468 -0.232024 0.246871][-0.232024 0.277335 -0.176944][0.246871 -0.176944 0.469037]]
weight = 8.29532e-05 mean = [-2.9953 1.86142 -3.87546] covariance = [[0.000306324 0.000184176 -2.93677e-05][0.000184176 0.000346951 -0.000231718][-2.93677e-05 -0.000231718 0.00025318]]
weight = 1.68098e-05 mean = [-2.25098 5.75709 -0.696235] covariance = [[0.000118739 -0.00573878 -0.0027986][-0.00573878 0.303225 0.147492][-0.0027986 0.147492 0.0717489]]
weight = 0.882413 mean = [-2.20163 2.98515 -1.96079] covariance = [[0.00358881 -0.00418239 3.35096e-05][-0.00418239 0.628642 0.141486][3.35096e-05 0.141486 0.046755]]
]
2025-05-29 09:41:52 INFO  ren0 [gaussian_mixture_model.h:215] Before splitting
2025-05-29 09:41:52 INFO  ren0 [gaussian_mixture_model.h:216] GMM[
weight = 0.000502231 mean = [-2.2107 1.42199 -2.71896] covariance = [[0.00239828 0.00586151 -0.000716968][0.00586151 0.313936 0.132954][-0.000716968 0.132954 0.0607824]]
weight = 0.363533 mean = [-2.2003 3.2034 -1.93214] covariance = [[1.62433e-05 1.27752e-05 -1.97403e-07][1.27752e-05 2.02805e-05 1.07585e-05][-1.97403e-07 1.07585e-05 1.4921e-05]]
weight = 0.00010685 mean = [-2.2225 1.52799 -2.65426] covariance = [[0.0012811 0.00957259 0.00252961][0.00957259 0.423285 0.177128][0.00252961 0.177128 0.0761706]]
weight = 0.276556 mean = [-2.20079 3.19968 -1.93268] covariance = [[1.4801e-05 1.21887e-05 1.59913e-07][1.21887e-05 2.08006e-05 1.15417e-05][1.59913e-07 1.15417e-05 1.53856e-05]]
weight = 0.000369288 mean = [-2.19974 3.17245 -1.94505] covariance = [[9.2043e-05 -0.000438801 -0.000303924][-0.000438801 0.0476731 0.0223031][-0.000303924 0.0223031 0.0105472]]
weight = 0.0734413 mean = [-2.54778 1.50701 -2.46805] covariance = [[0.298875 -0.148694 0.036428][-0.148694 0.382295 -0.366581][0.036428 -0.366581 0.825907]]
weight = 1.86454e-05 mean = [-2.99531 1.86142 -3.87546] covariance = [[0.000306275 0.000184132 -2.93422e-05][0.000184132 0.000346893 -0.000231697][-2.93422e-05 -0.000231697 0.000253209]]
weight = 1.51103e-05 mean = [-2.25098 5.75709 -0.696235] covariance = [[0.000118739 -0.00573878 -0.0027986][-0.00573878 0.303225 0.147492][-0.0027986 0.147492 0.0717489]]
weight = 0.285458 mean = [-2.2016 2.6621 -2.00159] covariance = [[0.00536897 -0.0052628 -0.00100391][-0.0052628 1.10853 0.215017][-0.00100391 0.215017 0.0652374]]
]
2025-05-29 09:41:52 INFO  ren0 [gaussian_mixture_model.h:218] Before merging
2025-05-29 09:41:52 INFO  ren0 [gaussian_mixture_model.h:219] GMM[
weight = 0.000251116 mean = [-2.20648 1.7019 -2.599] covariance = [[0.0023727 0.00350046 -0.00172879][0.00350046 0.157257 0.0658057][-0.00172879 0.0658057 0.0320161]]
weight = 0.363533 mean = [-2.2003 3.2034 -1.93214] covariance = [[1.62433e-05 1.27752e-05 -1.97403e-07][1.27752e-05 2.02805e-05 1.07585e-05][-1.97403e-07 1.07585e-05 1.4921e-05]]
weight = 0.00010685 mean = [-2.2225 1.52799 -2.65426] covariance = [[0.0012811 0.00957259 0.00252961][0.00957259 0.423285 0.177128][0.00252961 0.177128 0.0761706]]
weight = 0.276556 mean = [-2.20079 3.19968 -1.93268] covariance = [[1.4801e-05 1.21887e-05 1.59913e-07][1.21887e-05 2.08006e-05 1.15417e-05][1.59913e-07 1.15417e-05 1.53856e-05]]
weight = 0.000251116 mean = [-2.21492 1.14209 -2.83891] covariance = [[0.0023727 0.00350046 -0.00172879][0.00350046 0.157257 0.0658057][-0.00172879 0.0658057 0.0320161]]
weight = 0.000369288 mean = [-2.19974 3.17245 -1.94505] covariance = [[9.2043e-05 -0.000438801 -0.000303924][-0.000438801 0.0476731 0.0223031][-0.000303924 0.0223031 0.0105472]]
weight = 0.0734413 mean = [-2.54778 1.50701 -2.46805] covariance = [[0.298875 -0.148694 0.036428][-0.148694 0.382295 -0.366581][0.036428 -0.366581 0.825907]]
weight = 1.86454e-05 mean = [-2.99531 1.86142 -3.87546] covariance = [[0.000306275 0.000184132 -2.93422e-05][0.000184132 0.000346893 -0.000231697][-2.93422e-05 -0.000231697 0.000253209]]
weight = 1.51103e-05 mean = [-2.25098 5.75709 -0.696235] covariance = [[0.000118739 -0.00573878 -0.0027986][-0.00573878 0.303225 0.147492][-0.0027986 0.147492 0.0717489]]
weight = 0.285458 mean = [-2.2016 2.6621 -2.00159] covariance = [[0.00536897 -0.0052628 -0.00100391][-0.0052628 1.10853 0.215017][-0.00100391 0.215017 0.0652374]]
]
2025-05-29 09:41:52 INFO  ren0 [gaussian_mixture_model.h:215] Before splitting
2025-05-29 09:41:52 INFO  ren0 [gaussian_mixture_model.h:216] GMM[
weight = 0.000275328 mean = [-2.21328 1.4136 -2.72132] covariance = [[0.00316414 0.00392643 -0.00268298][0.00392643 0.187162 0.0787429][-0.00268298 0.0787429 0.0392296]]
weight = 4.21309e-05 mean = [-2.2274 1.64322 -2.5957] covariance = [[0.00158038 0.0128786 0.00362563][0.0128786 0.546549 0.228041][0.00362563 0.228041 0.0975429]]
weight = 0.745 mean = [-2.20009 3.20068 -1.93257] covariance = [[1.72538e-05 1.49419e-05 4.46445e-07][1.49419e-05 2.24054e-05 1.03601e-05][4.46445e-07 1.03601e-05 1.392e-05]]
weight = 0.000144017 mean = [-2.21663 1.36138 -2.7431] covariance = [[0.00427812 0.00257949 -0.00491498][0.00257949 0.00616484 -0.000856822][-0.00491498 -0.000856822 0.00661463]]
weight = 0.00132637 mean = [-2.2038 3.18817 -1.93291] covariance = [[7.32955e-05 0.000122455 -1.13671e-05][0.000122455 0.00511121 0.00231192][-1.13671e-05 0.00231192 0.00111121]]
weight = 0.0582207 mean = [-2.41862 1.41678 -2.48589] covariance = [[0.388422 -0.133136 -0.0441623][-0.133136 0.271754 -0.215875][-0.0441623 -0.215875 0.706464]]
weight = 2.26908e-05 mean = [-2.99531 1.86142 -3.87546] covariance = [[0.000306275 0.000184132 -2.93422e-05][0.000184132 0.000346893 -0.000231697][-2.93422e-05 -0.000231697 0.000253209]]
weight = 4.59858e-06 mean = [-2.25097 5.75635 -0.696592] covariance = [[0.000119352 -0.00577115 -0.00281436][-0.00577115 0.304941 0.148327][-0.00281436 0.148327 0.0721554]]
weight = 0.194965 mean = [-2.18978 2.2019 -2.07948] covariance = [[0.00695426 -0.0183838 -0.00369215][-0.0183838 1.58199 0.345506][-0.00369215 0.345506 0.102017]]
]
2025-05-29 09:41:52 INFO  ren0 [gaussian_mixture_model.h:218] Before merging
2025-05-29 09:41:52 INFO  ren0 [gaussian_mixture_model.h:219] GMM[
weight = 0.000275328 mean = [-2.21328 1.4136 -2.72132] covariance = [[0.00316414 0.00392643 -0.00268298][0.00392643 0.187162 0.0787429][-0.00268298 0.0787429 0.0392296]]
weight = 2.10654e-05 mean = [-2.2357 1.27367 -2.75044] covariance = [[0.00145249 0.00674164 0.00105583][0.00674164 0.273425 0.113669][0.00105583 0.113669 0.049661]]
weight = 2.10654e-05 mean = [-2.2191 2.01277 -2.44095] covariance = [[0.00145249 0.00674164 0.00105583][0.00674164 0.273425 0.113669][0.00105583 0.113669 0.049661]]
weight = 0.745 mean = [-2.20009 3.20068 -1.93257] covariance = [[1.72538e-05 1.49419e-05 4.46445e-07][1.49419e-05 2.24054e-05 1.03601e-05][4.46445e-07 1.03601e-05 1.392e-05]]
weight = 0.000144017 mean = [-2.21663 1.36138 -2.7431] covariance = [[0.00427812 0.00257949 -0.00491498][0.00257949 0.00616484 -0.000856822][-0.00491498 -0.000856822 0.00661463]]
weight = 0.00132637 mean = [-2.2038 3.18817 -1.93291] covariance = [[7.32955e-05 0.000122455 -1.13671e-05][0.000122455 0.00511121 0.00231192][-1.13671e-05 0.00231192 0.00111121]]
weight = 0.0582207 mean = [-2.41862 1.41678 -2.48589] covariance = [[0.388422 -0.133136 -0.0441623][-0.133136 0.271754 -0.215875][-0.0441623 -0.215875 0.706464]]
weight = 2.26908e-05 mean = [-2.99531 1.86142 -3.87546] covariance = [[0.000306275 0.000184132 -2.93422e-05][0.000184132 0.000346893 -0.000231697][-2.93422e-05 -0.000231697 0.000253209]]
weight = 4.59858e-06 mean = [-2.25097 5.75635 -0.696592] covariance = [[0.000119352 -0.00577115 -0.00281436][-0.00577115 0.304941 0.148327][-0.00281436 0.148327 0.0721554]]
weight = 0.194965 mean = [-2.18978 2.2019 -2.07948] covariance = [[0.00695426 -0.0183838 -0.00369215][-0.0183838 1.58199 0.345506][-0.00369215 0.345506 0.102017]]
]
2025-05-29 09:41:52 INFO  ren0 [gaussian_mixture_model.h:215] Before splitting
2025-05-29 09:41:52 INFO  ren0 [gaussian_mixture_model.h:216] GMM[
weight = 9.49184e-05 mean = [-2.21702 1.39536 -2.72367] covariance = [[0.0024591 0.00264853 -0.00226639][0.00264853 0.151245 0.0643147][-0.00226639 0.0643147 0.0321227]]
weight = 5.04272e-06 mean = [-2.23562 1.31742 -2.72735] covariance = [[0.000894489 0.000605302 -0.00101465][0.000605302 0.0486306 0.0210011][-0.00101465 0.0210011 0.0109084]]
weight = 1.52483e-05 mean = [-2.22538 1.83829 -2.51065] covariance = [[0.00135312 0.0143042 0.00457343][0.0143042 0.704195 0.296405][0.00457343 0.296405 0.126736]]
weight = 3.93664e-05 mean = [-2.21632 1.35713 -2.74526] covariance = [[0.00412216 0.00242376 -0.00476523][0.00242376 0.0061876 -0.00064025][-0.00476523 -0.00064025 0.00649881]]
weight = 0.758751 mean = [-2.20034 3.20056 -1.93207] covariance = [[1.58801e-05 1.34684e-05 6.5879e-07][1.34684e-05 2.15751e-05 1.16405e-05][6.5879e-07 1.16405e-05 1.55767e-05]]
weight = 0.0671028 mean = [-2.43722 1.3139 -2.45445] covariance = [[0.407837 -0.135615 0.0488097][-0.135615 0.258853 -0.121795][0.0488097 -0.121795 0.373123]]
weight = 2.29075e-05 mean = [-2.99531 1.86142 -3.87546] covariance = [[0.000306275 0.000184132 -2.93422e-05][0.000184132 0.000346893 -0.000231697][-2.93422e-05 -0.000231697 0.000253209]]
weight = 0.173968 mean = [-2.20112 1.71872 -2.20181] covariance = [[0.0106237 -0.00785644 0.00653222][-0.00785644 1.07561 0.230774][0.00653222 0.230774 0.0871689]]
]
2025-05-29 09:41:52 INFO  ren0 [gaussian_mixture_model.h:218] Before merging
2025-05-29 09:41:52 INFO  ren0 [gaussian_mixture_model.h:219] GMM[
weight = 9.49184e-05 mean = [-2.21702 1.39536 -2.72367] covariance = [[0.0024591 0.00264853 -0.00226639][0.00264853 0.151245 0.0643147][-0.00226639 0.0643147 0.0321227]]
weight = 5.04272e-06 mean = [-2.23562 1.31742 -2.72735] covariance = [[0.000894489 0.000605302 -0.00101465][0.000605302 0.0486306 0.0210011][-0.00101465 0.0210011 0.0109084]]
weight = 1.52483e-05 mean = [-2.22538 1.83829 -2.51065] covariance = [[0.00135312 0.0143042 0.00457343][0.0143042 0.704195 0.296405][0.00457343 0.296405 0.126736]]
weight = 0.379376 mean = [-2.20185 3.19826 -1.93337] covariance = [[2.13298e-05 6.53208e-06 -3.25418e-06][6.53208e-06 2.10017e-05 5.6757e-06][-3.25418e-06 5.6757e-06 2.22118e-05]]
weight = 3.93664e-05 mean = [-2.21632 1.35713 -2.74526] covariance = [[0.00412216 0.00242376 -0.00476523][0.00242376 0.0061876 -0.00064025][-0.00476523 -0.00064025 0.00649881]]
weight = 0.379376 mean = [-2.19883 3.20286 -1.93077] covariance = [[2.13298e-05 6.53208e-06 -3.25418e-06][6.53208e-06 2.10017e-05 5.6757e-06][-3.25418e-06 5.6757e-06 2.22118e-05]]
weight = 0.0335514 mean = [-2.18999 1.1186 -2.25632] covariance = [[0.285602 -0.0390463 -0.0491577][-0.0390463 0.182577 -0.0444044][-0.0491577 -0.0444044 0.294621]]
weight = 2.29075e-05 mean = [-2.99531 1.86142 -3.87546] covariance = [[0.000306275 0.000184132 -2.93422e-05][0.000184132 0.000346893 -0.000231697][-2.93422e-05 -0.000231697 0.000253209]]
weight = 0.0335514 mean = [-2.68445 1.5092 -2.65258] covariance = [[0.285602 -0.0390463 -0.0491577][-0.0390463 0.182577 -0.0444044][-0.0491577 -0.0444044 0.294621]]
weight = 0.173968 mean = [-2.20112 1.71872 -2.20181] covariance = [[0.0106237 -0.00785644 0.00653222][-0.00785644 1.07561 0.230774][0.00653222 0.230774 0.0871689]]
]
2025-05-29 09:41:52 INFO  ren0 [gaussian_mixture_model.h:215] Before splitting
2025-05-29 09:41:52 INFO  ren0 [gaussian_mixture_model.h:216] GMM[
weight = 4.86923e-05 mean = [-2.22089 1.44258 -2.69874] covariance = [[0.00211316 0.0062726 6.08247e-05][0.0062726 0.195638 0.0798269][6.08247e-05 0.0798269 0.03584]]
weight = 0.300561 mean = [-2.20123 3.19896 -1.93238] covariance = [[1.41506e-05 1.08576e-05 3.44692e-08][1.08576e-05 1.77096e-05 1.04694e-05][3.44692e-08 1.04694e-05 1.5075e-05]]
weight = 1.69649e-05 mean = [-2.21269 1.33353 -2.76209] covariance = [[0.00272045 0.00150275 -0.00321473][0.00150275 0.00547413 0.000322735][-0.00321473 0.000322735 0.00477932]]
weight = 0.4694 mean = [-2.20029 3.20229 -1.93188] covariance = [[1.59798e-05 1.25805e-05 -6.24905e-07][1.25805e-05 1.94402e-05 9.47754e-06][-6.24905e-07 9.47754e-06 1.37311e-05]]
weight = 0.0449562 mean = [-2.24786 1.28595 -2.35429] covariance = [[0.301274 -0.0558085 -0.0357015][-0.0558085 0.15382 -0.0194275][-0.0357015 -0.0194275 0.406511]]
weight = 1.87906e-05 mean = [-2.99531 1.86142 -3.87546] covariance = [[0.000306275 0.000184132 -2.93422e-05][0.000184132 0.000346893 -0.000231697][-2.93422e-05 -0.000231697 0.000253209]]
weight = 0.0303064 mean = [-2.47904 1.50112 -2.78226] covariance = [[0.201035 -0.0685547 -0.0452894][-0.0685547 0.17329 0.0549445][-0.0452894 0.0549445 0.565102]]
weight = 0.154692 mean = [-2.18986 1.92973 -2.13385] covariance = [[0.00826818 -0.0160761 0.00364555][-0.0160761 1.33874 0.285727][0.00364555 0.285727 0.104549]]
]
2025-05-29 09:41:53 INFO  ren0 [gaussian_mixture_model.h:218] Before merging
2025-05-29 09:41:53 INFO  ren0 [gaussian_mixture_model.h:219] GMM[
weight = 0.150281 mean = [-2.20255 3.19689 -1.93372] covariance = [[2.06947e-05 5.39848e-06 -3.48738e-06][5.39848e-06 1.9086e-05 4.90603e-06][-3.48738e-06 4.90603e-06 2.14859e-05]]
weight = 0.2347 mean = [-2.20186 3.20011 -1.9329] covariance = [[2.1035e-05 5.73989e-06 -3.83275e-06][5.73989e-06 1.99768e-05 5.03978e-06][-3.83275e-06 5.03978e-06 2.165e-05]]
weight = 4.86923e-05 mean = [-2.22089 1.44258 -2.69874] covariance = [[0.00211316 0.0062726 6.08247e-05][0.0062726 0.195638 0.0798269][6.08247e-05 0.0798269 0.03584]]
weight = 0.150281 mean = [-2.19992 3.20104 -1.93104] covariance = [[2.06947e-05 5.39848e-06 -3.48738e-06][5.39848e-06 1.9086e-05 4.90603e-06][-3.48738e-06 4.90603e-06 2.14859e-05]]
weight = 1.69649e-05 mean = [-2.21269 1.33353 -2.76209] covariance = [[0.00272045 0.00150275 -0.00321473][0.00150275 0.00547413 0.000322735][-0.00321473 0.000322735 0.00477932]]
weight = 0.2347 mean = [-2.19872 3.20446 -1.93086] covariance = [[2.1035e-05 5.73989e-06 -3.83275e-06][5.73989e-06 1.99768e-05 5.03978e-06][-3.83275e-06 5.03978e-06 2.165e-05]]
weight = 0.0449562 mean = [-2.24786 1.28595 -2.35429] covariance = [[0.301274 -0.0558085 -0.0357015][-0.0558085 0.15382 -0.0194275][-0.0357015 -0.0194275 0.406511]]
weight = 1.87906e-05 mean = [-2.99531 1.86142 -3.87546] covariance = [[0.000306275 0.000184132 -2.93422e-05][0.000184132 0.000346893 -0.000231697][-2.93422e-05 -0.000231697 0.000253209]]
weight = 0.0303064 mean = [-2.47904 1.50112 -2.78226] covariance = [[0.201035 -0.0685547 -0.0452894][-0.0685547 0.17329 0.0549445][-0.0452894 0.0549445 0.565102]]
weight = 0.154692 mean = [-2.18986 1.92973 -2.13385] covariance = [[0.00826818 -0.0160761 0.00364555][-0.0160761 1.33874 0.285727][0.00364555 0.285727 0.104549]]
]
2025-05-29 09:41:53 INFO  ren0 [gaussian_mixture_model.h:215] Before splitting
2025-05-29 09:41:53 INFO  ren0 [gaussian_mixture_model.h:216] GMM[
weight = 0.117449 mean = [-2.20087 3.19624 -1.93288] covariance = [[1.49489e-05 1.24599e-05 7.68473e-07][1.24599e-05 2.1288e-05 1.273e-05][7.68473e-07 1.273e-05 1.68805e-05]]
weight = 0.178601 mean = [-2.20054 3.20046 -1.93249] covariance = [[1.31357e-05 9.41364e-06 -1.19068e-06][9.41364e-06 1.46866e-05 7.67698e-06][-1.19068e-06 7.67698e-06 1.27029e-05]]
weight = 2.02497e-05 mean = [-2.23224 1.43489 -2.6874] covariance = [[0.00307788 0.00977376 0.000378919][0.00977376 0.17012 0.0637746][0.000378919 0.0637746 0.0281993]]
weight = 0.208325 mean = [-2.20049 3.19979 -1.93217] covariance = [[1.41403e-05 1.01216e-05 -6.34866e-07][1.01216e-05 1.5089e-05 8.35709e-06][-6.34866e-07 8.35709e-06 1.34666e-05]]
weight = 1.69205e-05 mean = [-2.22923 1.31126 -2.74794] covariance = [[0.00200844 0.00124081 -0.0023507][0.00124081 0.00321185 -0.000343333][-0.0023507 -0.000343333 0.00333284]]
weight = 0.322223 mean = [-2.19982 3.20395 -1.93199] covariance = [[1.75017e-05 1.55324e-05 -2.13239e-07][1.55324e-05 2.46794e-05 1.04536e-05][-2.13239e-07 1.04536e-05 1.35326e-05]]
weight = 2.194e-05 mean = [-2.99531 1.86142 -3.87546] covariance = [[0.000306275 0.000184132 -2.93422e-05][0.000184132 0.000346893 -0.000231697][-2.93422e-05 -0.000231697 0.000253209]]
weight = 0.0501287 mean = [-2.32609 1.27035 -2.47875] covariance = [[0.224287 -0.0558321 -0.0632426][-0.0558321 0.145709 -0.0364883][-0.0632426 -0.0364883 0.360498]]
weight = 0.123214 mean = [-2.18981 1.89241 -2.14722] covariance = [[0.00944503 -0.0149949 -8.11432e-05][-0.0149949 1.20554 0.231892][-8.11432e-05 0.231892 0.0769019]]
]
2025-05-29 09:41:53 INFO  ren0 [gaussian_mixture_model.h:218] Before merging
2025-05-29 09:41:53 INFO  ren0 [gaussian_mixture_model.h:219] GMM[
weight = 0.0587246 mean = [-2.19953 3.19852 -1.93138] covariance = [[2.13443e-05 6.33593e-06 -3.24924e-06][6.33593e-06 2.08839e-05 5.90429e-06][-3.24924e-06 5.90429e-06 2.24024e-05]]
weight = 0.178601 mean = [-2.20054 3.20046 -1.93249] covariance = [[1.31357e-05 9.41364e-06 -1.19068e-06][9.41364e-06 1.46866e-05 7.67698e-06][-1.19068e-06 7.67698e-06 1.27029e-05]]
weight = 2.02497e-05 mean = [-2.23224 1.43489 -2.6874] covariance = [[0.00307788 0.00977376 0.000378919][0.00977376 0.17012 0.0637746][0.000378919 0.0637746 0.0281993]]
weight = 0.208325 mean = [-2.20049 3.19979 -1.93217] covariance = [[1.41403e-05 1.01216e-05 -6.34866e-07][1.01216e-05 1.5089e-05 8.35709e-06][-6.34866e-07 8.35709e-06 1.34666e-05]]
weight = 1.69205e-05 mean = [-2.22923 1.31126 -2.74794] covariance = [[0.00200844 0.00124081 -0.0023507][0.00124081 0.00321185 -0.000343333][-0.0023507 -0.000343333 0.00333284]]
weight = 0.322223 mean = [-2.19982 3.20395 -1.93199] covariance = [[1.75017e-05 1.55324e-05 -2.13239e-07][1.55324e-05 2.46794e-05 1.04536e-05][-2.13239e-07 1.04536e-05 1.35326e-05]]
weight = 0.0587246 mean = [-2.20222 3.19396 -1.93437] covariance = [[2.13443e-05 6.33593e-06 -3.24924e-06][6.33593e-06 2.08839e-05 5.90429e-06][-3.24924e-06 5.90429e-06 2.24024e-05]]
weight = 2.194e-05 mean = [-2.99531 1.86142 -3.87546] covariance = [[0.000306275 0.000184132 -2.93422e-05][0.000184132 0.000346893 -0.000231697][-2.93422e-05 -0.000231697 0.000253209]]
weight = 0.0501287 mean = [-2.32609 1.27035 -2.47875] covariance = [[0.224287 -0.0558321 -0.0632426][-0.0558321 0.145709 -0.0364883][-0.0632426 -0.0364883 0.360498]]
weight = 0.123214 mean = [-2.18981 1.89241 -2.14722] covariance = [[0.00944503 -0.0149949 -8.11432e-05][-0.0149949 1.20554 0.231892][-8.11432e-05 0.231892 0.0769019]]
]
2025-05-29 09:41:53 INFO  ren0 [gaussian_mixture_model.h:215] Before splitting
2025-05-29 09:41:53 INFO  ren0 [gaussian_mixture_model.h:216] GMM[
weight = 1.02717e-05 mean = [-2.22003 1.33472 -2.74858] covariance = [[0.0020404 0.00414647 -0.000787065][0.00414647 0.107198 0.042874][-0.000787065 0.042874 0.0203314]]
weight = 2.50815e-05 mean = [-2.18127 1.3375 -2.79847] covariance = [[0.00317483 0.00151194 -0.00391734][0.00151194 0.00194023 -0.00125277][-0.00391734 -0.00125277 0.00524636]]
weight = 0.809303 mean = [-2.20036 3.20063 -1.9326] covariance = [[1.95139e-05 1.96915e-05 5.62137e-07][1.96915e-05 3.442e-05 1.42196e-05][5.62137e-07 1.42196e-05 1.58897e-05]]
weight = 8.89691e-06 mean = [-3.01201 1.83858 -3.86711] covariance = [[0.00078794 0.000914326 -0.000308369][0.000914326 0.00131786 -0.000551348][-0.000308369 -0.000551348 0.000318681]]
weight = 0.068275 mean = [-2.3316 1.2765 -2.49121] covariance = [[0.269249 -0.0848482 0.0584646][-0.0848482 0.196968 -0.0899179][0.0584646 -0.0899179 0.29755]]
weight = 0.122378 mean = [-2.17998 1.63688 -2.20013] covariance = [[0.00945275 -0.0220285 -0.00403779][-0.0220285 1.00376 0.208895][-0.00403779 0.208895 0.0754491]]
]
2025-05-29 09:41:53 INFO  ren0 [gaussian_mixture_model.h:218] Before merging
2025-05-29 09:41:53 INFO  ren0 [gaussian_mixture_model.h:219] GMM[
weight = 5.13584e-06 mean = [-2.22512 1.17129 -2.81555] covariance = [[0.00199865 0.0024836 -0.00146849][0.0024836 0.053783 0.0209811][-0.00146849 0.0209811 0.0113699]]
weight = 0.404651 mean = [-2.20214 3.19771 -1.93377] covariance = [[2.31818e-05 9.31621e-06 -3.60487e-06][9.31621e-06 2.74199e-05 7.39189e-06][-3.60487e-06 7.39189e-06 2.31475e-05]]
weight = 5.13584e-06 mean = [-2.21495 1.49816 -2.6816] covariance = [[0.00199865 0.0024836 -0.00146849][0.0024836 0.053783 0.0209811][-0.00146849 0.0209811 0.0113699]]
weight = 4.44846e-06 mean = [-3.02519 1.82055 -3.85972] covariance = [[0.000450938 0.000439488 -0.000113596][0.000439488 0.000678096 -0.000284821][-0.000113596 -0.000284821 0.000219354]]
weight = 2.50815e-05 mean = [-2.18127 1.3375 -2.79847] covariance = [[0.00317483 0.00151194 -0.00391734][0.00151194 0.00194023 -0.00125277][-0.00391734 -0.00125277 0.00524636]]
weight = 0.0341375 mean = [-2.51159 1.43565 -2.70499] covariance = [[0.204465 -0.0275572 -0.0184933][-0.0275572 0.146321 -0.0218713][-0.0184933 -0.0218713 0.206155]]
weight = 0.404651 mean = [-2.19858 3.20354 -1.93143] covariance = [[2.31818e-05 9.31621e-06 -3.60487e-06][9.31621e-06 2.74199e-05 7.39189e-06][-3.60487e-06 7.39189e-06 2.31475e-05]]
weight = 4.44846e-06 mean = [-2.99884 1.8566 -3.87451] covariance = [[0.000450938 0.000439488 -0.000113596][0.000439488 0.000678096 -0.000284821][-0.000113596 -0.000284821 0.000219354]]
weight = 0.0341375 mean = [-2.15161 1.11735 -2.27742] covariance = [[0.204465 -0.0275572 -0.0184933][-0.0275572 0.146321 -0.0218713][-0.0184933 -0.0218713 0.206155]]
weight = 0.122378 mean = [-2.17998 1.63688 -2.20013] covariance = [[0.00945275 -0.0220285 -0.00403779][-0.0220285 1.00376 0.208895][-0.00403779 0.208895 0.0754491]]
]
2025-05-29 09:41:53 INFO  ren0 [gaussian_mixture_model.h:215] Before splitting
2025-05-29 09:41:53 INFO  ren0 [gaussian_mixture_model.h:216] GMM[
weight = 0.290159 mean = [-2.20094 3.19802 -1.93262] covariance = [[1.44543e-05 1.2097e-05 1.90199e-07][1.2097e-05 2.10372e-05 1.18508e-05][1.90199e-07 1.18508e-05 1.58946e-05]]
weight = 0.0349901 mean = [-2.54806 1.49495 -2.67477] covariance = [[0.206943 -0.061992 -0.00819164][-0.061992 0.341902 -0.231228][-0.00819164 -0.231228 0.549993]]
weight = 0.486749 mean = [-2.20011 3.2024 -1.93222] covariance = [[1.76561e-05 1.70316e-05 -1.46409e-07][1.70316e-05 3.01152e-05 1.25385e-05][-1.46409e-07 1.25385e-05 1.47616e-05]]
weight = 0.05976 mean = [-2.30937 1.23127 -2.20402] covariance = [[0.290137 0.0112192 0.00349167][0.0112192 0.0955594 -0.0130499][0.00349167 -0.0130499 0.251565]]
weight = 0.128342 mean = [-2.20703 1.7539 -2.15916] covariance = [[0.0110058 -0.0195951 -0.00571921][-0.0195951 1.23688 0.2801][-0.00571921 0.2801 0.103514]]
]
2025-05-29 09:41:53 INFO  ren0 [gaussian_mixture_model.h:218] Before merging
2025-05-29 09:41:53 INFO  ren0 [gaussian_mixture_model.h:219] GMM[
weight = 0.145079 mean = [-2.20227 3.19575 -1.93402] covariance = [[2.09451e-05 6.08591e-06 -3.50072e-06][6.08591e-06 2.07405e-05 5.52848e-06][-3.50072e-06 5.52848e-06 2.20125e-05]]
weight = 0.145079 mean = [-2.19962 3.20028 -1.93123] covariance = [[2.09451e-05 6.08591e-06 -3.50072e-06][6.08591e-06 2.07405e-05 5.52848e-06][-3.50072e-06 5.52848e-06 2.20125e-05]]
weight = 0.017495 mean = [-2.57101 1.72405 -3.02439] covariance = [[0.2059 -0.0514761 -0.0242394][-0.0514761 0.236939 -0.0710346][-0.0242394 -0.0710346 0.305541]]
weight = 0.243374 mean = [-2.20177 3.19968 -1.93332] covariance = [[2.21583e-05 7.99636e-06 -3.79997e-06][7.99636e-06 2.52666e-05 6.53419e-06][-3.79997e-06 6.53419e-06 2.23336e-05]]
weight = 0.02988 mean = [-2.04071 1.24542 -2.1849] covariance = [[0.14579 0.00361742 -0.00678062][0.00361742 0.0951691 -0.0135908][-0.00678062 -0.0135908 0.250844]]
weight = 0.017495 mean = [-2.52511 1.26585 -2.32516] covariance = [[0.2059 -0.0514761 -0.0242394][-0.0514761 0.236939 -0.0710346][-0.0242394 -0.0710346 0.305541]]
weight = 0.243374 mean = [-2.19846 3.20513 -1.93112] covariance = [[2.21583e-05 7.99636e-06 -3.79997e-06][7.99636e-06 2.52666e-05 6.53419e-06][-3.79997e-06 6.53419e-06 2.23336e-05]]
weight = 0.0641712 mean = [-2.21604 2.30953 -2.02933] covariance = [[0.0108536 -0.00958915 -0.00338118][-0.00958915 0.61944 0.135825][-0.00338118 0.135825 0.0698122]]
weight = 0.02988 mean = [-2.57803 1.21712 -2.22314] covariance = [[0.14579 0.00361742 -0.00678062][0.00361742 0.0951691 -0.0135908][-0.00678062 -0.0135908 0.250844]]
weight = 0.0641712 mean = [-2.19803 1.19827 -2.28899] covariance = [[0.0108536 -0.00958915 -0.00338118][-0.00958915 0.61944 0.135825][-0.00338118 0.135825 0.0698122]]
]
2025-05-29 09:41:53 INFO  ren0 [gaussian_mixture_model.h:215] Before splitting
2025-05-29 09:41:53 INFO  ren0 [gaussian_mixture_model.h:216] GMM[
weight = 0.00471443 mean = [-2.52138 2.19225 -2.75225] covariance = [[0.179036 -0.237933 0.00921785][-0.237933 3.50063 -0.0136202][0.00921785 -0.0136202 0.253876]]
weight = 0.0134077 mean = [-2.18998 1.25043 -2.25843] covariance = [[0.0644864 -0.00453228 0.00216413][-0.00453228 0.0561588 0.0150931][0.00216413 0.0150931 0.15141]]
weight = 0.0156483 mean = [-2.49377 1.44425 -2.53965] covariance = [[0.196887 -0.0571701 -0.0143845][-0.0571701 0.272012 -0.141135][-0.0143845 -0.141135 0.464757]]
weight = 0.825599 mean = [-2.20045 3.20127 -1.93246] covariance = [[1.7443e-05 1.62058e-05 9.5943e-07][1.62058e-05 2.86009e-05 1.4597e-05][9.5943e-07 1.4597e-05 1.70817e-05]]
weight = 0.0341946 mean = [-2.19114 2.58048 -1.92658] covariance = [[0.0177873 0.0840244 0.0222654][0.0840244 2.15727 0.491347][0.0222654 0.491347 0.138484]]
weight = 0.0282809 mean = [-2.32598 1.2545 -2.24689] covariance = [[0.184606 -0.00153722 0.00631893][-0.00153722 0.0870114 0.00115184][0.00631893 0.00115184 0.227045]]
weight = 0.0781554 mean = [-2.21351 1.45864 -2.18562] covariance = [[0.00840247 -0.00630157 -0.00248932][-0.00630157 0.69675 0.14217][-0.00248932 0.14217 0.0654631]]
]
2025-05-29 09:41:53 INFO  ren0 [gaussian_mixture_model.h:218] Before merging
2025-05-29 09:41:53 INFO  ren0 [gaussian_mixture_model.h:219] GMM[
weight = 0.00235721 mean = [-2.58805 3.12763 -2.75635] covariance = [[0.170155 -0.113202 0.00867222][-0.113202 1.75074 -0.00596533][0.00867222 -0.00596533 0.253852]]
weight = 0.00670383 mean = [-2.19316 1.22061 -2.45219] covariance = [[0.0644761 -0.00472208 0.000930572][-0.00472208 0.0543912 0.00353997][0.000930572 0.00353997 0.0763339]]
weight = 0.00235721 mean = [-2.45471 1.25686 -2.74816] covariance = [[0.170155 -0.113202 0.00867222][-0.113202 1.75074 -0.00596533][0.00867222 -0.00596533 0.253852]]
weight = 0.00782413 mean = [-2.50915 1.61791 -2.86302] covariance = [[0.196423 -0.0518259 -0.0243353][-0.0518259 0.2117 -0.0288152][-0.0243353 -0.0288152 0.255627]]
weight = 0.00670383 mean = [-2.18679 1.28024 -2.06467] covariance = [[0.0644761 -0.00472208 0.000930572][-0.00472208 0.0543912 0.00353997][0.000930572 0.00353997 0.0763339]]
weight = 0.00782413 mean = [-2.47838 1.27058 -2.21628] covariance = [[0.196423 -0.0518259 -0.0243353][-0.0518259 0.2117 -0.0288152][-0.0243353 -0.0288152 0.255627]]
weight = 0.825599 mean = [-2.20045 3.20127 -1.93246] covariance = [[1.7443e-05 1.62058e-05 9.5943e-07][1.62058e-05 2.86009e-05 1.4597e-05][9.5943e-07 1.4597e-05 1.70817e-05]]
weight = 0.0341946 mean = [-2.19114 2.58048 -1.92658] covariance = [[0.0177873 0.0840244 0.0222654][0.0840244 2.15727 0.491347][0.0222654 0.491347 0.138484]]
weight = 0.0282809 mean = [-2.32598 1.2545 -2.24689] covariance = [[0.184606 -0.00153722 0.00631893][-0.00153722 0.0870114 0.00115184][0.00631893 0.00115184 0.227045]]
weight = 0.0781554 mean = [-2.21351 1.45864 -2.18562] covariance = [[0.00840247 -0.00630157 -0.00248932][-0.00630157 0.69675 0.14217][-0.00248932 0.14217 0.0654631]]
]
2025-05-29 09:41:53 INFO  ren0 [gaussian_mixture_model.h:215] Before splitting
2025-05-29 09:41:53 INFO  ren0 [gaussian_mixture_model.h:216] GMM[
weight = 0.00874407 mean = [-3.08934 6.84307 -0.305045] covariance = [[0.128222 -0.252531 -0.123728][-0.252531 1.96049 0.924806][-0.123728 0.924806 0.472966]]
weight = 0.0128354 mean = [-2.16904 1.10355 -2.44423] covariance = [[0.0282367 -0.0140546 -0.00185603][-0.0140546 0.0336277 -0.00415041][-0.00185603 -0.00415041 0.084903]]
weight = 0.00213237 mean = [-2.4934 1.92319 -2.63418] covariance = [[0.160917 -0.20674 0.000666822][-0.20674 2.49895 0.189502][0.000666822 0.189502 0.331607]]
weight = 0.00619316 mean = [-2.51039 1.57223 -2.66661] covariance = [[0.130861 -0.0997971 0.0214373][-0.0997971 0.193208 -0.0485705][0.0214373 -0.0485705 0.187024]]
weight = 0.0142058 mean = [-2.19096 1.12651 -2.15071] covariance = [[0.036833 -0.0107398 -0.00247796][-0.0107398 0.0466242 -0.00479652][-0.00247796 -0.00479652 0.062687]]
weight = 0.0116274 mean = [-2.47038 1.30419 -2.27901] covariance = [[0.272559 -0.013315 -0.124973][-0.013315 0.197811 -0.114854][-0.124973 -0.114854 0.409043]]
weight = 0.711471 mean = [-2.20026 3.20097 -1.93229] covariance = [[1.52015e-05 1.23298e-05 -6.35768e-07][1.23298e-05 2.00589e-05 9.88022e-06][-6.35768e-07 9.88022e-06 1.40556e-05]]
weight = 0.0389101 mean = [-2.29931 1.17779 -2.26136] covariance = [[0.106268 -0.0307409 -0.0250974][-0.0307409 0.0679204 -0.00231155][-0.0250974 -0.00231155 0.159237]]
weight = 0.193881 mean = [-2.21592 2.74684 -1.86706] covariance = [[0.00671944 -0.0531674 -0.0164742][-0.0531674 2.30987 0.540294][-0.0164742 0.540294 0.159854]]
]
2025-05-29 09:41:53 INFO  ren0 [gaussian_mixture_model.h:218] Before merging
2025-05-29 09:41:53 INFO  ren0 [gaussian_mixture_model.h:219] GMM[
weight = 0.00437203 mean = [-2.99499 6.14422 -0.639929] covariance = [[0.110427 -0.120652 -0.0605325][-0.120652 0.983724 0.456742][-0.0605325 0.456742 0.248683]]
weight = 0.0128354 mean = [-2.16904 1.10355 -2.44423] covariance = [[0.0282367 -0.0140546 -0.00185603][-0.0140546 0.0336277 -0.00415041][-0.00185603 -0.00415041 0.084903]]
weight = 0.00213237 mean = [-2.4934 1.92319 -2.63418] covariance = [[0.160917 -0.20674 0.000666822][-0.20674 2.49895 0.189502][0.000666822 0.189502 0.331607]]
weight = 0.00619316 mean = [-2.51039 1.57223 -2.66661] covariance = [[0.130861 -0.0997971 0.0214373][-0.0997971 0.193208 -0.0485705][0.0214373 -0.0485705 0.187024]]
weight = 0.0142058 mean = [-2.19096 1.12651 -2.15071] covariance = [[0.036833 -0.0107398 -0.00247796][-0.0107398 0.0466242 -0.00479652][-0.00247796 -0.00479652 0.062687]]
weight = 0.0116274 mean = [-2.47038 1.30419 -2.27901] covariance = [[0.272559 -0.013315 -0.124973][-0.013315 0.197811 -0.114854][-0.124973 -0.114854 0.409043]]
weight = 0.711471 mean = [-2.20026 3.20097 -1.93229] covariance = [[1.52015e-05 1.23298e-05 -6.35768e-07][1.23298e-05 2.00589e-05 9.88022e-06][-6.35768e-07 9.88022e-06 1.40556e-05]]
weight = 0.00437203 mean = [-3.1837 7.54191 0.0298381] covariance = [[0.110427 -0.120652 -0.0605325][-0.120652 0.983724 0.456742][-0.0605325 0.456742 0.248683]]
weight = 0.0389101 mean = [-2.29931 1.17779 -2.26136] covariance = [[0.106268 -0.0307409 -0.0250974][-0.0307409 0.0679204 -0.00231155][-0.0250974 -0.00231155 0.159237]]
weight = 0.193881 mean = [-2.21592 2.74684 -1.86706] covariance = [[0.00671944 -0.0531674 -0.0164742][-0.0531674 2.30987 0.540294][-0.0164742 0.540294 0.159854]]
]
2025-05-29 09:41:54 INFO  ren0 [gaussian_mixture_model.h:215] Before splitting
2025-05-29 09:41:54 INFO  ren0 [gaussian_mixture_model.h:216] GMM[
weight = 0.00316738 mean = [-2.75098 6.75667 -0.308283] covariance = [[0.322946 -0.21538 -0.0780648][-0.21538 1.47534 0.697867][-0.0780648 0.697867 0.358565]]
weight = 0.00457757 mean = [-2.83136 2.29998 -3.21042] covariance = [[0.478633 0.30445 -0.131879][0.30445 1.5943 0.141265][-0.131879 0.141265 1.05273]]
weight = 0.665451 mean = [-2.20035 3.20061 -1.9323] covariance = [[1.45649e-05 1.08538e-05 -7.73647e-07][1.08538e-05 1.63648e-05 8.42402e-06][-7.73647e-07 8.42402e-06 1.32855e-05]]
weight = 0.0008223 mean = [-2.05252 6.80621 -0.194092] covariance = [[0.0127313 -0.00332332 -0.0027771][-0.00332332 0.0338431 0.0187541][-0.0027771 0.0187541 0.0108914]]
weight = 0.0788721 mean = [-2.34943 1.25773 -2.30722] covariance = [[0.0812023 -0.0436392 -0.018269][-0.0436392 0.0912972 -0.0211824][-0.018269 -0.0211824 0.12052]]
weight = 0.24711 mean = [-2.22626 3.26229 -1.79832] covariance = [[0.00298536 -0.0253696 -0.00907608][-0.0253696 1.27684 0.344787][-0.00907608 0.344787 0.112595]]
]
2025-05-29 09:41:54 INFO  ren0 [gaussian_mixture_model.h:218] Before merging
2025-05-29 09:41:54 INFO  ren0 [gaussian_mixture_model.h:219] GMM[
weight = 0.00158369 mean = [-2.65037 6.15077 -0.598061] covariance = [[0.302711 -0.0934586 -0.0197551][-0.0934586 0.741104 0.346711][-0.0197551 0.346711 0.190632]]
weight = 0.00158369 mean = [-2.85159 7.36258 -0.0185046] covariance = [[0.302711 -0.0934586 -0.0197551][-0.0934586 0.741104 0.346711][-0.0197551 0.346711 0.190632]]
weight = 0.00228879 mean = [-2.97648 1.6758 -3.31882] covariance = [[0.436525 0.123292 -0.16334][0.123292 0.815122 0.00594755][-0.16334 0.00594755 1.02924]]
weight = 0.00228879 mean = [-2.68624 2.92415 -3.10202] covariance = [[0.436525 0.123292 -0.16334][0.123292 0.815122 0.00594755][-0.16334 0.00594755 1.02924]]
weight = 0.332725 mean = [-2.20183 3.19862 -1.93332] covariance = [[2.02152e-05 4.97844e-06 -3.76758e-06][4.97844e-06 1.84288e-05 4.38002e-06][-3.76758e-06 4.38002e-06 2.12248e-05]]
weight = 0.039436 mean = [-2.41388 1.38318 -2.42312] covariance = [[0.0729045 -0.0274693 -0.0332082][-0.0274693 0.0598347 0.00789463][-0.0332082 0.00789463 0.0936665]]
weight = 0.332725 mean = [-2.19888 3.2026 -1.93129] covariance = [[2.02152e-05 4.97844e-06 -3.76758e-06][4.97844e-06 1.84288e-05 4.38002e-06][-3.76758e-06 4.38002e-06 2.12248e-05]]
weight = 0.0008223 mean = [-2.05252 6.80621 -0.194092] covariance = [[0.0127313 -0.00332332 -0.0027771][-0.00332332 0.0338431 0.0187541][-0.0027771 0.0187541 0.0108914]]
weight = 0.039436 mean = [-2.28498 1.13229 -2.19133] covariance = [[0.0729045 -0.0274693 -0.0332082][-0.0274693 0.0598347 0.00789463][-0.0332082 0.00789463 0.0936665]]
weight = 0.24711 mean = [-2.22626 3.26229 -1.79832] covariance = [[0.00298536 -0.0253696 -0.00907608][-0.0253696 1.27684 0.344787][-0.00907608 0.344787 0.112595]]
]
2025-05-29 09:41:54 INFO  ren0 [gaussian_mixture_model.h:215] Before splitting
2025-05-29 09:41:54 INFO  ren0 [gaussian_mixture_model.h:216] GMM[
weight = 0.00201724 mean = [-2.40482 6.14694 -0.486342] covariance = [[0.233493 -0.262157 -0.0853059][-0.262157 1.19482 0.574074][-0.0853059 0.574074 0.318485]]
weight = 0.000968849 mean = [-2.48557 7.09658 0.0992525] covariance = [[0.22664 -0.0681372 -0.0220964][-0.0681372 0.443313 0.224371][-0.0220964 0.224371 0.129896]]
weight = 0.0926312 mean = [-2.78942 2.06224 -3.79823] covariance = [[0.0790116 -0.0249242 0.00268147][-0.0249242 0.0524994 -0.00952807][0.00268147 -0.00952807 0.092274]]
weight = 0.0573388 mean = [-2.8108 2.09932 -3.76369] covariance = [[0.0993851 -0.0301562 -0.0108164][-0.0301562 0.0672043 0.0594741][-0.0108164 0.0594741 0.192615]]
weight = 0.254286 mean = [-2.20117 3.1983 -1.93206] covariance = [[1.40561e-05 1.05283e-05 -9.74991e-07][1.05283e-05 1.69531e-05 9.26537e-06][-9.74991e-07 9.26537e-06 1.46105e-05]]
weight = 0.029442 mean = [-2.32493 1.36374 -2.47768] covariance = [[0.0530892 -0.0467522 -0.00598345][-0.0467522 0.108522 -0.0128754][-0.00598345 -0.0128754 0.0849049]]
weight = 0.39513 mean = [-2.20007 3.20211 -1.93193] covariance = [[1.66652e-05 1.3254e-05 -8.00818e-07][1.3254e-05 1.89791e-05 8.32418e-06][-8.00818e-07 8.32418e-06 1.30188e-05]]
weight = 0.0662783 mean = [-2.22974 1.10867 -2.20867] covariance = [[0.0468048 -0.0228365 -0.00606173][-0.0228365 0.0476985 -0.0124771][-0.00606173 -0.0124771 0.0770735]]
weight = 0.101907 mean = [-2.21364 3.14307 -1.84281] covariance = [[0.00272663 -0.0251753 -0.00874288][-0.0251753 1.3373 0.371438][-0.00874288 0.371438 0.124882]]
]
2025-05-29 09:41:54 INFO  ren0 [gaussian_mixture_model.h:218] Before merging
2025-05-29 09:41:54 INFO  ren0 [gaussian_mixture_model.h:219] GMM[
weight = 0.00100862 mean = [-2.27769 5.60184 -0.752265] covariance = [[0.201181 -0.123565 -0.0176944][-0.123565 0.600572 0.284168][-0.0176944 0.284168 0.177066]]
weight = 0.000968849 mean = [-2.48557 7.09658 0.0992525] covariance = [[0.22664 -0.0681372 -0.0220964][-0.0681372 0.443313 0.224371][-0.0220964 0.224371 0.129896]]
weight = 0.0926312 mean = [-2.78942 2.06224 -3.79823] covariance = [[0.0790116 -0.0249242 0.00268147][-0.0249242 0.0524994 -0.00952807][0.00268147 -0.00952807 0.092274]]
weight = 0.0573388 mean = [-2.8108 2.09932 -3.76369] covariance = [[0.0993851 -0.0301562 -0.0108164][-0.0301562 0.0672043 0.0594741][-0.0108164 0.0594741 0.192615]]
weight = 0.254286 mean = [-2.20117 3.1983 -1.93206] covariance = [[1.40561e-05 1.05283e-05 -9.74991e-07][1.05283e-05 1.69531e-05 9.26537e-06][-9.74991e-07 9.26537e-06 1.46105e-05]]
weight = 0.029442 mean = [-2.32493 1.36374 -2.47768] covariance = [[0.0530892 -0.0467522 -0.00598345][-0.0467522 0.108522 -0.0128754][-0.00598345 -0.0128754 0.0849049]]
weight = 0.39513 mean = [-2.20007 3.20211 -1.93193] covariance = [[1.66652e-05 1.3254e-05 -8.00818e-07][1.3254e-05 1.89791e-05 8.32418e-06][-8.00818e-07 8.32418e-06 1.30188e-05]]
weight = 0.00100862 mean = [-2.53194 6.69203 -0.220419] covariance = [[0.201181 -0.123565 -0.0176944][-0.123565 0.600572 0.284168][-0.0176944 0.284168 0.177066]]
weight = 0.0662783 mean = [-2.22974 1.10867 -2.20867] covariance = [[0.0468048 -0.0228365 -0.00606173][-0.0228365 0.0476985 -0.0124771][-0.00606173 -0.0124771 0.0770735]]
weight = 0.101907 mean = [-2.21364 3.14307 -1.84281] covariance = [[0.00272663 -0.0251753 -0.00874288][-0.0251753 1.3373 0.371438][-0.00874288 0.371438 0.124882]]
]
2025-05-29 09:41:54 INFO  ren0 [gaussian_mixture_model.h:215] Before splitting
2025-05-29 09:41:54 INFO  ren0 [gaussian_mixture_model.h:216] GMM[
weight = 0.00097767 mean = [-2.2504 5.54656 -0.839508] covariance = [[0.16239 -0.260974 -0.112567][-0.260974 1.2818 0.666203][-0.112567 0.666203 0.379229]]
weight = 0.000262514 mean = [-2.4826 7.08353 0.0908154] covariance = [[0.226264 -0.0729167 -0.0253459][-0.0729167 0.463755 0.23803][-0.0253459 0.23803 0.138888]]
weight = 0.0247446 mean = [-2.87582 2.0938 -3.79874] covariance = [[0.123042 -0.0524939 -0.0130903][-0.0524939 0.0912136 0.0473595][-0.0130903 0.0473595 0.196409]]
weight = 0.37799 mean = [-2.20101 3.19735 -1.93245] covariance = [[1.36585e-05 9.1962e-06 -4.51751e-07][9.1962e-06 1.30925e-05 7.88325e-06][-4.51751e-07 7.88325e-06 1.34761e-05]]
weight = 0.391779 mean = [-2.19997 3.20232 -1.93228] covariance = [[1.58099e-05 1.14571e-05 -9.15492e-07][1.14571e-05 1.54414e-05 7.21762e-06][-9.15492e-07 7.21762e-06 1.23183e-05]]
weight = 5.86029e-05 mean = [-1.9851 5.41996 -0.827201] covariance = [[0.0353879 0.0812951 0.107705][0.0812951 0.32134 0.324443][0.107705 0.324443 0.381083]]
weight = 0.105606 mean = [-2.22678 1.14936 -2.24942] covariance = [[0.0450038 -0.0233963 -0.00329374][-0.0233963 0.0511386 -0.00877759][-0.00329374 -0.00877759 0.0686317]]
weight = 0.098582 mean = [-2.20865 3.11169 -1.92032] covariance = [[0.0014797 -0.0111297 -0.00385802][-0.0111297 0.614958 0.168597][-0.00385802 0.168597 0.0584382]]
]
2025-05-29 09:41:54 INFO  ren0 [gaussian_mixture_model.h:218] Before merging
2025-05-29 09:41:54 INFO  ren0 [gaussian_mixture_model.h:219] GMM[
weight = 0.000488835 mean = [-2.13177 4.9816 -1.13734] covariance = [[0.134252 -0.126929 -0.0419028][-0.126929 0.64346 0.329684][-0.0419028 0.329684 0.201836]]
weight = 0.000131257 mean = [-2.40572 6.74577 -0.0858953] covariance = [[0.214453 -0.0209837 0.00182438][-0.0209837 0.235597 0.118658][0.00182438 0.118658 0.0764446]]
weight = 0.000488835 mean = [-2.36903 6.11152 -0.54168] covariance = [[0.134252 -0.126929 -0.0419028][-0.126929 0.64346 0.329684][-0.0419028 0.329684 0.201836]]
weight = 0.0247446 mean = [-2.87582 2.0938 -3.79874] covariance = [[0.123042 -0.0524939 -0.0130903][-0.0524939 0.0912136 0.0473595][-0.0130903 0.0473595 0.196409]]
weight = 0.37799 mean = [-2.20101 3.19735 -1.93245] covariance = [[1.36585e-05 9.1962e-06 -4.51751e-07][9.1962e-06 1.30925e-05 7.88325e-06][-4.51751e-07 7.88325e-06 1.34761e-05]]
weight = 0.000131257 mean = [-2.55948 7.42129 0.267526] covariance = [[0.214453 -0.0209837 0.00182438][-0.0209837 0.235597 0.118658][0.00182438 0.118658 0.0764446]]
weight = 0.391779 mean = [-2.19997 3.20232 -1.93228] covariance = [[1.58099e-05 1.14571e-05 -9.15492e-07][1.14571e-05 1.54414e-05 7.21762e-06][-9.15492e-07 7.21762e-06 1.23183e-05]]
weight = 5.86029e-05 mean = [-1.9851 5.41996 -0.827201] covariance = [[0.0353879 0.0812951 0.107705][0.0812951 0.32134 0.324443][0.107705 0.324443 0.381083]]
weight = 0.105606 mean = [-2.22678 1.14936 -2.24942] covariance = [[0.0450038 -0.0233963 -0.00329374][-0.0233963 0.0511386 -0.00877759][-0.00329374 -0.00877759 0.0686317]]
weight = 0.098582 mean = [-2.20865 3.11169 -1.92032] covariance = [[0.0014797 -0.0111297 -0.00385802][-0.0111297 0.614958 0.168597][-0.00385802 0.168597 0.0584382]]
]
2025-05-29 09:41:54 INFO  ren0 [gaussian_mixture_model.h:215] Before splitting
2025-05-29 09:41:54 INFO  ren0 [gaussian_mixture_model.h:216] GMM[
weight = 0.00891457 mean = [-2.07356 4.21057 -1.62705] covariance = [[0.0151031 -0.0389029 -0.0211008][-0.0389029 0.392269 0.201042][-0.0211008 0.201042 0.109284]]
weight = 0.000206804 mean = [0.512808 6.1818 0.286422] covariance = [[6.45442 -1.75286 0.533984][-1.75286 0.697581 -0.0408402][0.533984 -0.0408402 0.116771]]
weight = 0.00113393 mean = [-2.10104 4.68346 -1.37481] covariance = [[0.0145707 -0.0161245 -0.00461595][-0.0161245 0.321232 0.18544][-0.00461595 0.18544 0.121445]]
weight = 0.0175795 mean = [-2.82101 1.91368 -3.87052] covariance = [[0.196492 -0.0615278 -0.0635336][-0.0615278 0.219834 0.110394][-0.0635336 0.110394 0.437401]]
weight = 2.71339e-06 mean = [-1.13956 6.73813 0.159589] covariance = [[5.00149 -0.818943 0.55057][-0.818943 0.498884 0.0973447][0.55057 0.0973447 0.299901]]
weight = 0.752864 mean = [-2.2003 3.20042 -1.93243] covariance = [[1.72002e-05 1.45627e-05 1.4404e-06][1.45627e-05 2.14051e-05 1.13136e-05][1.4404e-06 1.13136e-05 1.48512e-05]]
weight = 0.001373 mean = [-2.10905 4.73231 -1.37341] covariance = [[0.00101838 0.00222063 0.00306658][0.00222063 0.0122919 0.00978185][0.00306658 0.00978185 0.0110089]]
weight = 0.156376 mean = [-2.22469 1.18428 -2.24662] covariance = [[0.040209 -0.020084 -0.000942329][-0.020084 0.0524606 0.00357712][-0.000942329 0.00357712 0.0717182]]
weight = 0.0615496 mean = [-2.20596 3.16219 -1.92304] covariance = [[0.00118437 -0.00571906 -0.0020663][-0.00571906 0.471436 0.132037][-0.0020663 0.132037 0.0461664]]
]
2025-05-29 09:41:54 INFO  ren0 [gaussian_mixture_model.h:218] Before merging
2025-05-29 09:41:54 INFO  ren0 [gaussian_mixture_model.h:219] GMM[
weight = 0.00445728 mean = [-2.04145 3.89789 -1.78941] covariance = [[0.0130511 -0.0188232 -0.0106748][-0.0188232 0.196734 0.0995094][-0.0106748 0.0995094 0.0565757]]
weight = 0.000206804 mean = [0.512808 6.1818 0.286422] covariance = [[6.45442 -1.75286 0.533984][-1.75286 0.697581 -0.0408402][0.533984 -0.0408402 0.116771]]
weight = 0.00113393 mean = [-2.10104 4.68346 -1.37481] covariance = [[0.0145707 -0.0161245 -0.00461595][-0.0161245 0.321232 0.18544][-0.00461595 0.18544 0.121445]]
weight = 0.0175795 mean = [-2.82101 1.91368 -3.87052] covariance = [[0.196492 -0.0615278 -0.0635336][-0.0615278 0.219834 0.110394][-0.0635336 0.110394 0.437401]]
weight = 0.00445728 mean = [-2.10567 4.52326 -1.4647] covariance = [[0.0130511 -0.0188232 -0.0106748][-0.0188232 0.196734 0.0995094][-0.0106748 0.0995094 0.0565757]]
weight = 2.71339e-06 mean = [-1.13956 6.73813 0.159589] covariance = [[5.00149 -0.818943 0.55057][-0.818943 0.498884 0.0973447][0.55057 0.0973447 0.299901]]
weight = 0.752864 mean = [-2.2003 3.20042 -1.93243] covariance = [[1.72002e-05 1.45627e-05 1.4404e-06][1.45627e-05 2.14051e-05 1.13136e-05][1.4404e-06 1.13136e-05 1.48512e-05]]
weight = 0.001373 mean = [-2.10905 4.73231 -1.37341] covariance = [[0.00101838 0.00222063 0.00306658][0.00222063 0.0122919 0.00978185][0.00306658 0.00978185 0.0110089]]
weight = 0.156376 mean = [-2.22469 1.18428 -2.24662] covariance = [[0.040209 -0.020084 -0.000942329][-0.020084 0.0524606 0.00357712][-0.000942329 0.00357712 0.0717182]]
weight = 0.0615496 mean = [-2.20596 3.16219 -1.92304] covariance = [[0.00118437 -0.00571906 -0.0020663][-0.00571906 0.471436 0.132037][-0.0020663 0.132037 0.0461664]]
]
2025-05-29 09:41:54 INFO  ren0 [gaussian_mixture_model.h:215] Before splitting
2025-05-29 09:41:54 INFO  ren0 [gaussian_mixture_model.h:216] GMM[
weight = 0.00451253 mean = [-2.1511 4.39868 -1.45984] covariance = [[0.0115435 -0.0325437 -0.0212909][-0.0325437 0.240886 0.133429][-0.0212909 0.133429 0.079734]]
weight = 0.00165726 mean = [-2.20634 4.66733 -1.3039] covariance = [[0.00620685 -0.00529407 -5.89643e-05][-0.00529407 0.107306 0.0431525][-5.89643e-05 0.0431525 0.0288547]]
weight = 0.0569165 mean = [-2.96986 1.3079 -1.81766] covariance = [[0.156922 0.0385656 -0.0856957][0.0385656 0.212989 -0.317282][-0.0856957 -0.317282 0.855601]]
weight = 0.0108671 mean = [-2.21672 4.62181 -1.29425] covariance = [[0.000213362 -0.00027287 -0.000326658][-0.00027287 0.00482978 0.00248129][-0.000326658 0.00248129 0.00145252]]
weight = 0.000571779 mean = [-1.62994 7.28847 0.40022] covariance = [[0.919897 -0.0382802 0.460492][-0.0382802 0.129531 0.130501][0.460492 0.130501 0.560604]]
weight = 0.640474 mean = [-2.20041 3.19997 -1.93203] covariance = [[1.42048e-05 1.03844e-05 -3.30576e-07][1.03844e-05 1.52395e-05 8.51194e-06][-3.30576e-07 8.51194e-06 1.36781e-05]]
weight = 0.000289163 mean = [-2.10904 4.73233 -1.3734] covariance = [[0.0010185 0.00222036 0.00306659][0.00222036 0.0122925 0.00978114][0.00306659 0.00978114 0.0110084]]
weight = 0.136938 mean = [-2.33614 1.20589 -2.12152] covariance = [[0.108729 0.000220532 -0.0877459][0.000220532 0.0600725 -0.0169476][-0.0877459 -0.0169476 0.164607]]
weight = 0.147774 mean = [-2.20408 3.25793 -1.89863] covariance = [[0.000247202 -0.00163901 -0.000726347][-0.00163901 0.193819 0.0669956][-0.000726347 0.0669956 0.0273016]]
]
2025-05-29 09:41:54 INFO  ren0 [gaussian_mixture_model.h:218] Before merging
2025-05-29 09:41:54 INFO  ren0 [gaussian_mixture_model.h:219] GMM[
weight = 0.00225627 mean = [-2.11586 4.15401 -1.59824] covariance = [[0.0090687 -0.0152954 -0.0115346][-0.0152954 0.121165 0.0657042][-0.0115346 0.0657042 0.0414364]]
weight = 0.00225627 mean = [-2.18635 4.64335 -1.32144] covariance = [[0.0090687 -0.0152954 -0.0115346][-0.0152954 0.121165 0.0657042][-0.0115346 0.0657042 0.0414364]]
weight = 0.00165726 mean = [-2.20634 4.66733 -1.3039] covariance = [[0.00620685 -0.00529407 -5.89643e-05][-0.00529407 0.107306 0.0431525][-5.89643e-05 0.0431525 0.0288547]]
weight = 0.0569165 mean = [-2.96986 1.3079 -1.81766] covariance = [[0.156922 0.0385656 -0.0856957][0.0385656 0.212989 -0.317282][-0.0856957 -0.317282 0.855601]]
weight = 0.0108671 mean = [-2.21672 4.62181 -1.29425] covariance = [[0.000213362 -0.00027287 -0.000326658][-0.00027287 0.00482978 0.00248129][-0.000326658 0.00248129 0.00145252]]
weight = 0.000571779 mean = [-1.62994 7.28847 0.40022] covariance = [[0.919897 -0.0382802 0.460492][-0.0382802 0.129531 0.130501][0.460492 0.130501 0.560604]]
weight = 0.640474 mean = [-2.20041 3.19997 -1.93203] covariance = [[1.42048e-05 1.03844e-05 -3.30576e-07][1.03844e-05 1.52395e-05 8.51194e-06][-3.30576e-07 8.51194e-06 1.36781e-05]]
weight = 0.000289163 mean = [-2.10904 4.73233 -1.3734] covariance = [[0.0010185 0.00222036 0.00306659][0.00222036 0.0122925 0.00978114][0.00306659 0.00978114 0.0110084]]
weight = 0.136938 mean = [-2.33614 1.20589 -2.12152] covariance = [[0.108729 0.000220532 -0.0877459][0.000220532 0.0600725 -0.0169476][-0.0877459 -0.0169476 0.164607]]
weight = 0.147774 mean = [-2.20408 3.25793 -1.89863] covariance = [[0.000247202 -0.00163901 -0.000726347][-0.00163901 0.193819 0.0669956][-0.000726347 0.0669956 0.0273016]]
]
2025-05-29 09:41:55 INFO  ren0 [gaussian_mixture_model.h:215] Before splitting
2025-05-29 09:41:55 INFO  ren0 [gaussian_mixture_model.h:216] GMM[
weight = 0.00164227 mean = [-2.15764 4.30367 -1.51406] covariance = [[0.00980383 -0.0217992 -0.0160324][-0.0217992 0.232327 0.126911][-0.0160324 0.126911 0.0773391]]
weight = 0.000154847 mean = [-2.179 4.30712 -1.54116] covariance = [[0.00534432 0.00122278 -0.00759617][0.00122278 0.0919865 0.033823][-0.00759617 0.033823 0.0283049]]
weight = 0.000600183 mean = [-2.19933 4.61272 -1.32711] covariance = [[0.00612793 -0.00348644 0.00111063][-0.00348644 0.133123 0.0540233][0.00111063 0.0540233 0.0352579]]
weight = 0.00298239 mean = [-2.21672 4.62181 -1.29425] covariance = [[0.000213364 -0.000272939 -0.000326693][-0.000272939 0.0048303 0.00248156][-0.000326693 0.00248156 0.00145266]]
weight = 0.000612471 mean = [-1.74753 7.30614 0.559364] covariance = [[0.397245 -0.0248388 0.148392][-0.0248388 0.103826 0.0869723][0.148392 0.0869723 0.351769]]
weight = 0.677175 mean = [-2.20009 3.20028 -1.9321] covariance = [[1.38633e-05 9.39937e-06 -9.72703e-07][9.39937e-06 1.30297e-05 6.94706e-06][-9.72703e-07 6.94706e-06 1.24351e-05]]
weight = 7.98166e-05 mean = [-2.10878 4.73368 -1.37208] covariance = [[0.00102655 0.00227518 0.00311607][0.00227518 0.0125591 0.0100573][0.00311607 0.0100573 0.0112737]]
weight = 0.133413 mean = [-2.27846 1.21271 -2.20383] covariance = [[0.0791165 -0.020835 -0.031702][-0.020835 0.0747343 -0.0173758][-0.031702 -0.0173758 0.111341]]
weight = 0.18334 mean = [-2.20515 3.23796 -1.91327] covariance = [[0.000139894 -0.000339754 -0.000289101][-0.000339754 0.0782927 0.0301331][-0.000289101 0.0301331 0.0128266]]
]
2025-05-29 09:41:55 INFO  ren0 [gaussian_mixture_model.h:218] Before merging
2025-05-29 09:41:55 INFO  ren0 [gaussian_mixture_model.h:219] GMM[
weight = 0.000821133 mean = [-2.13266 4.06359 -1.64908] covariance = [[0.00856583 -0.00980481 -0.0092869][-0.00980481 0.117061 0.0620806][-0.0092869 0.0620806 0.0408892]]
weight = 0.000154847 mean = [-2.179 4.30712 -1.54116] covariance = [[0.00534432 0.00122278 -0.00759617][0.00122278 0.0919865 0.033823][-0.00759617 0.033823 0.0283049]]
weight = 0.000600183 mean = [-2.19933 4.61272 -1.32711] covariance = [[0.00612793 -0.00348644 0.00111063][-0.00348644 0.133123 0.0540233][0.00111063 0.0540233 0.0352579]]
weight = 0.000821133 mean = [-2.18262 4.54375 -1.37904] covariance = [[0.00856583 -0.00980481 -0.0092869][-0.00980481 0.117061 0.0620806][-0.0092869 0.0620806 0.0408892]]
weight = 0.00298239 mean = [-2.21672 4.62181 -1.29425] covariance = [[0.000213364 -0.000272939 -0.000326693][-0.000272939 0.0048303 0.00248156][-0.000326693 0.00248156 0.00145266]]
weight = 0.000612471 mean = [-1.74753 7.30614 0.559364] covariance = [[0.397245 -0.0248388 0.148392][-0.0248388 0.103826 0.0869723][0.148392 0.0869723 0.351769]]
weight = 0.677175 mean = [-2.20009 3.20028 -1.9321] covariance = [[1.38633e-05 9.39937e-06 -9.72703e-07][9.39937e-06 1.30297e-05 6.94706e-06][-9.72703e-07 6.94706e-06 1.24351e-05]]
weight = 7.98166e-05 mean = [-2.10878 4.73368 -1.37208] covariance = [[0.00102655 0.00227518 0.00311607][0.00227518 0.0125591 0.0100573][0.00311607 0.0100573 0.0112737]]
weight = 0.133413 mean = [-2.27846 1.21271 -2.20383] covariance = [[0.0791165 -0.020835 -0.031702][-0.020835 0.0747343 -0.0173758][-0.031702 -0.0173758 0.111341]]
weight = 0.18334 mean = [-2.20515 3.23796 -1.91327] covariance = [[0.000139894 -0.000339754 -0.000289101][-0.000339754 0.0782927 0.0301331][-0.000289101 0.0301331 0.0128266]]
]
2025-05-29 09:41:55 INFO  ren0 [gaussian_mixture_model.h:215] Before splitting
2025-05-29 09:41:55 INFO  ren0 [gaussian_mixture_model.h:216] GMM[
weight = 0.00274349 mean = [-2.15887 4.28971 -1.5709] covariance = [[0.00463427 0.00628956 -0.00249515][0.00628956 0.211833 0.103635][-0.00249515 0.103635 0.0592293]]
weight = 0.000683839 mean = [-2.21672 4.62181 -1.29425] covariance = [[0.00021337 -0.000273124 -0.0003268][-0.000273124 0.00483086 0.00248145][-0.0003268 0.00248145 0.00145248]]
weight = 0.000822671 mean = [-2.36519 6.97163 -0.17964] covariance = [[0.697769 -0.0782615 -0.0610305][-0.0782615 0.217143 0.256171][-0.0610305 0.256171 0.604808]]
weight = 0.618886 mean = [-2.20036 3.20028 -1.93205] covariance = [[1.31274e-05 8.21706e-06 -1.4619e-06][8.21706e-06 1.12067e-05 6.12029e-06][-1.4619e-06 6.12029e-06 1.20758e-05]]
weight = 4.37128e-05 mean = [-2.10054 4.70614 -1.39559] covariance = [[0.000505206 0.000791746 0.00131317][0.000791746 0.00590639 0.00461027][0.00131317 0.00461027 0.00630997]]
weight = 0.174632 mean = [-2.2651 1.18676 -2.23074] covariance = [[0.0914447 -0.0351104 -0.0010627][-0.0351104 0.080033 -0.0225591][-0.0010627 -0.0225591 0.122061]]
weight = 0.202188 mean = [-2.2032 3.21892 -1.92463] covariance = [[4.98475e-05 -0.000189411 -0.000187829][-0.000189411 0.0190201 0.0074675][-0.000187829 0.0074675 0.00320711]]
]
2025-05-29 09:41:55 INFO  ren0 [gaussian_mixture_model.h:218] Before merging
2025-05-29 09:41:55 INFO  ren0 [gaussian_mixture_model.h:219] GMM[
weight = 0.00137174 mean = [-2.15443 4.51912 -1.45502] covariance = [[0.00460479 0.00425098 -0.00352488][0.00425098 0.106587 0.050468][-0.00352488 0.050468 0.0323836]]
weight = 0.00034192 mean = [-2.21932 4.65642 -1.27586] covariance = [[0.000209895 -9.3468e-05 -0.000231359][-9.3468e-05 0.00244555 0.00120894][-0.000231359 0.00120894 0.000786468]]
weight = 0.000411335 mean = [-2.65343 7.1403 0.120798] covariance = [[0.531615 0.0189734 0.112166][0.0189734 0.160253 0.154821][0.112166 0.154821 0.424293]]
weight = 0.00137174 mean = [-2.16331 4.0603 -1.68678] covariance = [[0.00460479 0.00425098 -0.00352488][0.00425098 0.106587 0.050468][-0.00352488 0.050468 0.0323836]]
weight = 0.00034192 mean = [-2.21413 4.5872 -1.31263] covariance = [[0.000209895 -9.3468e-05 -0.000231359][-9.3468e-05 0.00244555 0.00120894][-0.000231359 0.00120894 0.000786468]]
weight = 0.000411335 mean = [-2.07695 6.80296 -0.480078] covariance = [[0.531615 0.0189734 0.112166][0.0189734 0.160253 0.154821][0.112166 0.154821 0.424293]]
weight = 0.618886 mean = [-2.20036 3.20028 -1.93205] covariance = [[1.31274e-05 8.21706e-06 -1.4619e-06][8.21706e-06 1.12067e-05 6.12029e-06][-1.4619e-06 6.12029e-06 1.20758e-05]]
weight = 4.37128e-05 mean = [-2.10054 4.70614 -1.39559] covariance = [[0.000505206 0.000791746 0.00131317][0.000791746 0.00590639 0.00461027][0.00131317 0.00461027 0.00630997]]
weight = 0.174632 mean = [-2.2651 1.18676 -2.23074] covariance = [[0.0914447 -0.0351104 -0.0010627][-0.0351104 0.080033 -0.0225591][-0.0010627 -0.0225591 0.122061]]
weight = 0.202188 mean = [-2.2032 3.21892 -1.92463] covariance = [[4.98475e-05 -0.000189411 -0.000187829][-0.000189411 0.0190201 0.0074675][-0.000187829 0.0074675 0.00320711]]
]
2025-05-29 09:41:55 INFO  ren0 [gaussian_mixture_model.h:215] Before splitting
2025-05-29 09:41:55 INFO  ren0 [gaussian_mixture_model.h:216] GMM[
weight = 0.00323519 mean = [-2.23933 4.39408 -1.4105] covariance = [[0.000721687 -0.00640608 -0.00306936][-0.00640608 0.379167 0.162326][-0.00306936 0.162326 0.070995]]
weight = 2.28872e-05 mean = [-2.22233 4.77099 -1.2211] covariance = [[1.00149e-05 -1.3444e-06 -1.22973e-06][-1.3444e-06 3.04662e-05 1.27096e-05][-1.22973e-06 1.27096e-05 1.73784e-05]]
weight = 0.000128898 mean = [-2.3975 6.53798 -0.302705] covariance = [[0.539411 0.0295921 0.116327][0.0295921 0.470394 -0.118794][0.116327 -0.118794 0.879853]]
weight = 0.0142366 mean = [-2.22435 3.6749 -1.72004] covariance = [[0.00199589 0.00350566 0.000173049][0.00350566 0.110089 0.0431861][0.000173049 0.0431861 0.0212351]]
weight = 0.000226467 mean = [-2.21673 4.62202 -1.29415] covariance = [[0.000213154 -0.000273531 -0.000326779][-0.000273531 0.00485506 0.0024939][-0.000326779 0.0024939 0.00145861]]
weight = 0.000901977 mean = [-1.95245 6.09603 -0.807404] covariance = [[0.909074 -0.335144 -0.117595][-0.335144 1.23529 0.672193][-0.117595 0.672193 1.07582]]
weight = 1.45868e-05 mean = [-2.10108 4.70508 -1.39686] covariance = [[0.00060507 0.00088806 0.00152191][0.00088806 0.00616386 0.00495135][0.00152191 0.00495135 0.00689052]]
weight = 0.247644 mean = [-2.27842 1.25858 -2.35247] covariance = [[0.152666 -0.0892411 0.0868726][-0.0892411 0.125849 -0.101588][0.0868726 -0.101588 0.305895]]
weight = 0.733589 mean = [-2.20053 3.19894 -1.9331] covariance = [[2.61131e-05 4.89221e-05 -4.54232e-06][4.89221e-05 0.00323217 0.00129698][-4.54232e-06 0.00129698 0.000545587]]
]
2025-05-29 09:41:55 INFO  ren0 [gaussian_mixture_model.h:218] Before merging
2025-05-29 09:41:55 INFO  ren0 [gaussian_mixture_model.h:219] GMM[
weight = 0.00323519 mean = [-2.23933 4.39408 -1.4105] covariance = [[0.000721687 -0.00640608 -0.00306936][-0.00640608 0.379167 0.162326][-0.00306936 0.162326 0.070995]]
weight = 1.14436e-05 mean = [-2.22214 4.76836 -1.22271] covariance = [[1.99387e-05 -3.15589e-07 -6.01179e-07][-3.15589e-07 2.65655e-05 4.21706e-06][-6.01179e-07 4.21706e-06 2.21899e-05]]
weight = 0.000128898 mean = [-2.3975 6.53798 -0.302705] covariance = [[0.539411 0.0295921 0.116327][0.0295921 0.470394 -0.118794][0.116327 -0.118794 0.879853]]
weight = 0.0142366 mean = [-2.22435 3.6749 -1.72004] covariance = [[0.00199589 0.00350566 0.000173049][0.00350566 0.110089 0.0431861][0.000173049 0.0431861 0.0212351]]
weight = 0.000226467 mean = [-2.21673 4.62202 -1.29415] covariance = [[0.000213154 -0.000273531 -0.000326779][-0.000273531 0.00485506 0.0024939][-0.000326779 0.0024939 0.00145861]]
weight = 0.000901977 mean = [-1.95245 6.09603 -0.807404] covariance = [[0.909074 -0.335144 -0.117595][-0.335144 1.23529 0.672193][-0.117595 0.672193 1.07582]]
weight = 1.14436e-05 mean = [-2.22253 4.77363 -1.21949] covariance = [[1.99387e-05 -3.15589e-07 -6.01179e-07][-3.15589e-07 2.65655e-05 4.21706e-06][-6.01179e-07 4.21706e-06 2.21899e-05]]
weight = 1.45868e-05 mean = [-2.10108 4.70508 -1.39686] covariance = [[0.00060507 0.00088806 0.00152191][0.00088806 0.00616386 0.00495135][0.00152191 0.00495135 0.00689052]]
weight = 0.247644 mean = [-2.27842 1.25858 -2.35247] covariance = [[0.152666 -0.0892411 0.0868726][-0.0892411 0.125849 -0.101588][0.0868726 -0.101588 0.305895]]
weight = 0.733589 mean = [-2.20053 3.19894 -1.9331] covariance = [[2.61131e-05 4.89221e-05 -4.54232e-06][4.89221e-05 0.00323217 0.00129698][-4.54232e-06 0.00129698 0.000545587]]
]
2025-05-29 09:41:55 INFO  ren0 [gaussian_mixture_model.h:215] Before splitting
2025-05-29 09:41:55 INFO  ren0 [gaussian_mixture_model.h:216] GMM[
weight = 0.00814633 mean = [-2.20836 3.43869 -1.83555] covariance = [[0.000329111 -0.00874171 -0.00380278][-0.00874171 0.379966 0.160266][-0.00380278 0.160266 0.0680253]]
weight = 2.04799e-05 mean = [-2.22214 4.76836 -1.22271] covariance = [[1.99387e-05 -3.15589e-07 -6.01179e-07][-3.15589e-07 2.65655e-05 4.21706e-06][-6.01179e-07 4.21706e-06 2.21899e-05]]
weight = 0.0533455 mean = [-2.20178 3.39121 -1.8624] covariance = [[0.000688799 0.00413881 0.0015425][0.00413881 0.159279 0.0619643][0.0015425 0.0619643 0.0247111]]
weight = 5.09113e-05 mean = [-2.2167 4.62215 -1.29412] covariance = [[0.000212548 -0.000272454 -0.000325697][-0.000272454 0.00484323 0.0024877][-0.000325697 0.0024877 0.00145484]]
weight = 0.0153833 mean = [-1.47418 6.39726 -0.339622] covariance = [[1.25309 0.23992 -0.26821][0.23992 2.11025 1.24224][-0.26821 1.24224 1.36268]]
weight = 1.14436e-05 mean = [-2.22253 4.77363 -1.21949] covariance = [[1.99387e-05 -3.15589e-07 -6.01179e-07][-3.15589e-07 2.65655e-05 4.21706e-06][-6.01179e-07 4.21706e-06 2.21899e-05]]
weight = 0.000409731 mean = [-2.12767 4.72502 -1.34066] covariance = [[2.46481e-05 6.50727e-07 -8.50157e-07][6.50727e-07 6.28173e-05 4.93146e-05][-8.50157e-07 4.93146e-05 9.02946e-05]]
weight = 0.168802 mean = [-2.34197 1.26369 -2.25598] covariance = [[0.160156 -0.0401401 0.00128544][-0.0401401 0.0961323 -0.0529827][0.00128544 -0.0529827 0.228055]]
weight = 0.753842 mean = [-2.2007 3.19987 -1.93247] covariance = [[1.78731e-05 4.51499e-05 8.30171e-06][4.51499e-05 0.000677069 0.000306594][8.30171e-06 0.000306594 0.000150732]]
]
2025-05-29 09:41:55 INFO  ren0 [gaussian_mixture_model.h:218] Before merging
2025-05-29 09:41:55 INFO  ren0 [gaussian_mixture_model.h:219] GMM[
weight = 0.00814633 mean = [-2.20836 3.43869 -1.83555] covariance = [[0.000329111 -0.00874171 -0.00380278][-0.00874171 0.379966 0.160266][-0.00380278 0.160266 0.0680253]]
weight = 2.04799e-05 mean = [-2.22214 4.76836 -1.22271] covariance = [[1.99387e-05 -3.15589e-07 -6.01179e-07][-3.15589e-07 2.65655e-05 4.21706e-06][-6.01179e-07 4.21706e-06 2.21899e-05]]
weight = 2.54556e-05 mean = [-2.21928 4.6568 -1.27571] covariance = [[0.000209188 -9.33324e-05 -0.000230568][-9.33324e-05 0.00245161 0.00121222][-0.000230568 0.00121222 0.000787457]]
weight = 0.0533455 mean = [-2.20178 3.39121 -1.8624] covariance = [[0.000688799 0.00413881 0.0015425][0.00413881 0.159279 0.0619643][0.0015425 0.0619643 0.0247111]]
weight = 2.54556e-05 mean = [-2.21411 4.5875 -1.31252] covariance = [[0.000209188 -9.33324e-05 -0.000230568][-9.33324e-05 0.00245161 0.00121222][-0.000230568 0.00121222 0.000787457]]
weight = 0.0153833 mean = [-1.47418 6.39726 -0.339622] covariance = [[1.25309 0.23992 -0.26821][0.23992 2.11025 1.24224][-0.26821 1.24224 1.36268]]
weight = 1.14436e-05 mean = [-2.22253 4.77363 -1.21949] covariance = [[1.99387e-05 -3.15589e-07 -6.01179e-07][-3.15589e-07 2.65655e-05 4.21706e-06][-6.01179e-07 4.21706e-06 2.21899e-05]]
weight = 0.000409731 mean = [-2.12767 4.72502 -1.34066] covariance = [[2.46481e-05 6.50727e-07 -8.50157e-07][6.50727e-07 6.28173e-05 4.93146e-05][-8.50157e-07 4.93146e-05 9.02946e-05]]
weight = 0.168802 mean = [-2.34197 1.26369 -2.25598] covariance = [[0.160156 -0.0401401 0.00128544][-0.0401401 0.0961323 -0.0529827][0.00128544 -0.0529827 0.228055]]
weight = 0.753842 mean = [-2.2007 3.19987 -1.93247] covariance = [[1.78731e-05 4.51499e-05 8.30171e-06][4.51499e-05 0.000677069 0.000306594][8.30171e-06 0.000306594 0.000150732]]
]
2025-05-29 09:41:55 INFO  ren0 [gaussian_mixture_model.h:215] Before splitting
2025-05-29 09:41:55 INFO  ren0 [gaussian_mixture_model.h:216] GMM[
weight = 0.0123389 mean = [-2.20409 3.25592 -1.91142] covariance = [[8.15165e-05 -0.00180585 -0.000797411][-0.00180585 0.0747767 0.0312624][-0.000797411 0.0312624 0.01312]]
weight = 4.01315e-07 mean = [-2.19982 4.58417 -1.33214] covariance = [[1.39535e-05 -8.40529e-06 -8.77647e-06][-8.40529e-06 3.65056e-05 2.61545e-05][-8.77647e-06 2.61545e-05 3.72277e-05]]
weight = 0.0557061 mean = [-2.20442 3.21047 -1.93392] covariance = [[0.000316075 0.00341405 0.00130835][0.00341405 0.07278 0.0299083][0.00130835 0.0299083 0.0124675]]
weight = 1.07774e-05 mean = [-2.2143 4.61674 -1.29954] covariance = [[0.000219981 -0.00031244 -0.000359371][-0.00031244 0.00433717 0.00231545][-0.000359371 0.00231545 0.00142609]]
weight = 0.0129042 mean = [-3.09562 3.8423 -2.09082] covariance = [[1.9072 1.34332 1.36028][1.34332 3.60996 1.84704][1.36028 1.84704 2.4578]]
weight = 3.19232e-05 mean = [-2.22228 4.77025 -1.22156] covariance = [[2.99737e-05 -7.88781e-07 -8.90274e-07][-7.88781e-07 4.29589e-05 8.1231e-06][-8.90274e-07 8.1231e-06 3.45763e-05]]
weight = 0.000297866 mean = [-2.12767 4.72502 -1.34066] covariance = [[2.46481e-05 6.50727e-07 -8.50157e-07][6.50727e-07 6.28173e-05 4.93146e-05][-8.50157e-07 4.93146e-05 9.02946e-05]]
weight = 0.135679 mean = [-2.35125 1.32744 -2.3461] covariance = [[0.155077 -0.0757842 0.0941259][-0.0757842 0.14001 -0.121699][0.0941259 -0.121699 0.323262]]
weight = 0.783063 mean = [-2.20064 3.20011 -1.93221] covariance = [[1.58901e-05 2.47772e-05 4.3863e-06][2.47772e-05 0.000119118 6.39621e-05][4.3863e-06 6.39621e-05 4.40501e-05]]
]
2025-05-29 09:41:55 INFO  ren0 [gaussian_mixture_model.h:218] Before merging
2025-05-29 09:41:55 INFO  ren0 [gaussian_mixture_model.h:219] GMM[
weight = 0.00616943 mean = [-2.20076 3.1192 -1.96862] covariance = [[6.93277e-05 -0.000895067 -0.000416407][-0.000895067 0.0374018 0.0156233][-0.000416407 0.0156233 0.00658779]]
weight = 0.00616943 mean = [-2.20742 3.39264 -1.85423] covariance = [[6.93277e-05 -0.000895067 -0.000416407][-0.000895067 0.0374018 0.0156233][-0.000416407 0.0156233 0.00658779]]
weight = 4.01315e-07 mean = [-2.19982 4.58417 -1.33214] covariance = [[1.39535e-05 -8.40529e-06 -8.77647e-06][-8.40529e-06 3.65056e-05 2.61545e-05][-8.77647e-06 2.61545e-05 3.72277e-05]]
weight = 0.0557061 mean = [-2.20442 3.21047 -1.93392] covariance = [[0.000316075 0.00341405 0.00130835][0.00341405 0.07278 0.0299083][0.00130835 0.0299083 0.0124675]]
weight = 1.07774e-05 mean = [-2.2143 4.61674 -1.29954] covariance = [[0.000219981 -0.00031244 -0.000359371][-0.00031244 0.00433717 0.00231545][-0.000359371 0.00231545 0.00142609]]
weight = 0.0129042 mean = [-3.09562 3.8423 -2.09082] covariance = [[1.9072 1.34332 1.36028][1.34332 3.60996 1.84704][1.36028 1.84704 2.4578]]
weight = 3.19232e-05 mean = [-2.22228 4.77025 -1.22156] covariance = [[2.99737e-05 -7.88781e-07 -8.90274e-07][-7.88781e-07 4.29589e-05 8.1231e-06][-8.90274e-07 8.1231e-06 3.45763e-05]]
weight = 0.000297866 mean = [-2.12767 4.72502 -1.34066] covariance = [[2.46481e-05 6.50727e-07 -8.50157e-07][6.50727e-07 6.28173e-05 4.93146e-05][-8.50157e-07 4.93146e-05 9.02946e-05]]
weight = 0.135679 mean = [-2.35125 1.32744 -2.3461] covariance = [[0.155077 -0.0757842 0.0941259][-0.0757842 0.14001 -0.121699][0.0941259 -0.121699 0.323262]]
weight = 0.783063 mean = [-2.20064 3.20011 -1.93221] covariance = [[1.58901e-05 2.47772e-05 4.3863e-06][2.47772e-05 0.000119118 6.39621e-05][4.3863e-06 6.39621e-05 4.40501e-05]]
]
2025-05-29 09:41:55 INFO  ren0 [gaussian_mixture_model.h:215] Before splitting
2025-05-29 09:41:55 INFO  ren0 [gaussian_mixture_model.h:216] GMM[
weight = 0.0211245 mean = [-2.20174 3.21502 -1.92904] covariance = [[2.92323e-05 -0.000296061 -0.000143817][-0.000296061 0.0137898 0.00579701][-0.000143817 0.00579701 0.00245525]]
weight = 0.0122216 mean = [-2.20126 3.21427 -1.92971] covariance = [[1.76946e-05 2.88037e-05 -1.75133e-06][2.88037e-05 0.00492045 0.00209869][-1.75133e-06 0.00209869 0.000908249]]
weight = 0.08783 mean = [-2.20238 3.22715 -1.92529] covariance = [[7.3289e-05 0.00063156 0.000203507][0.00063156 0.0270761 0.011073][0.000203507 0.011073 0.00458171]]
weight = 3.36478e-06 mean = [-2.21503 4.61814 -1.29828] covariance = [[0.0002383 -0.00031571 -0.000377204][-0.00031571 0.00447336 0.00238069][-0.000377204 0.00238069 0.00147172]]
weight = 0.0432048 mean = [-2.13073 3.92715 -1.83087] covariance = [[0.512091 0.245014 0.197636][0.245014 1.54462 0.639386][0.197636 0.639386 0.888509]]
weight = 7.63753e-08 mean = [-2.23057 4.76459 -1.21204] covariance = [[1.12425e-05 2.3435e-06 -1.9537e-06][2.3435e-06 5.80603e-05 -2.20883e-05][-1.9537e-06 -2.20883e-05 2.18057e-05]]
weight = 0.000361946 mean = [-2.12767 4.72502 -1.34066] covariance = [[2.46481e-05 6.50727e-07 -8.50157e-07][6.50727e-07 6.28173e-05 4.93146e-05][-8.50157e-07 4.93146e-05 9.02946e-05]]
weight = 0.151726 mean = [-2.30282 1.26563 -2.27754] covariance = [[0.134725 -0.0464843 0.0168931][-0.0464843 0.114682 -0.0767462][0.0168931 -0.0767462 0.271516]]
weight = 0.683528 mean = [-2.20045 3.20019 -1.93228] covariance = [[1.65694e-05 1.92508e-05 3.44029e-06][1.92508e-05 5.02477e-05 2.97271e-05][3.44029e-06 2.97271e-05 2.72617e-05]]
]
2025-05-29 09:41:56 INFO  ren0 [gaussian_mixture_model.h:218] Before merging
2025-05-29 09:41:56 INFO  ren0 [gaussian_mixture_model.h:219] GMM[
weight = 0.0105623 mean = [-2.20045 3.15631 -1.95375] covariance = [[3.58951e-05 -0.000144385 -7.99789e-05][-0.000144385 0.00690621 0.0028956][-7.99789e-05 0.0028956 0.0012441]]
weight = 0.0122216 mean = [-2.20126 3.21427 -1.92971] covariance = [[1.76946e-05 2.88037e-05 -1.75133e-06][2.88037e-05 0.00492045 0.00209869][-1.75133e-06 0.00209869 0.000908249]]
weight = 0.0105623 mean = [-2.20303 3.27373 -1.90433] covariance = [[3.58951e-05 -0.000144385 -7.99789e-05][-0.000144385 0.00690621 0.0028956][-7.99789e-05 0.0028956 0.0012441]]
weight = 0.08783 mean = [-2.20238 3.22715 -1.92529] covariance = [[7.3289e-05 0.00063156 0.000203507][0.00063156 0.0270761 0.011073][0.000203507 0.011073 0.00458171]]
weight = 3.36478e-06 mean = [-2.21503 4.61814 -1.29828] covariance = [[0.0002383 -0.00031571 -0.000377204][-0.00031571 0.00447336 0.00238069][-0.000377204 0.00238069 0.00147172]]
weight = 0.0432048 mean = [-2.13073 3.92715 -1.83087] covariance = [[0.512091 0.245014 0.197636][0.245014 1.54462 0.639386][0.197636 0.639386 0.888509]]
weight = 7.63753e-08 mean = [-2.23057 4.76459 -1.21204] covariance = [[1.12425e-05 2.3435e-06 -1.9537e-06][2.3435e-06 5.80603e-05 -2.20883e-05][-1.9537e-06 -2.20883e-05 2.18057e-05]]
weight = 0.000361946 mean = [-2.12767 4.72502 -1.34066] covariance = [[2.46481e-05 6.50727e-07 -8.50157e-07][6.50727e-07 6.28173e-05 4.93146e-05][-8.50157e-07 4.93146e-05 9.02946e-05]]
weight = 0.151726 mean = [-2.30282 1.26563 -2.27754] covariance = [[0.134725 -0.0464843 0.0168931][-0.0464843 0.114682 -0.0767462][0.0168931 -0.0767462 0.271516]]
weight = 0.683528 mean = [-2.20045 3.20019 -1.93228] covariance = [[1.65694e-05 1.92508e-05 3.44029e-06][1.92508e-05 5.02477e-05 2.97271e-05][3.44029e-06 2.97271e-05 2.72617e-05]]
]
2025-05-29 09:41:56 INFO  ren0 [gaussian_mixture_model.h:215] Before splitting
2025-05-29 09:41:56 INFO  ren0 [gaussian_mixture_model.h:216] GMM[
weight = 0.177255 mean = [-2.20112 3.2057 -1.93054] covariance = [[2.88999e-05 0.000117778 2.30189e-05][0.000117778 0.00415017 0.00167041][2.30189e-05 0.00167041 0.000697727]]
weight = 0.0247243 mean = [-2.42264 3.62555 -2.06744] covariance = [[0.966507 0.53544 0.314923][0.53544 1.98035 0.619478][0.314923 0.619478 0.91365]]
weight = 0.000395646 mean = [-2.12767 4.72502 -1.34066] covariance = [[2.46481e-05 6.50727e-07 -8.50157e-07][6.50727e-07 6.28173e-05 4.93146e-05][-8.50157e-07 4.93146e-05 9.02946e-05]]
weight = 0.123519 mean = [-2.28351 1.32345 -2.32747] covariance = [[0.0870525 -0.0378504 0.0124325][-0.0378504 0.0915253 -0.034115][0.0124325 -0.034115 0.163641]]
weight = 0.674106 mean = [-2.20011 3.20022 -1.93209] covariance = [[1.68968e-05 1.44902e-05 1.76045e-06][1.44902e-05 2.36992e-05 1.42547e-05][1.76045e-06 1.42547e-05 1.80554e-05]]
]
2025-05-29 09:41:56 INFO  ren0 [gaussian_mixture_model.h:218] Before merging
2025-05-29 09:41:56 INFO  ren0 [gaussian_mixture_model.h:219] GMM[
weight = 0.0886274 mean = [-2.20197 3.17349 -1.94357] covariance = [[3.74462e-05 6.28725e-05 8.10435e-07][6.28725e-05 0.00208643 0.000831612][8.10435e-07 0.000831612 0.000368445]]
weight = 0.0123621 mean = [-2.7172 2.96102 -2.38305] covariance = [[0.792987 0.143954 0.128991][0.143954 1.09716 0.200012][0.128991 0.200012 0.714439]]
weight = 0.0617597 mean = [-2.34275 1.41534 -2.51238] covariance = [[0.0800449 -0.0269643 -0.009474][-0.0269643 0.0746486 -0.000132859][-0.009474 -0.000132859 0.0952674]]
weight = 0.0886274 mean = [-2.20026 3.2379 -1.91752] covariance = [[3.74462e-05 6.28725e-05 8.10435e-07][6.28725e-05 0.00208643 0.000831612][8.10435e-07 0.000831612 0.000368445]]
weight = 0.337053 mean = [-2.20162 3.19781 -1.93364] covariance = [[2.23671e-05 7.23542e-06 -2.90743e-06][7.23542e-06 2.208e-05 6.7787e-06][-2.90743e-06 6.7787e-06 2.32451e-05]]
weight = 0.0123621 mean = [-2.12808 4.29008 -1.75182] covariance = [[0.792987 0.143954 0.128991][0.143954 1.09716 0.200012][0.128991 0.200012 0.714439]]
weight = 0.000395646 mean = [-2.12767 4.72502 -1.34066] covariance = [[2.46481e-05 6.50727e-07 -8.50157e-07][6.50727e-07 6.28173e-05 4.93146e-05][-8.50157e-07 4.93146e-05 9.02946e-05]]
weight = 0.0617597 mean = [-2.22428 1.23157 -2.14256] covariance = [[0.0800449 -0.0269643 -0.009474][-0.0269643 0.0746486 -0.000132859][-0.009474 -0.000132859 0.0952674]]
weight = 0.337053 mean = [-2.19861 3.20263 -1.93054] covariance = [[2.23671e-05 7.23542e-06 -2.90743e-06][7.23542e-06 2.208e-05 6.7787e-06][-2.90743e-06 6.7787e-06 2.32451e-05]]
]
2025-05-29 09:41:56 INFO  ren0 [gaussian_mixture_model.h:215] Before splitting
2025-05-29 09:41:56 INFO  ren0 [gaussian_mixture_model.h:216] GMM[
weight = 0.0107778 mean = [-2.97718 1.64055 -2.54771] covariance = [[0.351109 0.0418701 -0.0522573][0.0418701 0.562384 -0.25812][-0.0522573 -0.25812 1.80489]]
weight = 0.0307551 mean = [-2.30476 1.34213 -2.4459] covariance = [[0.0588222 -0.0316527 -0.00345001][-0.0316527 0.0947653 -0.00343801][-0.00345001 -0.00343801 0.0900315]]
weight = 0.00823402 mean = [-2.39662 3.52663 -1.9811] covariance = [[1.044 0.520755 0.349414][0.520755 1.97878 0.522124][0.349414 0.522124 0.925292]]
weight = 0.000395609 mean = [-2.12767 4.72502 -1.34066] covariance = [[2.46481e-05 6.50727e-07 -8.50157e-07][6.50727e-07 6.28173e-05 4.93146e-05][-8.50157e-07 4.93146e-05 9.02946e-05]]
weight = 0.075056 mean = [-2.25146 1.23439 -2.22416] covariance = [[0.0594227 -0.0209988 0.00132095][-0.0209988 0.068837 -0.0218142][0.00132095 -0.0218142 0.105689]]
weight = 0.874782 mean = [-2.2006 3.20058 -1.93244] covariance = [[1.98018e-05 2.11183e-05 2.51383e-06][2.11183e-05 4.09217e-05 2.02911e-05][2.51383e-06 2.02911e-05 2.01687e-05]]
]
2025-05-29 09:41:56 INFO  ren0 [gaussian_mixture_model.h:218] Before merging
2025-05-29 09:41:56 INFO  ren0 [gaussian_mixture_model.h:219] GMM[
weight = 0.00538889 mean = [-3.00405 1.5067 -1.87985] covariance = [[0.349676 0.0346778 -0.0163702][0.0346778 0.526563 -0.0793335][-0.0163702 -0.0793335 0.912812]]
weight = 0.00538889 mean = [-2.95032 1.77439 -3.21557] covariance = [[0.349676 0.0346778 -0.0163702][0.0346778 0.526563 -0.0793335][-0.0163702 -0.0793335 0.912812]]
weight = 0.0153775 mean = [-2.38879 1.48764 -2.45495] covariance = [[0.0447098 -0.00719897 -0.00497191][-0.00719897 0.0524321 -0.000802739][-0.00497191 -0.000802739 0.0898775]]
weight = 0.0153775 mean = [-2.22073 1.19663 -2.43684] covariance = [[0.0447098 -0.00719897 -0.00497191][-0.00719897 0.0524321 -0.000802739][-0.00497191 -0.000802739 0.0898775]]
weight = 0.00411701 mean = [-2.71016 2.87047 -2.27537] covariance = [[0.847403 0.1093 0.164884][0.1093 1.11771 0.135942][0.164884 0.135942 0.752107]]
weight = 0.00411701 mean = [-2.08309 4.18279 -1.68682] covariance = [[0.847403 0.1093 0.164884][0.1093 1.11771 0.135942][0.164884 0.135942 0.752107]]
weight = 0.437391 mean = [-2.20227 3.1974 -1.93407] covariance = [[2.41929e-05 1.04517e-05 -2.94394e-06][1.04517e-05 3.06369e-05 9.91199e-06][-2.94394e-06 9.91199e-06 2.4858e-05]]
weight = 0.000395609 mean = [-2.12767 4.72502 -1.34066] covariance = [[2.46481e-05 6.50727e-07 -8.50157e-07][6.50727e-07 6.28173e-05 4.93146e-05][-8.50157e-07 4.93146e-05 9.02946e-05]]
weight = 0.075056 mean = [-2.25146 1.23439 -2.22416] covariance = [[0.0594227 -0.0209988 0.00132095][-0.0209988 0.068837 -0.0218142][0.00132095 -0.0218142 0.105689]]
weight = 0.437391 mean = [-2.19892 3.20377 -1.93081] covariance = [[2.41929e-05 1.04517e-05 -2.94394e-06][1.04517e-05 3.06369e-05 9.91199e-06][-2.94394e-06 9.91199e-06 2.4858e-05]]
]
2025-05-29 09:41:56 INFO  ren0 [gaussian_mixture_model.h:215] Before splitting
2025-05-29 09:41:56 INFO  ren0 [gaussian_mixture_model.h:216] GMM[
weight = 0.00183533 mean = [-2.48701 2.10933 -2.50163] covariance = [[0.284128 0.139135 0.000397071][0.139135 0.641251 0.227953][0.000397071 0.227953 0.872111]]
weight = 0.00713794 mean = [-2.66291 1.74034 -3.1475] covariance = [[0.307216 0.0160595 -0.15776][0.0160595 0.440394 0.0163173][-0.15776 0.0163173 1.29758]]
weight = 0.00649162 mean = [-2.43166 2.96859 -2.13429] covariance = [[0.70783 0.303882 0.232668][0.303882 0.604593 0.20858][0.232668 0.20858 0.333074]]
weight = 0.00747312 mean = [-2.2263 3.61058 -1.80724] covariance = [[0.433644 0.216986 0.165592][0.216986 1.42343 0.543474][0.165592 0.543474 0.574008]]
weight = 0.319381 mean = [-2.20086 3.19833 -1.9325] covariance = [[1.52237e-05 1.27612e-05 -1.07418e-07][1.27612e-05 2.1122e-05 1.07831e-05][-1.07418e-07 1.07831e-05 1.46484e-05]]
weight = 0.0902793 mean = [-2.21977 1.22948 -2.32442] covariance = [[0.0397566 -0.0289781 0.00327638][-0.0289781 0.0846145 -0.0175531][0.00327638 -0.0175531 0.0856134]]
weight = 0.567402 mean = [-2.20006 3.20209 -1.93209] covariance = [[1.94949e-05 1.89589e-05 1.74308e-06][1.89589e-05 3.19185e-05 1.5201e-05][1.74308e-06 1.5201e-05 1.68334e-05]]
]
2025-05-29 09:41:56 INFO  ren0 [gaussian_mixture_model.h:218] Before merging
2025-05-29 09:41:56 INFO  ren0 [gaussian_mixture_model.h:219] GMM[
weight = 0.000917666 mean = [-2.53886 1.83637 -2.92322] covariance = [[0.27876 0.110825 -0.0433271][0.110825 0.49224 -0.00220675][-0.0433271 -0.00220675 0.516644]]
weight = 0.00356897 mean = [-2.57476 1.73143 -3.71559] covariance = [[0.291685 0.0176295 -0.0576072][0.0176295 0.440245 0.00619877][-0.0576072 0.00619877 0.652132]]
weight = 0.000917666 mean = [-2.43515 2.3823 -2.08004] covariance = [[0.27876 0.110825 -0.0433271][0.110825 0.49224 -0.00220675][-0.0433271 -0.00220675 0.516644]]
weight = 0.00356897 mean = [-2.75106 1.74924 -2.57941] covariance = [[0.291685 0.0176295 -0.0576072][0.0176295 0.440245 0.00619877][-0.0576072 0.00619877 0.652132]]
weight = 0.00324581 mean = [-2.0639 3.28237 -1.93553] covariance = [[0.437345 0.0730853 0.0864759][0.0730853 0.407677 0.0838433][0.0864759 0.0838433 0.254073]]
weight = 0.00747312 mean = [-2.2263 3.61058 -1.80724] covariance = [[0.433644 0.216986 0.165592][0.216986 1.42343 0.543474][0.165592 0.543474 0.574008]]
weight = 0.319381 mean = [-2.20086 3.19833 -1.9325] covariance = [[1.52237e-05 1.27612e-05 -1.07418e-07][1.27612e-05 2.1122e-05 1.07831e-05][-1.07418e-07 1.07831e-05 1.46484e-05]]
weight = 0.00324581 mean = [-2.79942 2.6548 -2.33305] covariance = [[0.437345 0.0730853 0.0864759][0.0730853 0.407677 0.0838433][0.0864759 0.0838433 0.254073]]
weight = 0.0902793 mean = [-2.21977 1.22948 -2.32442] covariance = [[0.0397566 -0.0289781 0.00327638][-0.0289781 0.0846145 -0.0175531][0.00327638 -0.0175531 0.0856134]]
weight = 0.567402 mean = [-2.20006 3.20209 -1.93209] covariance = [[1.94949e-05 1.89589e-05 1.74308e-06][1.89589e-05 3.19185e-05 1.5201e-05][1.74308e-06 1.5201e-05 1.68334e-05]]
]
2025-05-29 09:41:56 INFO  ren0 [gaussian_mixture_model.h:215] Before splitting
2025-05-29 09:41:56 INFO  ren0 [gaussian_mixture_model.h:216] GMM[
weight = 0.00244247 mean = [-2.65757 1.60883 -2.62158] covariance = [[0.379554 0.27111 -0.0545379][0.27111 0.663002 0.0883432][-0.0545379 0.0883432 0.711375]]
weight = 0.00880609 mean = [-2.57011 1.45927 -3.54489] covariance = [[0.308736 -0.046518 -0.139264][-0.046518 0.310642 0.0275146][-0.139264 0.0275146 0.745544]]
weight = 0.00278121 mean = [-2.3559 2.58424 -1.99554] covariance = [[0.158068 0.272363 -0.0388345][0.272363 0.847231 -0.0321026][-0.0388345 -0.0321026 0.168557]]
weight = 0.00897767 mean = [-2.82284 1.33484 -2.37301] covariance = [[0.267728 0.13317 -0.0315768][0.13317 0.345606 -0.0181891][-0.0315768 -0.0181891 0.570431]]
weight = 0.0171044 mean = [-2.22324 3.15065 -1.97905] covariance = [[0.0934927 0.0336587 0.0273008][0.0336587 0.10399 0.0347264][0.0273008 0.0347264 0.0448564]]
weight = 0.0199819 mean = [-2.23107 3.15792 -1.96509] covariance = [[0.225981 0.174634 0.0738626][0.174634 1.13825 0.443703][0.0738626 0.443703 0.295779]]
weight = 0.00931037 mean = [-2.37646 2.96701 -2.07836] covariance = [[0.28547 0.12536 0.138083][0.12536 0.316359 0.0918557][0.138083 0.0918557 0.117818]]
weight = 0.110541 mean = [-2.20928 1.18956 -2.28852] covariance = [[0.0319642 -0.0178433 -0.000747282][-0.0178433 0.0598383 -0.0148284][-0.000747282 -0.0148284 0.0658805]]
weight = 0.820055 mean = [-2.20037 3.20112 -1.93228] covariance = [[1.79127e-05 1.70307e-05 1.24531e-06][1.70307e-05 2.86725e-05 1.37414e-05][1.24531e-06 1.37414e-05 1.59102e-05]]
]
2025-05-29 09:41:56 INFO  ren0 [gaussian_mixture_model.h:218] Before merging
2025-05-29 09:41:56 INFO  ren0 [gaussian_mixture_model.h:219] GMM[
weight = 0.00122123 mean = [-2.85806 1.23042 -2.78902] covariance = [[0.299176 0.119376 -0.121678][0.119376 0.376613 -0.0383847][-0.121678 -0.0383847 0.655309]]
weight = 0.00880609 mean = [-2.57011 1.45927 -3.54489] covariance = [[0.308736 -0.046518 -0.139264][-0.046518 0.310642 0.0275146][-0.139264 0.0275146 0.745544]]
weight = 0.00278121 mean = [-2.3559 2.58424 -1.99554] covariance = [[0.158068 0.272363 -0.0388345][0.272363 0.847231 -0.0321026][-0.0388345 -0.0321026 0.168557]]
weight = 0.00897767 mean = [-2.82284 1.33484 -2.37301] covariance = [[0.267728 0.13317 -0.0315768][0.13317 0.345606 -0.0181891][-0.0315768 -0.0181891 0.570431]]
weight = 0.0171044 mean = [-2.22324 3.15065 -1.97905] covariance = [[0.0934927 0.0336587 0.0273008][0.0336587 0.10399 0.0347264][0.0273008 0.0347264 0.0448564]]
weight = 0.0199819 mean = [-2.23107 3.15792 -1.96509] covariance = [[0.225981 0.174634 0.0738626][0.174634 1.13825 0.443703][0.0738626 0.443703 0.295779]]
weight = 0.00122123 mean = [-2.45709 1.98725 -2.45413] covariance = [[0.299176 0.119376 -0.121678][0.119376 0.376613 -0.0383847][-0.121678 -0.0383847 0.655309]]
weight = 0.00931037 mean = [-2.37646 2.96701 -2.07836] covariance = [[0.28547 0.12536 0.138083][0.12536 0.316359 0.0918557][0.138083 0.0918557 0.117818]]
weight = 0.110541 mean = [-2.20928 1.18956 -2.28852] covariance = [[0.0319642 -0.0178433 -0.000747282][-0.0178433 0.0598383 -0.0148284][-0.000747282 -0.0148284 0.0658805]]
weight = 0.820055 mean = [-2.20037 3.20112 -1.93228] covariance = [[1.79127e-05 1.70307e-05 1.24531e-06][1.70307e-05 2.86725e-05 1.37414e-05][1.24531e-06 1.37414e-05 1.59102e-05]]
]
2025-05-29 09:41:56 INFO  ren0 [gaussian_mixture_model.h:215] Before splitting
2025-05-29 09:41:56 INFO  ren0 [gaussian_mixture_model.h:216] GMM[
weight = 0.0147633 mean = [-2.5669 1.63032 -3.63952] covariance = [[0.0381659 -0.00167068 0.00908469][-0.00167068 0.0459776 -0.069904][0.00908469 -0.069904 0.540937]]
weight = 0.0552776 mean = [-2.22972 3.24888 -1.91621] covariance = [[0.0216444 0.00517876 0.00534793][0.00517876 0.316283 0.113636][0.00534793 0.113636 0.049451]]
weight = 0.111727 mean = [-2.16275 1.16745 -2.22046] covariance = [[0.0233982 -0.015594 0.00749712][-0.015594 0.0412028 -0.00990171][0.00749712 -0.00990171 0.0690516]]
weight = 0.818233 mean = [-2.20013 3.20068 -1.93248] covariance = [[1.6594e-05 1.33323e-05 -3.12995e-07][1.33323e-05 2.00147e-05 9.76576e-06][-3.12995e-07 9.76576e-06 1.42242e-05]]
]
2025-05-29 09:41:56 INFO  ren0 [gaussian_mixture_model.h:218] Before merging
2025-05-29 09:41:56 INFO  ren0 [gaussian_mixture_model.h:219] GMM[
weight = 0.00738166 mean = [-2.57358 1.68124 -4.00702] covariance = [[0.0380867 -0.000990604 0.00417565][-0.000990604 0.0408033 -0.0324826][0.00417565 -0.0324826 0.270827]]
weight = 0.0276388 mean = [-2.23569 2.96812 -2.01963] covariance = [[0.0215833 0.00183041 0.00411454][0.00183041 0.158631 0.0555598][0.00411454 0.0555598 0.0280681]]
weight = 0.0558633 mean = [-2.1959 1.21846 -2.34333] covariance = [[0.0212107 -0.0122123 -0.00064799][-0.0122123 0.0360087 0.00263295][-0.00064799 0.00263295 0.0388705]]
weight = 0.409116 mean = [-2.20176 3.19848 -1.93352] covariance = [[2.12818e-05 6.13513e-06 -3.70463e-06][6.13513e-06 2.02637e-05 5.17064e-06][-3.70463e-06 5.17064e-06 2.20588e-05]]
weight = 0.00738166 mean = [-2.56022 1.57941 -3.27201] covariance = [[0.0380867 -0.000990604 0.00417565][-0.000990604 0.0408033 -0.0324826][0.00417565 -0.0324826 0.270827]]
weight = 0.0276388 mean = [-2.22376 3.52965 -1.81279] covariance = [[0.0215833 0.00183041 0.00411454][0.00183041 0.158631 0.0555598][0.00411454 0.0555598 0.0280681]]
weight = 0.0558633 mean = [-2.12961 1.11644 -2.0976] covariance = [[0.0212107 -0.0122123 -0.00064799][-0.0122123 0.0360087 0.00263295][-0.00064799 0.00263295 0.0388705]]
weight = 0.409116 mean = [-2.1985 3.20289 -1.93144] covariance = [[2.12818e-05 6.13513e-06 -3.70463e-06][6.13513e-06 2.02637e-05 5.17064e-06][-3.70463e-06 5.17064e-06 2.20588e-05]]
]
2025-05-29 09:41:57 INFO  ren0 [gaussian_mixture_model.h:215] Before splitting
2025-05-29 09:41:57 INFO  ren0 [gaussian_mixture_model.h:216] GMM[
weight = 0.0139147 mean = [-2.21484 3.15303 -1.96079] covariance = [[0.00109526 0.00410126 0.00224879][0.00410126 0.0907791 0.0431288][0.00224879 0.0431288 0.0216805]]
weight = 0.0363048 mean = [-2.1908 1.20246 -2.41791] covariance = [[0.0170913 -0.00120314 -0.000931017][-0.00120314 0.0374903 -0.00256417][-0.000931017 -0.00256417 0.0756682]]
weight = 0.335807 mean = [-2.20062 3.19843 -1.93253] covariance = [[1.33735e-05 9.65794e-06 -2.37475e-08][9.65794e-06 1.48572e-05 9.18205e-06][-2.37475e-08 9.18205e-06 1.43965e-05]]
weight = 0.00893986 mean = [-2.52582 1.60117 -3.05147] covariance = [[0.0755793 0.00331446 0.0681191][0.00331446 0.0601475 -0.0422982][0.0681191 -0.0422982 0.588874]]
weight = 0.0277817 mean = [-2.22281 3.30156 -1.89071] covariance = [[0.0106658 0.000850954 0.00181894][0.000850954 0.18788 0.0709045][0.00181894 0.0709045 0.0314147]]
weight = 0.0624943 mean = [-2.14682 1.14391 -2.15079] covariance = [[0.0174647 -0.00685218 0.0057818][-0.00685218 0.0368138 -0.00203018][0.0057818 -0.00203018 0.0487142]]
weight = 0.514757 mean = [-2.19988 3.20161 -1.93219] covariance = [[1.56808e-05 1.19986e-05 -4.67983e-07][1.19986e-05 1.74727e-05 8.72549e-06][-4.67983e-07 8.72549e-06 1.34589e-05]]
]
2025-05-29 09:41:57 INFO  ren0 [gaussian_mixture_model.h:218] Before merging
2025-05-29 09:41:57 INFO  ren0 [gaussian_mixture_model.h:219] GMM[
weight = 0.0181524 mean = [-2.18881 1.21158 -2.55529] covariance = [[0.0170934 -0.00123944 -0.000384187][-0.00123944 0.0373339 -5.79219e-05][-0.000384187 -5.79219e-05 0.0379266]]
weight = 0.0139147 mean = [-2.21484 3.15303 -1.96079] covariance = [[0.00109526 0.00410126 0.00224879][0.00410126 0.0907791 0.0431288][0.00224879 0.0431288 0.0216805]]
weight = 0.0181524 mean = [-2.19279 1.19334 -2.28052] covariance = [[0.0170934 -0.00123944 -0.000384187][-0.00123944 0.0373339 -5.79219e-05][-0.000384187 -5.79219e-05 0.0379266]]
weight = 0.167904 mean = [-2.19935 3.20032 -1.93122] covariance = [[2.01184e-05 4.82402e-06 -3.35645e-06][4.82402e-06 1.76788e-05 4.23295e-06][-3.35645e-06 4.23295e-06 2.09843e-05]]
weight = 0.167904 mean = [-2.2019 3.19653 -1.93384] covariance = [[2.01184e-05 4.82402e-06 -3.35645e-06][4.82402e-06 1.76788e-05 4.23295e-06][-3.35645e-06 4.23295e-06 2.09843e-05]]
weight = 0.00446993 mean = [-2.57533 1.63084 -3.43475] covariance = [[0.070687 0.00625278 0.0301672][0.00625278 0.0583964 -0.0195507][0.0301672 -0.0195507 0.295073]]
weight = 0.00446993 mean = [-2.47631 1.57149 -2.66818] covariance = [[0.070687 0.00625278 0.0301672][0.00625278 0.0583964 -0.0195507][0.0301672 -0.0195507 0.295073]]
weight = 0.0277817 mean = [-2.22281 3.30156 -1.89071] covariance = [[0.0106658 0.000850954 0.00181894][0.000850954 0.18788 0.0709045][0.00181894 0.0709045 0.0314147]]
weight = 0.0624943 mean = [-2.14682 1.14391 -2.15079] covariance = [[0.0174647 -0.00685218 0.0057818][-0.00685218 0.0368138 -0.00203018][0.0057818 -0.00203018 0.0487142]]
weight = 0.514757 mean = [-2.19988 3.20161 -1.93219] covariance = [[1.56808e-05 1.19986e-05 -4.67983e-07][1.19986e-05 1.74727e-05 8.72549e-06][-4.67983e-07 8.72549e-06 1.34589e-05]]
]
2025-05-29 09:41:57 INFO  ren0 [gaussian_mixture_model.h:215] Before splitting
2025-05-29 09:41:57 INFO  ren0 [gaussian_mixture_model.h:216] GMM[
weight = 0.0116986 mean = [-2.15512 1.17938 -2.57952] covariance = [[0.0138621 -0.0066337 -0.00450453][-0.0066337 0.0321828 0.00337747][-0.00450453 0.00337747 0.0564753]]
weight = 0.0220529 mean = [-2.19495 1.2124 -2.31388] covariance = [[0.0175472 -0.00538997 -0.00358324][-0.00538997 0.0444398 0.00759172][-0.00358324 0.00759172 0.0490146]]
weight = 0.25826 mean = [-2.20026 3.20129 -1.93219] covariance = [[1.51899e-05 1.29321e-05 -2.23138e-07][1.29321e-05 2.1559e-05 1.05034e-05][-2.23138e-07 1.05034e-05 1.40701e-05]]
weight = 0.163903 mean = [-2.20167 3.19517 -1.93323] covariance = [[2.03658e-05 2.17781e-05 4.52429e-06][2.17781e-05 3.72012e-05 1.93439e-05][4.52429e-06 1.93439e-05 1.94123e-05]]
weight = 0.00862495 mean = [-2.54638 1.65166 -3.53728] covariance = [[0.0858904 0.012428 -0.0708462][0.012428 0.0774819 -0.0214237][-0.0708462 -0.0214237 0.748177]]
weight = 0.0279268 mean = [-2.8005 1.45658 -2.03954] covariance = [[0.173032 0.0810529 -0.16203][0.0810529 0.0892034 -0.121158][-0.16203 -0.121158 0.395488]]
weight = 0.0427271 mean = [-2.20957 3.22169 -1.93322] covariance = [[0.00191053 0.00238088 0.00138482][0.00238088 0.0914927 0.0389199][0.00138482 0.0389199 0.0180401]]
weight = 0.0552135 mean = [-2.16352 1.17611 -2.20452] covariance = [[0.0159745 -0.00976914 -9.46992e-05][-0.00976914 0.0435814 0.0082777][-9.46992e-05 0.0082777 0.02851]]
weight = 0.409594 mean = [-2.19973 3.20147 -1.93224] covariance = [[1.46542e-05 9.77067e-06 -1.09943e-06][9.77067e-06 1.28369e-05 6.43657e-06][-1.09943e-06 6.43657e-06 1.18572e-05]]
]
2025-05-29 09:41:57 INFO  ren0 [gaussian_mixture_model.h:218] Before merging
2025-05-29 09:41:57 INFO  ren0 [gaussian_mixture_model.h:219] GMM[
weight = 0.00584931 mean = [-2.17018 1.19891 -2.46207] covariance = [[0.0134189 -0.00604586 -0.000968388][-0.00604586 0.0314303 -0.00120928][-0.000968388 -0.00120928 0.0288939]]
weight = 0.00584931 mean = [-2.14007 1.15986 -2.69698] covariance = [[0.0134189 -0.00604586 -0.000968388][-0.00604586 0.0314303 -0.00120928][-0.000968388 -0.00120928 0.0288939]]
weight = 0.0220529 mean = [-2.19495 1.2124 -2.31388] covariance = [[0.0175472 -0.00538997 -0.00358324][-0.00538997 0.0444398 0.00759172][-0.00358324 0.00759172 0.0490146]]
weight = 0.25826 mean = [-2.20026 3.20129 -1.93219] covariance = [[1.51899e-05 1.29321e-05 -2.23138e-07][1.29321e-05 2.1559e-05 1.05034e-05][-2.23138e-07 1.05034e-05 1.40701e-05]]
weight = 0.163903 mean = [-2.20167 3.19517 -1.93323] covariance = [[2.03658e-05 2.17781e-05 4.52429e-06][2.17781e-05 3.72012e-05 1.93439e-05][4.52429e-06 1.93439e-05 1.94123e-05]]
weight = 0.00862495 mean = [-2.54638 1.65166 -3.53728] covariance = [[0.0858904 0.012428 -0.0708462][0.012428 0.0774819 -0.0214237][-0.0708462 -0.0214237 0.748177]]
weight = 0.0279268 mean = [-2.8005 1.45658 -2.03954] covariance = [[0.173032 0.0810529 -0.16203][0.0810529 0.0892034 -0.121158][-0.16203 -0.121158 0.395488]]
weight = 0.0427271 mean = [-2.20957 3.22169 -1.93322] covariance = [[0.00191053 0.00238088 0.00138482][0.00238088 0.0914927 0.0389199][0.00138482 0.0389199 0.0180401]]
weight = 0.0552135 mean = [-2.16352 1.17611 -2.20452] covariance = [[0.0159745 -0.00976914 -9.46992e-05][-0.00976914 0.0435814 0.0082777][-9.46992e-05 0.0082777 0.02851]]
weight = 0.409594 mean = [-2.19973 3.20147 -1.93224] covariance = [[1.46542e-05 9.77067e-06 -1.09943e-06][9.77067e-06 1.28369e-05 6.43657e-06][-1.09943e-06 6.43657e-06 1.18572e-05]]
]
2025-05-29 09:41:57 INFO  ren0 [gaussian_mixture_model.h:215] Before splitting
2025-05-29 09:41:57 INFO  ren0 [gaussian_mixture_model.h:216] GMM[
weight = 0.00539327 mean = [-2.15512 1.16749 -2.74452] covariance = [[0.0108337 -3.50382e-05 0.00216305][-3.50382e-05 0.0286194 0.00348966][0.00216305 0.00348966 0.0132018]]
weight = 0.0120341 mean = [-2.96422 1.89026 -3.39101] covariance = [[0.25667 -0.193246 0.222117][-0.193246 0.361575 -0.229773][0.222117 -0.229773 0.781684]]
weight = 0.0215964 mean = [-2.63728 1.31153 -2.00501] covariance = [[0.184963 0.044065 -0.0732697][0.044065 0.130402 -0.0730312][-0.0732697 -0.0730312 0.284651]]
weight = 0.0256015 mean = [-2.21568 3.31239 -1.89805] covariance = [[0.00181876 -0.00707644 -0.0026665][-0.00707644 0.301229 0.121714][-0.0026665 0.121714 0.0539549]]
weight = 0.0487562 mean = [-2.17637 1.21699 -2.20497] covariance = [[0.0165846 -0.00367244 -0.00131322][-0.00367244 0.0378009 0.010714][-0.00131322 0.010714 0.0484827]]
weight = 0.886619 mean = [-2.20023 3.20058 -1.932] covariance = [[1.45828e-05 1.08726e-05 -5.98011e-07][1.08726e-05 1.65513e-05 8.83358e-06][-5.98011e-07 8.83358e-06 1.36893e-05]]
]
2025-05-29 09:41:57 INFO  ren0 [gaussian_mixture_model.h:218] Before merging
2025-05-29 09:41:57 INFO  ren0 [gaussian_mixture_model.h:219] GMM[
weight = 0.00601707 mean = [-3.14415 2.09696 -3.80683] covariance = [[0.191936 -0.118865 0.0724868][-0.118865 0.276133 -0.0578711][0.0724868 -0.0578711 0.435884]]
weight = 0.00539327 mean = [-2.15512 1.16749 -2.74452] covariance = [[0.0108337 -3.50382e-05 0.00216305][-3.50382e-05 0.0286194 0.00348966][0.00216305 0.00348966 0.0132018]]
weight = 0.0107982 mean = [-2.76985 1.20604 -1.75964] covariance = [[0.149823 0.0160937 -0.00821231][0.0160937 0.108154 -0.0212611][-0.00821231 -0.0212611 0.164251]]
weight = 0.0128007 mean = [-2.22209 3.58654 -1.78575] covariance = [[0.00174662 -0.00356237 -0.00122708][-0.00356237 0.150918 0.0601405][-0.00122708 0.0601405 0.0287433]]
weight = 0.443309 mean = [-2.20168 3.19858 -1.93309] covariance = [[2.03901e-05 5.06643e-06 -3.74499e-06][5.06643e-06 1.85109e-05 4.4756e-06][-3.74499e-06 4.4756e-06 2.13272e-05]]
weight = 0.00601707 mean = [-2.7843 1.68355 -2.97519] covariance = [[0.191936 -0.118865 0.0724868][-0.118865 0.276133 -0.0578711][0.0724868 -0.0578711 0.435884]]
weight = 0.0107982 mean = [-2.50471 1.41703 -2.25037] covariance = [[0.149823 0.0160937 -0.00821231][0.0160937 0.108154 -0.0212611][-0.00821231 -0.0212611 0.164251]]
weight = 0.0128007 mean = [-2.20927 3.03823 -2.01035] covariance = [[0.00174662 -0.00356237 -0.00122708][-0.00356237 0.150918 0.0601405][-0.00122708 0.0601405 0.0287433]]
weight = 0.0487562 mean = [-2.17637 1.21699 -2.20497] covariance = [[0.0165846 -0.00367244 -0.00131322][-0.00367244 0.0378009 0.010714][-0.00131322 0.010714 0.0484827]]
weight = 0.443309 mean = [-2.19878 3.20259 -1.93091] covariance = [[2.03901e-05 5.06643e-06 -3.74499e-06][5.06643e-06 1.85109e-05 4.4756e-06][-3.74499e-06 4.4756e-06 2.13272e-05]]
]
2025-05-29 09:41:57 INFO  ren0 [gaussian_mixture_model.h:215] Before splitting
2025-05-29 09:41:57 INFO  ren0 [gaussian_mixture_model.h:216] GMM[
weight = 0.00276735 mean = [-3.10534 3.0263 -3.42108] covariance = [[0.638793 0.0343035 0.0520936][0.0343035 3.3795 -0.272947][0.0520936 -0.272947 0.347786]]
weight = 0.0108828 mean = [-2.72174 1.33724 -1.88564] covariance = [[0.223333 0.0548824 -0.0325312][0.0548824 0.0989648 -0.00576672][-0.0325312 -0.00576672 0.218218]]
weight = 0.0215586 mean = [-2.20871 3.72137 -1.74343] covariance = [[0.004153 -0.0148895 -0.00897251][-0.0148895 0.511867 0.207922][-0.00897251 0.207922 0.0902597]]
weight = 0.289372 mean = [-2.20102 3.19836 -1.93258] covariance = [[1.4056e-05 1.08248e-05 -7.82639e-08][1.08248e-05 1.78883e-05 1.05453e-05][-7.82639e-08 1.05453e-05 1.52264e-05]]
weight = 0.00880096 mean = [-2.70571 1.75696 -2.85819] covariance = [[0.299618 -0.128947 0.170771][-0.128947 0.351018 -0.0996451][0.170771 -0.0996451 0.853088]]
weight = 0.0264512 mean = [-2.4481 1.50744 -2.22753] covariance = [[0.157781 0.0516644 -0.0305817][0.0516644 0.147506 -0.0303261][-0.0305817 -0.0303261 0.164865]]
weight = 0.0281113 mean = [-2.20338 3.14774 -1.97701] covariance = [[0.00142251 -0.00443287 -0.00229325][-0.00443287 0.221846 0.0950753][-0.00229325 0.0950753 0.042922]]
weight = 0.0905856 mean = [-2.16109 1.13771 -2.30658] covariance = [[0.0138541 -0.0062365 -0.00444294][-0.0062365 0.0410056 0.00786598][-0.00444294 0.00786598 0.0565633]]
weight = 0.52147 mean = [-2.20008 3.20178 -1.93198] covariance = [[1.59628e-05 1.19977e-05 -5.66869e-07][1.19977e-05 1.7329e-05 8.72062e-06][-5.66869e-07 8.72062e-06 1.35696e-05]]
]
2025-05-29 09:41:57 INFO  ren0 [gaussian_mixture_model.h:218] Before merging
2025-05-29 09:41:57 INFO  ren0 [gaussian_mixture_model.h:219] GMM[
weight = 0.00138368 mean = [-3.09548 3.94512 -3.50297] covariance = [[0.638608 0.0161932 0.0537076][0.0161932 1.69102 -0.122468][0.0537076 -0.122468 0.334386]]
weight = 0.00138368 mean = [-3.11519 2.10747 -3.33919] covariance = [[0.638608 0.0161932 0.0537076][0.0161932 1.69102 -0.122468][0.0537076 -0.122468 0.334386]]
weight = 0.0108828 mean = [-2.72174 1.33724 -1.88564] covariance = [[0.223333 0.0548824 -0.0325312][0.0548824 0.0989648 -0.00576672][-0.0325312 -0.00576672 0.218218]]
weight = 0.0215586 mean = [-2.20871 3.72137 -1.74343] covariance = [[0.004153 -0.0148895 -0.00897251][-0.0148895 0.511867 0.207922][-0.00897251 0.207922 0.0902597]]
weight = 0.289372 mean = [-2.20102 3.19836 -1.93258] covariance = [[1.4056e-05 1.08248e-05 -7.82639e-08][1.08248e-05 1.78883e-05 1.05453e-05][-7.82639e-08 1.05453e-05 1.52264e-05]]
weight = 0.00880096 mean = [-2.70571 1.75696 -2.85819] covariance = [[0.299618 -0.128947 0.170771][-0.128947 0.351018 -0.0996451][0.170771 -0.0996451 0.853088]]
weight = 0.0264512 mean = [-2.4481 1.50744 -2.22753] covariance = [[0.157781 0.0516644 -0.0305817][0.0516644 0.147506 -0.0303261][-0.0305817 -0.0303261 0.164865]]
weight = 0.0281113 mean = [-2.20338 3.14774 -1.97701] covariance = [[0.00142251 -0.00443287 -0.00229325][-0.00443287 0.221846 0.0950753][-0.00229325 0.0950753 0.042922]]
weight = 0.0905856 mean = [-2.16109 1.13771 -2.30658] covariance = [[0.0138541 -0.0062365 -0.00444294][-0.0062365 0.0410056 0.00786598][-0.00444294 0.00786598 0.0565633]]
weight = 0.52147 mean = [-2.20008 3.20178 -1.93198] covariance = [[1.59628e-05 1.19977e-05 -5.66869e-07][1.19977e-05 1.7329e-05 8.72062e-06][-5.66869e-07 8.72062e-06 1.35696e-05]]
]
2025-05-29 09:41:57 INFO  ren0 [gaussian_mixture_model.h:215] Before splitting
2025-05-29 09:41:57 INFO  ren0 [gaussian_mixture_model.h:216] GMM[
weight = 0.00130507 mean = [-2.95123 4.24265 -2.41345] covariance = [[0.48911 0.344056 0.27654][0.344056 4.90899 2.06582][0.27654 2.06582 2.08012]]
weight = 8.81632e-05 mean = [-3.12878 2.29366 -2.47847] covariance = [[1.5859 0.649148 -0.178491][0.649148 4.03835 1.64252][-0.178491 1.64252 1.28217]]
weight = 0.00428089 mean = [-2.58374 1.62069 -2.59973] covariance = [[0.255763 -0.108549 0.173744][-0.108549 0.290986 -0.149417][0.173744 -0.149417 0.912142]]
weight = 0.02035 mean = [-2.40019 1.42097 -2.02281] covariance = [[0.105761 0.0176281 -0.0122086][0.0176281 0.11348 -0.0701444][-0.0122086 -0.0701444 0.298312]]
weight = 0.0592805 mean = [-2.20879 3.40859 -1.85783] covariance = [[0.00055985 -0.00202755 -0.00108025][-0.00202755 0.291771 0.130049][-0.00108025 0.130049 0.059311]]
weight = 0.102637 mean = [-2.16138 1.08782 -2.28094] covariance = [[0.0101166 -0.00202265 -0.00109016][-0.00202265 0.02705 0.00528041][-0.00109016 0.00528041 0.0464897]]
weight = 0.812058 mean = [-2.20022 3.20065 -1.93233] covariance = [[1.65057e-05 1.328e-05 3.06538e-07][1.328e-05 1.98013e-05 1.0331e-05][3.06538e-07 1.0331e-05 1.46546e-05]]
]
2025-05-29 09:41:57 INFO  ren0 [gaussian_mixture_model.h:218] Before merging
2025-05-29 09:41:57 INFO  ren0 [gaussian_mixture_model.h:219] GMM[
weight = 0.000652533 mean = [-2.8555 5.32487 -1.84104] covariance = [[0.470791 0.13685 0.166944][0.13685 2.5666 0.826871][0.166944 0.826871 1.42482]]
weight = 4.40816e-05 mean = [-2.95683 3.29015 -2.0327] covariance = [[1.52678 0.306448 -0.331792][0.306448 2.05235 0.754111][-0.331792 0.754111 0.884765]]
weight = 0.000652533 mean = [-3.04697 3.16043 -2.98586] covariance = [[0.470791 0.13685 0.166944][0.13685 2.5666 0.826871][0.166944 0.826871 1.42482]]
weight = 4.40816e-05 mean = [-3.30073 1.29716 -2.92423] covariance = [[1.52678 0.306448 -0.331792][0.306448 2.05235 0.754111][-0.331792 0.754111 0.884765]]
weight = 0.00214044 mean = [-2.7108 1.73926 -3.0678] covariance = [[0.223489 -0.0784204 0.0548068][-0.0784204 0.26288 -0.0384213][0.0548068 -0.0384213 0.473977]]
weight = 0.00214044 mean = [-2.45669 1.50213 -2.13167] covariance = [[0.223489 -0.0784204 0.0548068][-0.0784204 0.26288 -0.0384213][0.0548068 -0.0384213 0.473977]]
weight = 0.02035 mean = [-2.40019 1.42097 -2.02281] covariance = [[0.105761 0.0176281 -0.0122086][0.0176281 0.11348 -0.0701444][-0.0122086 -0.0701444 0.298312]]
weight = 0.0592805 mean = [-2.20879 3.40859 -1.85783] covariance = [[0.00055985 -0.00202755 -0.00108025][-0.00202755 0.291771 0.130049][-0.00108025 0.130049 0.059311]]
weight = 0.102637 mean = [-2.16138 1.08782 -2.28094] covariance = [[0.0101166 -0.00202265 -0.00109016][-0.00202265 0.02705 0.00528041][-0.00109016 0.00528041 0.0464897]]
weight = 0.812058 mean = [-2.20022 3.20065 -1.93233] covariance = [[1.65057e-05 1.328e-05 3.06538e-07][1.328e-05 1.98013e-05 1.0331e-05][3.06538e-07 1.0331e-05 1.46546e-05]]
]
2025-05-29 09:41:58 INFO  ren0 [gaussian_mixture_model.h:215] Before splitting
2025-05-29 09:41:58 INFO  ren0 [gaussian_mixture_model.h:216] GMM[
weight = 0.00273059 mean = [-2.42237 5.30514 -1.25956] covariance = [[0.491202 0.099598 0.282372][0.099598 2.23271 1.05599][0.282372 1.05599 0.984249]]
weight = 0.000283484 mean = [-2.26776 2.98745 -2.16652] covariance = [[1.77666 0.430004 -0.315484][0.430004 2.77425 1.14929][-0.315484 1.14929 0.898268]]
weight = 0.00160321 mean = [-2.73852 3.28078 -2.33065] covariance = [[1.1478 0.653856 0.664806][0.653856 2.68371 1.39296][0.664806 1.39296 1.26156]]
weight = 0.000322858 mean = [-2.83193 1.23458 -2.99197] covariance = [[3.00401 0.840255 -0.274584][0.840255 1.12348 0.441928][-0.274584 0.441928 0.744534]]
weight = 0.00472832 mean = [-2.51726 1.76228 -3.2977] covariance = [[0.343399 -0.0820482 0.098125][-0.0820482 0.0987725 -0.0187178][0.098125 -0.0187178 0.55503]]
weight = 0.00429259 mean = [-2.41113 1.72245 -2.42143] covariance = [[0.232894 -0.0522084 -0.0223516][-0.0522084 0.160665 0.0206052][-0.0223516 0.0206052 0.46911]]
weight = 0.201061 mean = [-2.20508 3.7091 -1.71386] covariance = [[6.41191e-05 -0.00277941 -0.00128237][-0.00277941 0.507136 0.221906][-0.00128237 0.221906 0.0971912]]
weight = 0.160523 mean = [-2.18302 1.1614 -2.25374] covariance = [[0.0164387 -0.011681 0.00203985][-0.011681 0.0452084 0.0013036][0.00203985 0.0013036 0.0561628]]
weight = 0.624456 mean = [-2.20011 3.20035 -1.93225] covariance = [[1.43984e-05 1.00596e-05 -5.64252e-07][1.00596e-05 1.41301e-05 7.82392e-06][-5.64252e-07 7.82392e-06 1.32199e-05]]
]
2025-05-29 09:41:58 INFO  ren0 [gaussian_mixture_model.h:218] Before merging
2025-05-29 09:41:58 INFO  ren0 [gaussian_mixture_model.h:219] GMM[
weight = 0.00136529 mean = [-2.34132 6.03263 -0.837132] covariance = [[0.478075 -0.0183216 0.213899][-0.0183216 1.17425 0.441371][0.213899 0.441371 0.627365]]
weight = 0.000283484 mean = [-2.26776 2.98745 -2.16652] covariance = [[1.77666 0.430004 -0.315484][0.430004 2.77425 1.14929][-0.315484 1.14929 0.898268]]
weight = 0.00160321 mean = [-2.73852 3.28078 -2.33065] covariance = [[1.1478 0.653856 0.664806][0.653856 2.68371 1.39296][0.664806 1.39296 1.26156]]
weight = 0.000322858 mean = [-2.83193 1.23458 -2.99197] covariance = [[3.00401 0.840255 -0.274584][0.840255 1.12348 0.441928][-0.274584 0.441928 0.744534]]
weight = 0.00472832 mean = [-2.51726 1.76228 -3.2977] covariance = [[0.343399 -0.0820482 0.098125][-0.0820482 0.0987725 -0.0187178][0.098125 -0.0187178 0.55503]]
weight = 0.00429259 mean = [-2.41113 1.72245 -2.42143] covariance = [[0.232894 -0.0522084 -0.0223516][-0.0522084 0.160665 0.0206052][-0.0223516 0.0206052 0.46911]]
weight = 0.00136529 mean = [-2.50342 4.57766 -1.68199] covariance = [[0.478075 -0.0183216 0.213899][-0.0183216 1.17425 0.441371][0.213899 0.441371 0.627365]]
weight = 0.201061 mean = [-2.20508 3.7091 -1.71386] covariance = [[6.41191e-05 -0.00277941 -0.00128237][-0.00277941 0.507136 0.221906][-0.00128237 0.221906 0.0971912]]
weight = 0.160523 mean = [-2.18302 1.1614 -2.25374] covariance = [[0.0164387 -0.011681 0.00203985][-0.011681 0.0452084 0.0013036][0.00203985 0.0013036 0.0561628]]
weight = 0.624456 mean = [-2.20011 3.20035 -1.93225] covariance = [[1.43984e-05 1.00596e-05 -5.64252e-07][1.00596e-05 1.41301e-05 7.82392e-06][-5.64252e-07 7.82392e-06 1.32199e-05]]
]
2025-05-29 09:41:58 INFO  ren0 [gaussian_mixture_model.h:215] Before splitting
2025-05-29 09:41:58 INFO  ren0 [gaussian_mixture_model.h:216] GMM[
weight = 0.00249582 mean = [-2.24206 4.84184 -1.4229] covariance = [[0.27743 0.189605 0.0915066][0.189605 2.97417 0.984935][0.0915066 0.984935 0.563407]]
weight = 0.00138097 mean = [-2.88333 1.82341 -2.40183] covariance = [[1.14946 0.822431 0.26774][0.822431 1.16155 0.443966][0.26774 0.443966 0.278602]]
weight = 0.0197193 mean = [-2.60838 1.644 -2.51747] covariance = [[0.165359 0.0311652 0.0198047][0.0311652 0.121337 -0.010067][0.0198047 -0.010067 0.211294]]
weight = 0.024512 mean = [-2.24393 3.20498 -1.94984] covariance = [[0.118316 0.160406 0.0634186][0.160406 0.562272 0.166826][0.0634186 0.166826 0.0736312]]
weight = 0.141183 mean = [-2.2032 3.43206 -1.83461] covariance = [[4.51996e-05 -0.00163381 -0.000754069][-0.00163381 0.290285 0.126894][-0.000754069 0.126894 0.0555166]]
weight = 0.134913 mean = [-2.18367 1.18317 -2.29216] covariance = [[0.0220194 -0.0202091 0.00121665][-0.0202091 0.0504317 -0.00333014][0.00121665 -0.00333014 0.0551842]]
weight = 0.675796 mean = [-2.20015 3.20005 -1.93208] covariance = [[1.5302e-05 1.05849e-05 -1.17005e-06][1.05849e-05 1.39632e-05 6.84367e-06][-1.17005e-06 6.84367e-06 1.26839e-05]]
]
2025-05-29 09:41:58 INFO  ren0 [gaussian_mixture_model.h:218] Before merging
2025-05-29 09:41:58 INFO  ren0 [gaussian_mixture_model.h:219] GMM[
weight = 0.00124791 mean = [-2.17974 5.70034 -1.11628] covariance = [[0.269673 0.082605 0.0532908][0.082605 1.50013 0.458465][0.0532908 0.458465 0.375384]]
weight = 0.00124791 mean = [-2.30438 3.98334 -1.72953] covariance = [[0.269673 0.082605 0.0532908][0.082605 1.50013 0.458465][0.0532908 0.458465 0.375384]]
weight = 0.000690483 mean = [-3.36791 1.31639 -2.59489] covariance = [[0.679829 0.331046 0.0806379][0.331046 0.647424 0.248201][0.0806379 0.248201 0.204071]]
weight = 0.000690483 mean = [-2.39875 2.33043 -2.20878] covariance = [[0.679829 0.331046 0.0806379][0.331046 0.647424 0.248201][0.0806379 0.248201 0.204071]]
weight = 0.00985963 mean = [-2.52485 1.64816 -2.29913] covariance = [[0.151413 0.0304696 -0.0166738][0.0304696 0.121312 -0.0118852][-0.0166738 -0.0118852 0.115955]]
weight = 0.00985963 mean = [-2.69192 1.63983 -2.73582] covariance = [[0.151413 0.0304696 -0.0166738][0.0304696 0.121312 -0.0118852][-0.0166738 -0.0118852 0.115955]]
weight = 0.024512 mean = [-2.24393 3.20498 -1.94984] covariance = [[0.118316 0.160406 0.0634186][0.160406 0.562272 0.166826][0.0634186 0.166826 0.0736312]]
weight = 0.141183 mean = [-2.2032 3.43206 -1.83461] covariance = [[4.51996e-05 -0.00163381 -0.000754069][-0.00163381 0.290285 0.126894][-0.000754069 0.126894 0.0555166]]
weight = 0.134913 mean = [-2.18367 1.18317 -2.29216] covariance = [[0.0220194 -0.0202091 0.00121665][-0.0202091 0.0504317 -0.00333014][0.00121665 -0.00333014 0.0551842]]
weight = 0.675796 mean = [-2.20015 3.20005 -1.93208] covariance = [[1.5302e-05 1.05849e-05 -1.17005e-06][1.05849e-05 1.39632e-05 6.84367e-06][-1.17005e-06 6.84367e-06 1.26839e-05]]
]
2025-05-29 09:41:58 INFO  ren0 [gaussian_mixture_model.h:215] Before splitting
2025-05-29 09:41:58 INFO  ren0 [gaussian_mixture_model.h:216] GMM[
weight = 0.00192754 mean = [-2.32363 4.93278 -1.71778] covariance = [[0.538499 0.685746 0.531199][0.685746 2.91654 1.63643][0.531199 1.63643 1.37203]]
weight = 0.0074809 mean = [-2.96741 3.0374 -3.26649] covariance = [[0.245141 -0.0520641 0.1139][-0.0520641 0.459535 0.0853956][0.1139 0.0853956 0.323218]]
weight = 0.00121047 mean = [-1.82533 1.28857 -2.92811] covariance = [[1.61989 0.286355 -0.428956][0.286355 0.384986 -0.0639529][-0.428956 -0.0639529 0.253488]]
weight = 0.00288146 mean = [-1.35059 1.52575 -3.00835] covariance = [[0.917119 0.0839377 -0.215986][0.0839377 0.378543 0.13293][-0.215986 0.13293 0.189759]]
weight = 0.0156339 mean = [-2.62245 1.54612 -2.10418] covariance = [[0.201491 0.0613534 -0.0678871][0.0613534 0.087285 -0.0481151][-0.0678871 -0.0481151 0.124733]]
weight = 0.0139137 mean = [-2.67453 1.67998 -2.7015] covariance = [[0.203735 -0.0081073 0.0177353][-0.0081073 0.189158 -0.0780993][0.0177353 -0.0780993 0.345706]]
weight = 0.0205223 mean = [-2.27199 3.17553 -1.92788] covariance = [[0.0626045 0.141708 0.045397][0.141708 0.674044 0.207707][0.045397 0.207707 0.0762569]]
weight = 0.127618 mean = [-2.16463 1.1848 -2.28603] covariance = [[0.0198171 -0.0147196 -0.000595187][-0.0147196 0.0498061 0.00714273][-0.000595187 0.00714273 0.0769472]]
weight = 0.808811 mean = [-2.20046 3.20091 -1.93211] covariance = [[1.81896e-05 1.88851e-05 3.219e-06][1.88851e-05 3.77071e-05 2.1824e-05][3.219e-06 2.1824e-05 2.2558e-05]]
]
2025-05-29 09:41:58 INFO  ren0 [gaussian_mixture_model.h:218] Before merging
2025-05-29 09:41:58 INFO  ren0 [gaussian_mixture_model.h:219] GMM[
weight = 0.000963768 mean = [-2.08697 5.76789 -1.18248] covariance = [[0.426493 0.290474 0.277831][0.290474 1.52175 0.742365][0.277831 0.742365 0.798947]]
weight = 0.0074809 mean = [-2.96741 3.0374 -3.26649] covariance = [[0.245141 -0.0520641 0.1139][-0.0520641 0.459535 0.0853956][0.1139 0.0853956 0.323218]]
weight = 0.00121047 mean = [-1.82533 1.28857 -2.92811] covariance = [[1.61989 0.286355 -0.428956][0.286355 0.384986 -0.0639529][-0.428956 -0.0639529 0.253488]]
weight = 0.00288146 mean = [-1.35059 1.52575 -3.00835] covariance = [[0.917119 0.0839377 -0.215986][0.0839377 0.378543 0.13293][-0.215986 0.13293 0.189759]]
weight = 0.0156339 mean = [-2.62245 1.54612 -2.10418] covariance = [[0.201491 0.0613534 -0.0678871][0.0613534 0.087285 -0.0481151][-0.0678871 -0.0481151 0.124733]]
weight = 0.0139137 mean = [-2.67453 1.67998 -2.7015] covariance = [[0.203735 -0.0081073 0.0177353][-0.0081073 0.189158 -0.0780993][0.0177353 -0.0780993 0.345706]]
weight = 0.0205223 mean = [-2.27199 3.17553 -1.92788] covariance = [[0.0626045 0.141708 0.045397][0.141708 0.674044 0.207707][0.045397 0.207707 0.0762569]]
weight = 0.000963768 mean = [-2.56029 4.09767 -2.25308] covariance = [[0.426493 0.290474 0.277831][0.290474 1.52175 0.742365][0.277831 0.742365 0.798947]]
weight = 0.127618 mean = [-2.16463 1.1848 -2.28603] covariance = [[0.0198171 -0.0147196 -0.000595187][-0.0147196 0.0498061 0.00714273][-0.000595187 0.00714273 0.0769472]]
weight = 0.808811 mean = [-2.20046 3.20091 -1.93211] covariance = [[1.81896e-05 1.88851e-05 3.219e-06][1.88851e-05 3.77071e-05 2.1824e-05][3.219e-06 2.1824e-05 2.2558e-05]]
]
2025-05-29 09:41:58 INFO  ren0 [gaussian_mixture_model.h:215] Before splitting
2025-05-29 09:41:58 INFO  ren0 [gaussian_mixture_model.h:216] GMM[
weight = 0.00294404 mean = [-2.53086 6.28856 -0.908539] covariance = [[0.0916942 0.0318674 0.0111183][0.0318674 0.630136 0.328371][0.0111183 0.328371 0.352839]]
weight = 0.00185716 mean = [-2.91453 2.86326 -3.19112] covariance = [[0.306733 -0.0321858 0.184594][-0.0321858 0.483175 0.10843][0.184594 0.10843 0.432648]]
weight = 0.00115462 mean = [-1.60149 1.49831 -2.9091] covariance = [[1.30564 -0.15088 -0.374826][-0.15088 0.320362 0.125767][-0.374826 0.125767 0.236547]]
weight = 0.0100398 mean = [-2.59701 1.56745 -2.13535] covariance = [[0.0980275 0.0283026 -0.0685964][0.0283026 0.102964 -0.0707599][-0.0685964 -0.0707599 0.194095]]
weight = 0.00775439 mean = [-2.58552 1.599 -2.50825] covariance = [[0.106616 -0.0134767 0.00508595][-0.0134767 0.177724 -0.0834058][0.00508595 -0.0834058 0.311231]]
weight = 0.0743959 mean = [-2.221 3.21996 -1.92672] covariance = [[0.00927275 0.0268375 0.00826304][0.0268375 0.162946 0.0554763][0.00826304 0.0554763 0.0208232]]
weight = 0.000618631 mean = [-2.55373 5.8683 -1.12869] covariance = [[0.157998 0.0751004 0.00933556][0.0751004 1.717 0.681151][0.00933556 0.681151 0.628308]]
weight = 0.126898 mean = [-2.19716 1.10607 -2.26368] covariance = [[0.0141893 -0.00115793 -0.00528784][-0.00115793 0.0318622 -0.00221693][-0.00528784 -0.00221693 0.0409713]]
weight = 0.774338 mean = [-2.20038 3.19954 -1.93148] covariance = [[1.36263e-05 1.03334e-05 -8.35355e-07][1.03334e-05 1.6254e-05 8.55873e-06][-8.35355e-07 8.55873e-06 1.36224e-05]]
]
2025-05-29 09:41:58 INFO  ren0 [gaussian_mixture_model.h:218] Before merging
2025-05-29 09:41:58 INFO  ren0 [gaussian_mixture_model.h:219] GMM[
weight = 0.00294404 mean = [-2.53086 6.28856 -0.908539] covariance = [[0.0916942 0.0318674 0.0111183][0.0318674 0.630136 0.328371][0.0111183 0.328371 0.352839]]
weight = 0.000928579 mean = [-2.75977 3.0732 -2.90073] covariance = [[0.258837 -0.0971715 0.0947088][-0.0971715 0.39503 -0.0135023][0.0947088 -0.0135023 0.264007]]
weight = 0.000928579 mean = [-3.0693 2.65331 -3.48151] covariance = [[0.258837 -0.0971715 0.0947088][-0.0971715 0.39503 -0.0135023][0.0947088 -0.0135023 0.264007]]
weight = 0.00115462 mean = [-1.60149 1.49831 -2.9091] covariance = [[1.30564 -0.15088 -0.374826][-0.15088 0.320362 0.125767][-0.374826 0.125767 0.236547]]
weight = 0.0100398 mean = [-2.59701 1.56745 -2.13535] covariance = [[0.0980275 0.0283026 -0.0685964][0.0283026 0.102964 -0.0707599][-0.0685964 -0.0707599 0.194095]]
weight = 0.00775439 mean = [-2.58552 1.599 -2.50825] covariance = [[0.106616 -0.0134767 0.00508595][-0.0134767 0.177724 -0.0834058][0.00508595 -0.0834058 0.311231]]
weight = 0.0743959 mean = [-2.221 3.21996 -1.92672] covariance = [[0.00927275 0.0268375 0.00826304][0.0268375 0.162946 0.0554763][0.00826304 0.0554763 0.0208232]]
weight = 0.000618631 mean = [-2.55373 5.8683 -1.12869] covariance = [[0.157998 0.0751004 0.00933556][0.0751004 1.717 0.681151][0.00933556 0.681151 0.628308]]
weight = 0.126898 mean = [-2.19716 1.10607 -2.26368] covariance = [[0.0141893 -0.00115793 -0.00528784][-0.00115793 0.0318622 -0.00221693][-0.00528784 -0.00221693 0.0409713]]
weight = 0.774338 mean = [-2.20038 3.19954 -1.93148] covariance = [[1.36263e-05 1.03334e-05 -8.35355e-07][1.03334e-05 1.6254e-05 8.55873e-06][-8.35355e-07 8.55873e-06 1.36224e-05]]
]
2025-05-29 09:41:58 INFO  ren0 [gaussian_mixture_model.h:215] Before splitting
2025-05-29 09:41:58 INFO  ren0 [gaussian_mixture_model.h:216] GMM[
weight = 0.000818696 mean = [-2.94335 2.78187 -3.16327] covariance = [[0.369504 -0.0541524 0.236466][-0.0541524 0.508949 0.0751068][0.236466 0.0751068 0.491227]]
weight = 0.00217932 mean = [-4.07531 2.54279 -4.21498] covariance = [[0.392272 -0.15719 0.159896][-0.15719 0.116102 -0.0776131][0.159896 -0.0776131 0.140528]]
weight = 0.00148652 mean = [-1.9547 1.46091 -2.85772] covariance = [[1.15448 -0.222396 -0.27813][-0.222396 0.310974 0.145415][-0.27813 0.145415 0.266188]]
weight = 0.0201772 mean = [-2.51644 1.48618 -2.36229] covariance = [[0.0521396 0.0227754 -0.00212689][0.0227754 0.146816 -0.0334973][-0.00212689 -0.0334973 0.144718]]
weight = 0.133348 mean = [-2.20493 3.25095 -1.91191] covariance = [[0.00184783 0.00578477 0.00181252][0.00578477 0.0658449 0.026609][0.00181252 0.026609 0.0114055]]
weight = 0.0128257 mean = [-2.54051 6.34927 -0.693592] covariance = [[0.0439778 -0.0126363 0.0164799][-0.0126363 0.0716069 0.0246344][0.0164799 0.0246344 0.0389144]]
weight = 0.141174 mean = [-2.21376 1.10518 -2.23358] covariance = [[0.0135282 0.00303605 -0.00748764][0.00303605 0.0313239 -0.00485931][-0.00748764 -0.00485931 0.0445998]]
weight = 0.68799 mean = [-2.20029 3.19971 -1.9319] covariance = [[1.39977e-05 1.00948e-05 -1.10497e-06][1.00948e-05 1.48414e-05 7.67235e-06][-1.10497e-06 7.67235e-06 1.322e-05]]
]
2025-05-29 09:41:58 INFO  ren0 [gaussian_mixture_model.h:218] Before merging
2025-05-29 09:41:58 INFO  ren0 [gaussian_mixture_model.h:219] GMM[
weight = 0.000409348 mean = [-2.70444 2.85088 -2.83478] covariance = [[0.255356 -0.0871264 0.0795051][-0.0871264 0.499435 0.0297697][0.0795051 0.0297697 0.275426]]
weight = 0.000409348 mean = [-3.18226 2.71286 -3.49176] covariance = [[0.255356 -0.0871264 0.0795051][-0.0871264 0.499435 0.0297697][0.0795051 0.0297697 0.275426]]
weight = 0.00108966 mean = [-3.76922 2.40269 -4.06601] covariance = [[0.204905 -0.0714222 0.0686978][-0.0714222 0.0768542 -0.0358694][0.0686978 -0.0358694 0.0961514]]
weight = 0.00148652 mean = [-1.9547 1.46091 -2.85772] covariance = [[1.15448 -0.222396 -0.27813][-0.222396 0.310974 0.145415][-0.27813 0.145415 0.266188]]
weight = 0.00108966 mean = [-4.38139 2.68289 -4.36396] covariance = [[0.204905 -0.0714222 0.0686978][-0.0714222 0.0768542 -0.0358694][0.0686978 -0.0358694 0.0961514]]
weight = 0.0201772 mean = [-2.51644 1.48618 -2.36229] covariance = [[0.0521396 0.0227754 -0.00212689][0.0227754 0.146816 -0.0334973][-0.00212689 -0.0334973 0.144718]]
weight = 0.133348 mean = [-2.20493 3.25095 -1.91191] covariance = [[0.00184783 0.00578477 0.00181252][0.00578477 0.0658449 0.026609][0.00181252 0.026609 0.0114055]]
weight = 0.0128257 mean = [-2.54051 6.34927 -0.693592] covariance = [[0.0439778 -0.0126363 0.0164799][-0.0126363 0.0716069 0.0246344][0.0164799 0.0246344 0.0389144]]
weight = 0.141174 mean = [-2.21376 1.10518 -2.23358] covariance = [[0.0135282 0.00303605 -0.00748764][0.00303605 0.0313239 -0.00485931][-0.00748764 -0.00485931 0.0445998]]
weight = 0.68799 mean = [-2.20029 3.19971 -1.9319] covariance = [[1.39977e-05 1.00948e-05 -1.10497e-06][1.00948e-05 1.48414e-05 7.67235e-06][-1.10497e-06 7.67235e-06 1.322e-05]]
]
2025-05-29 09:41:58 INFO  ren0 [gaussian_mixture_model.h:215] Before splitting
2025-05-29 09:41:58 INFO  ren0 [gaussian_mixture_model.h:216] GMM[
weight = 0.000669706 mean = [-2.82836 2.93655 -2.20652] covariance = [[0.378195 -0.00484354 0.0494691][-0.00484354 0.841259 0.256442][0.0494691 0.256442 0.658796]]
weight = 0.000889302 mean = [-3.34164 2.33251 -3.44575] covariance = [[0.633696 -0.0334156 -0.0439122][-0.0334156 0.486117 0.20422][-0.0439122 0.20422 0.426597]]
weight = 0.00257264 mean = [-3.42939 2.21881 -4.02406] covariance = [[0.316379 -0.102319 0.0271757][-0.102319 0.0592234 -0.0301253][0.0271757 -0.0301253 0.0555878]]
weight = 0.000318039 mean = [-4.104 2.21028 -3.70149] covariance = [[0.584596 -0.0351384 -0.194638][-0.0351384 0.0125973 0.00940407][-0.194638 0.00940407 0.0699539]]
weight = 0.0333619 mean = [-2.57409 1.47812 -2.20223] covariance = [[0.160151 0.0530836 -0.0944392][0.0530836 0.139275 -0.0687943][-0.0944392 -0.0687943 0.219243]]
weight = 0.164176 mean = [-2.20084 3.21331 -1.92898] covariance = [[0.000418011 0.00137353 0.000365881][0.00137353 0.0163005 0.00650677][0.000365881 0.00650677 0.00271184]]
weight = 0.00353643 mean = [-2.49338 6.34754 -0.674303] covariance = [[0.0821626 -0.0224005 0.0367807][-0.0224005 0.111398 0.0400553][0.0367807 0.0400553 0.0655762]]
weight = 0.137942 mean = [-2.17433 1.10777 -2.2305] covariance = [[0.0108016 -0.000562951 -0.000749383][-0.000562951 0.0254464 -0.00422522][-0.000749383 -0.00422522 0.0494335]]
weight = 0.656534 mean = [-2.19998 3.20001 -1.93221] covariance = [[1.46624e-05 1.04147e-05 -1.10179e-06][1.04147e-05 1.44824e-05 7.17889e-06][-1.10179e-06 7.17889e-06 1.26884e-05]]
]
2025-05-29 09:41:59 INFO  ren0 [gaussian_mixture_model.h:218] Before merging
2025-05-29 09:41:59 INFO  ren0 [gaussian_mixture_model.h:219] GMM[
weight = 0.000334853 mean = [-2.80901 3.3486 -1.91389] covariance = [[0.377456 -0.0207903 0.0381438][-0.0207903 0.501707 0.0152875][0.0381438 0.0152875 0.487539]]
weight = 0.000889302 mean = [-3.34164 2.33251 -3.44575] covariance = [[0.633696 -0.0334156 -0.0439122][-0.0334156 0.486117 0.20422][-0.0439122 0.20422 0.426597]]
weight = 0.00257264 mean = [-3.42939 2.21881 -4.02406] covariance = [[0.316379 -0.102319 0.0271757][-0.102319 0.0592234 -0.0301253][0.0271757 -0.0301253 0.0555878]]
weight = 0.000334853 mean = [-2.84771 2.52451 -2.49915] covariance = [[0.377456 -0.0207903 0.0381438][-0.0207903 0.501707 0.0152875][0.0381438 0.0152875 0.487539]]
weight = 0.000318039 mean = [-4.104 2.21028 -3.70149] covariance = [[0.584596 -0.0351384 -0.194638][-0.0351384 0.0125973 0.00940407][-0.194638 0.00940407 0.0699539]]
weight = 0.0333619 mean = [-2.57409 1.47812 -2.20223] covariance = [[0.160151 0.0530836 -0.0944392][0.0530836 0.139275 -0.0687943][-0.0944392 -0.0687943 0.219243]]
weight = 0.164176 mean = [-2.20084 3.21331 -1.92898] covariance = [[0.000418011 0.00137353 0.000365881][0.00137353 0.0163005 0.00650677][0.000365881 0.00650677 0.00271184]]
weight = 0.00353643 mean = [-2.49338 6.34754 -0.674303] covariance = [[0.0821626 -0.0224005 0.0367807][-0.0224005 0.111398 0.0400553][0.0367807 0.0400553 0.0655762]]
weight = 0.137942 mean = [-2.17433 1.10777 -2.2305] covariance = [[0.0108016 -0.000562951 -0.000749383][-0.000562951 0.0254464 -0.00422522][-0.000749383 -0.00422522 0.0494335]]
weight = 0.656534 mean = [-2.19998 3.20001 -1.93221] covariance = [[1.46624e-05 1.04147e-05 -1.10179e-06][1.04147e-05 1.44824e-05 7.17889e-06][-1.10179e-06 7.17889e-06 1.26884e-05]]
]
2025-05-29 09:41:59 INFO  ren0 [gaussian_mixture_model.h:215] Before splitting
2025-05-29 09:41:59 INFO  ren0 [gaussian_mixture_model.h:216] GMM[
weight = 0.0155122 mean = [-2.23428 4.45868 -1.3886] covariance = [[0.0342764 0.0296444 0.00535693][0.0296444 0.320559 0.120866][0.00535693 0.120866 0.112561]]
weight = 0.0013551 mean = [-3.36955 2.32242 -3.04207] covariance = [[1.98557 0.361923 -0.415887][0.361923 0.829934 0.162962][-0.415887 0.162962 0.862796]]
weight = 0.0015289 mean = [-2.99088 2.03422 -3.98555] covariance = [[0.380311 -0.154952 0.0120275][-0.154952 0.0782032 -0.0120124][0.0120275 -0.0120124 0.0297781]]
weight = 0.00134729 mean = [-2.32645 3.37098 -1.91402] covariance = [[0.198054 0.129555 0.0908503][0.129555 0.653631 0.274365][0.0908503 0.274365 0.258872]]
weight = 8.58416e-05 mean = [-4.08449 2.20605 -3.70743] covariance = [[0.587444 -0.0362958 -0.195399][-0.0362958 0.0133588 0.00964008][-0.195399 0.00964008 0.0702189]]
weight = 0.0222495 mean = [-2.56818 1.40523 -2.32984] covariance = [[0.132116 0.0427363 -0.0332529][0.0427363 0.124369 -0.0185738][-0.0332529 -0.0185738 0.16406]]
weight = 0.0039497 mean = [-2.19811 5.60349 -0.854792] covariance = [[0.0847286 -0.0383768 0.0398741][-0.0383768 0.431592 0.227079][0.0398741 0.227079 0.178493]]
weight = 0.107535 mean = [-2.15773 1.08084 -2.28235] covariance = [[0.00908459 -0.00108682 -0.00235274][-0.00108682 0.026588 -0.00308237][-0.00235274 -0.00308237 0.0524849]]
weight = 0.846436 mean = [-2.20033 3.20133 -1.93219] covariance = [[1.74241e-05 1.86444e-05 2.55847e-07][1.86444e-05 5.82523e-05 3.23063e-05][2.55847e-07 3.23063e-05 2.94076e-05]]
]
2025-05-29 09:41:59 INFO  ren0 [gaussian_mixture_model.h:218] Before merging
2025-05-29 09:41:59 INFO  ren0 [gaussian_mixture_model.h:219] GMM[
weight = 0.00775612 mean = [-2.20829 4.73752 -1.26134] covariance = [[0.0329349 0.0151476 -0.00125928][0.0151476 0.165068 0.0498966][-0.00125928 0.0498966 0.0801809]]
weight = 0.0013551 mean = [-3.36955 2.32242 -3.04207] covariance = [[1.98557 0.361923 -0.415887][0.361923 0.829934 0.162962][-0.415887 0.162962 0.862796]]
weight = 0.0015289 mean = [-2.99088 2.03422 -3.98555] covariance = [[0.380311 -0.154952 0.0120275][-0.154952 0.0782032 -0.0120124][0.0120275 -0.0120124 0.0297781]]
weight = 0.00134729 mean = [-2.32645 3.37098 -1.91402] covariance = [[0.198054 0.129555 0.0908503][0.129555 0.653631 0.274365][0.0908503 0.274365 0.258872]]
weight = 8.58416e-05 mean = [-4.08449 2.20605 -3.70743] covariance = [[0.587444 -0.0362958 -0.195399][-0.0362958 0.0133588 0.00964008][-0.195399 0.00964008 0.0702189]]
weight = 0.0222495 mean = [-2.56818 1.40523 -2.32984] covariance = [[0.132116 0.0427363 -0.0332529][0.0427363 0.124369 -0.0185738][-0.0332529 -0.0185738 0.16406]]
weight = 0.00775612 mean = [-2.26028 4.17984 -1.51586] covariance = [[0.0329349 0.0151476 -0.00125928][0.0151476 0.165068 0.0498966][-0.00125928 0.0498966 0.0801809]]
weight = 0.0039497 mean = [-2.19811 5.60349 -0.854792] covariance = [[0.0847286 -0.0383768 0.0398741][-0.0383768 0.431592 0.227079][0.0398741 0.227079 0.178493]]
weight = 0.107535 mean = [-2.15773 1.08084 -2.28235] covariance = [[0.00908459 -0.00108682 -0.00235274][-0.00108682 0.026588 -0.00308237][-0.00235274 -0.00308237 0.0524849]]
weight = 0.846436 mean = [-2.20033 3.20133 -1.93219] covariance = [[1.74241e-05 1.86444e-05 2.55847e-07][1.86444e-05 5.82523e-05 3.23063e-05][2.55847e-07 3.23063e-05 2.94076e-05]]
]
2025-05-29 09:41:59 INFO  ren0 [gaussian_mixture_model.h:215] Before splitting
2025-05-29 09:41:59 INFO  ren0 [gaussian_mixture_model.h:216] GMM[
weight = 0.00799852 mean = [-2.2349 4.55183 -1.36873] covariance = [[0.018119 0.00994961 -0.00123001][0.00994961 0.458757 0.163211][-0.00123001 0.163211 0.10786]]
weight = 0.011696 mean = [-2.82425 1.74802 -2.86686] covariance = [[1.47153 -0.360249 -1.58315][-0.360249 0.928712 0.825232][-1.58315 0.825232 3.5117]]
weight = 0.0247278 mean = [-2.20947 3.19595 -1.94993] covariance = [[0.0160352 0.0124934 0.0158344][0.0124934 0.0635511 0.0286152][0.0158344 0.0286152 0.0280663]]
weight = 0.00389048 mean = [-3.31245 2.26587 -4.16083] covariance = [[0.201922 -0.0825241 0.000682066][-0.0825241 0.0389024 -0.00485924][0.000682066 -0.00485924 0.00876408]]
weight = 0.0382338 mean = [-2.34721 1.51684 -2.22621] covariance = [[0.16928 0.0578734 0.0435487][0.0578734 0.107202 0.0202882][0.0435487 0.0202882 0.273968]]
weight = 0.046615 mean = [-2.20233 3.33835 -1.89159] covariance = [[0.00136636 -0.00127469 -0.00141171][-0.00127469 0.074706 0.0289124][-0.00141171 0.0289124 0.0138511]]
weight = 0.00204787 mean = [-2.24391 5.5535 -0.965273] covariance = [[0.0542372 -0.0680156 0.00955685][-0.0680156 0.616833 0.245581][0.00955685 0.245581 0.155582]]
weight = 0.0942839 mean = [-2.17498 1.12651 -2.3268] covariance = [[0.0108862 -0.0042858 -0.0100319][-0.0042858 0.0255242 0.00452816][-0.0100319 0.00452816 0.064503]]
weight = 0.770507 mean = [-2.19953 3.20171 -1.93195] covariance = [[2.51074e-05 2.75899e-05 5.40025e-06][2.75899e-05 4.6625e-05 2.24126e-05][5.40025e-06 2.24126e-05 2.09637e-05]]
]
2025-05-29 09:41:59 INFO  ren0 [gaussian_mixture_model.h:218] Before merging
2025-05-29 09:41:59 INFO  ren0 [gaussian_mixture_model.h:219] GMM[
weight = 0.00399926 mean = [-2.22859 4.88834 -1.23648] covariance = [[0.0180494 0.00570394 -0.0028986][0.00570394 0.232285 0.0742013][-0.0028986 0.0742013 0.0728887]]
weight = 0.011696 mean = [-2.82425 1.74802 -2.86686] covariance = [[1.47153 -0.360249 -1.58315][-0.360249 0.928712 0.825232][-1.58315 0.825232 3.5117]]
weight = 0.00399926 mean = [-2.24121 4.21532 -1.50098] covariance = [[0.0180494 0.00570394 -0.0028986][0.00570394 0.232285 0.0742013][-0.0028986 0.0742013 0.0728887]]
weight = 0.0247278 mean = [-2.20947 3.19595 -1.94993] covariance = [[0.0160352 0.0124934 0.0158344][0.0124934 0.0635511 0.0286152][0.0158344 0.0286152 0.0280663]]
weight = 0.00389048 mean = [-3.31245 2.26587 -4.16083] covariance = [[0.201922 -0.0825241 0.000682066][-0.0825241 0.0389024 -0.00485924][0.000682066 -0.00485924 0.00876408]]
weight = 0.0382338 mean = [-2.34721 1.51684 -2.22621] covariance = [[0.16928 0.0578734 0.0435487][0.0578734 0.107202 0.0202882][0.0435487 0.0202882 0.273968]]
weight = 0.046615 mean = [-2.20233 3.33835 -1.89159] covariance = [[0.00136636 -0.00127469 -0.00141171][-0.00127469 0.074706 0.0289124][-0.00141171 0.0289124 0.0138511]]
weight = 0.00204787 mean = [-2.24391 5.5535 -0.965273] covariance = [[0.0542372 -0.0680156 0.00955685][-0.0680156 0.616833 0.245581][0.00955685 0.245581 0.155582]]
weight = 0.0942839 mean = [-2.17498 1.12651 -2.3268] covariance = [[0.0108862 -0.0042858 -0.0100319][-0.0042858 0.0255242 0.00452816][-0.0100319 0.00452816 0.064503]]
weight = 0.770507 mean = [-2.19953 3.20171 -1.93195] covariance = [[2.51074e-05 2.75899e-05 5.40025e-06][2.75899e-05 4.6625e-05 2.24126e-05][5.40025e-06 2.24126e-05 2.09637e-05]]
]
2025-05-29 09:41:59 INFO  ren0 [gaussian_mixture_model.h:215] Before splitting
2025-05-29 09:41:59 INFO  ren0 [gaussian_mixture_model.h:216] GMM[
weight = 0.0478906 mean = [-2.26664 4.91075 -1.21868] covariance = [[0.000860291 -0.000130726 -0.000271568][-0.000130726 0.0265324 0.00977187][-0.000271568 0.00977187 0.00587713]]
weight = 0.00723176 mean = [-3.22567 1.86172 -2.01223] covariance = [[1.7941 -0.328165 -1.57825][-0.328165 0.738889 0.443485][-1.57825 0.443485 2.8363]]
weight = 0.0151592 mean = [-2.26703 4.90866 -1.21926] covariance = [[0.000152958 -0.000968663 -0.000357034][-0.000968663 0.0236083 0.00977098][-0.000357034 0.00977098 0.00451328]]
weight = 0.000995665 mean = [-3.30697 2.2624 -4.15944] covariance = [[0.20344 -0.0838778 0.00134868][-0.0838778 0.0398589 -0.00524434][0.00134868 -0.00524434 0.00884871]]
weight = 0.036792 mean = [-2.51958 1.38807 -1.96664] covariance = [[0.180283 0.0417618 -0.0300005][0.0417618 0.104111 -0.0752846][-0.0300005 -0.0752846 0.27674]]
weight = 0.125897 mean = [-2.20419 3.21655 -1.93368] covariance = [[0.000221536 9.95502e-05 1.23882e-05][9.95502e-05 0.0184025 0.00726241][1.23882e-05 0.00726241 0.00365847]]
weight = 0.00821097 mean = [-2.26174 5.06147 -1.15114] covariance = [[0.00409927 0.00312769 0.00446204][0.00312769 0.211143 0.0955372][0.00446204 0.0955372 0.048291]]
weight = 0.0796964 mean = [-2.15764 1.13739 -2.35401] covariance = [[0.0106243 -0.00500201 -0.00912225][-0.00500201 0.0278775 0.0124119][-0.00912225 0.0124119 0.0658541]]
weight = 0.678126 mean = [-2.19991 3.2008 -1.93226] covariance = [[1.85041e-05 1.66695e-05 1.17688e-06][1.66695e-05 2.53404e-05 1.20051e-05][1.17688e-06 1.20051e-05 1.50731e-05]]
]
2025-05-29 09:41:59 INFO  ren0 [gaussian_mixture_model.h:218] Before merging
2025-05-29 09:41:59 INFO  ren0 [gaussian_mixture_model.h:219] GMM[
weight = 0.0239453 mean = [-2.26598 4.82973 -1.25094] covariance = [[0.000869434 -2.4647e-05 -0.00022933][-2.4647e-05 0.0134127 0.00454396][-0.00022933 0.00454396 0.00380551]]
weight = 0.00723176 mean = [-3.22567 1.86172 -2.01223] covariance = [[1.7941 -0.328165 -1.57825][-0.328165 0.738889 0.443485][-1.57825 0.443485 2.8363]]
weight = 0.0151592 mean = [-2.26703 4.90866 -1.21926] covariance = [[0.000152958 -0.000968663 -0.000357034][-0.000968663 0.0236083 0.00977098][-0.000357034 0.00977098 0.00451328]]
weight = 0.0239453 mean = [-2.26729 4.99178 -1.18642] covariance = [[0.000869434 -2.4647e-05 -0.00022933][-2.4647e-05 0.0134127 0.00454396][-0.00022933 0.00454396 0.00380551]]
weight = 0.000995665 mean = [-3.30697 2.2624 -4.15944] covariance = [[0.20344 -0.0838778 0.00134868][-0.0838778 0.0398589 -0.00524434][0.00134868 -0.00524434 0.00884871]]
weight = 0.036792 mean = [-2.51958 1.38807 -1.96664] covariance = [[0.180283 0.0417618 -0.0300005][0.0417618 0.104111 -0.0752846][-0.0300005 -0.0752846 0.27674]]
weight = 0.125897 mean = [-2.20419 3.21655 -1.93368] covariance = [[0.000221536 9.95502e-05 1.23882e-05][9.95502e-05 0.0184025 0.00726241][1.23882e-05 0.00726241 0.00365847]]
weight = 0.00821097 mean = [-2.26174 5.06147 -1.15114] covariance = [[0.00409927 0.00312769 0.00446204][0.00312769 0.211143 0.0955372][0.00446204 0.0955372 0.048291]]
weight = 0.0796964 mean = [-2.15764 1.13739 -2.35401] covariance = [[0.0106243 -0.00500201 -0.00912225][-0.00500201 0.0278775 0.0124119][-0.00912225 0.0124119 0.0658541]]
weight = 0.678126 mean = [-2.19991 3.2008 -1.93226] covariance = [[1.85041e-05 1.66695e-05 1.17688e-06][1.66695e-05 2.53404e-05 1.20051e-05][1.17688e-06 1.20051e-05 1.50731e-05]]
]
2025-05-29 09:41:59 INFO  ren0 [gaussian_mixture_model.h:215] Before splitting
2025-05-29 09:41:59 INFO  ren0 [gaussian_mixture_model.h:216] GMM[
weight = 0.0293149 mean = [-2.23164 4.95171 -1.17159] covariance = [[0.00117487 0.0016819 0.00107456][0.0016819 0.0157265 0.00599796][0.00107456 0.00599796 0.00374848]]
weight = 0.00365792 mean = [-2.26743 4.92805 -1.20926] covariance = [[0.000142579 -0.00096952 -0.000369222][-0.00096952 0.0256963 0.0110339][-0.000369222 0.0110339 0.00520526]]
weight = 0.064171 mean = [-2.20724 5.00247 -1.13766] covariance = [[3.08142e-05 1.17127e-05 2.70398e-06][1.17127e-05 0.000309588 8.03946e-05][2.70398e-06 8.03946e-05 3.19826e-05]]
weight = 0.00543996 mean = [-2.79407 2.03887 -3.95822] covariance = [[0.048873 -0.0180117 0.00640553][-0.0180117 0.00698479 -0.00276177][0.00640553 -0.00276177 0.00227831]]
weight = 0.0502493 mean = [-2.56497 1.39225 -2.29925] covariance = [[0.339977 0.00758402 -0.143119][0.00758402 0.152687 -0.141043][-0.143119 -0.141043 0.631106]]
weight = 0.154723 mean = [-2.20264 3.21595 -1.92931] covariance = [[4.36835e-05 -0.000261078 -0.000151342][-0.000261078 0.00795002 0.00281727][-0.000151342 0.00281727 0.00109935]]
weight = 0.0311827 mean = [-2.21003 4.99191 -1.14482] covariance = [[0.000494451 -0.000475411 0.000131258][-0.000475411 0.0324298 0.0142094][0.000131258 0.0142094 0.00669847]]
weight = 0.0791333 mean = [-2.1497 1.09601 -2.35967] covariance = [[0.00957428 -0.00402449 -0.00533611][-0.00402449 0.0271469 -0.00380661][-0.00533611 -0.00380661 0.074624]]
weight = 0.582128 mean = [-2.20031 3.20025 -1.93233] covariance = [[1.65636e-05 1.29121e-05 4.01415e-07][1.29121e-05 1.77892e-05 9.07214e-06][4.01415e-07 9.07214e-06 1.35781e-05]]
]
2025-05-29 09:41:59 INFO  ren0 [gaussian_mixture_model.h:218] Before merging
2025-05-29 09:41:59 INFO  ren0 [gaussian_mixture_model.h:219] GMM[
weight = 0.0146574 mean = [-2.22396 5.01397 -1.14561] covariance = [[0.00106683 0.000725399 0.000675349][0.000725399 0.00798595 0.00276317][0.000675349 0.00276317 0.00240841]]
weight = 0.0146574 mean = [-2.23932 4.88946 -1.19757] covariance = [[0.00106683 0.000725399 0.000675349][0.000725399 0.00798595 0.00276317][0.000675349 0.00276317 0.00240841]]
weight = 0.00365792 mean = [-2.26743 4.92805 -1.20926] covariance = [[0.000142579 -0.00096952 -0.000369222][-0.00096952 0.0256963 0.0110339][-0.000369222 0.0110339 0.00520526]]
weight = 0.064171 mean = [-2.20724 5.00247 -1.13766] covariance = [[3.08142e-05 1.17127e-05 2.70398e-06][1.17127e-05 0.000309588 8.03946e-05][2.70398e-06 8.03946e-05 3.19826e-05]]
weight = 0.00543996 mean = [-2.79407 2.03887 -3.95822] covariance = [[0.048873 -0.0180117 0.00640553][-0.0180117 0.00698479 -0.00276177][0.00640553 -0.00276177 0.00227831]]
weight = 0.0502493 mean = [-2.56497 1.39225 -2.29925] covariance = [[0.339977 0.00758402 -0.143119][0.00758402 0.152687 -0.141043][-0.143119 -0.141043 0.631106]]
weight = 0.154723 mean = [-2.20264 3.21595 -1.92931] covariance = [[4.36835e-05 -0.000261078 -0.000151342][-0.000261078 0.00795002 0.00281727][-0.000151342 0.00281727 0.00109935]]
weight = 0.0311827 mean = [-2.21003 4.99191 -1.14482] covariance = [[0.000494451 -0.000475411 0.000131258][-0.000475411 0.0324298 0.0142094][0.000131258 0.0142094 0.00669847]]
weight = 0.0791333 mean = [-2.1497 1.09601 -2.35967] covariance = [[0.00957428 -0.00402449 -0.00533611][-0.00402449 0.0271469 -0.00380661][-0.00533611 -0.00380661 0.074624]]
weight = 0.582128 mean = [-2.20031 3.20025 -1.93233] covariance = [[1.65636e-05 1.29121e-05 4.01415e-07][1.29121e-05 1.77892e-05 9.07214e-06][4.01415e-07 9.07214e-06 1.35781e-05]]
]
2025-05-29 09:41:59 INFO  ren0 [gaussian_mixture_model.h:215] Before splitting
2025-05-29 09:41:59 INFO  ren0 [gaussian_mixture_model.h:216] GMM[
weight = 0.00857832 mean = [-2.23164 4.95173 -1.17159] covariance = [[0.00117679 0.00167973 0.0010751][0.00167973 0.0157461 0.00600195][0.0010751 0.00600195 0.00375092]]
weight = 0.00010185 mean = [-2.19614 4.70466 -1.23939] covariance = [[0.00067172 -0.00107708 0.000162328][-0.00107708 0.00364161 0.000510157][0.000162328 0.000510157 0.000804267]]
weight = 0.00110486 mean = [-2.26703 4.8993 -1.21977] covariance = [[0.000145923 -0.00127766 -0.000473494][-0.00127766 0.0511263 0.0204139][-0.000473494 0.0204139 0.00869795]]
weight = 0.018761 mean = [-2.20724 5.00248 -1.13766] covariance = [[3.09831e-05 1.13766e-05 2.7971e-06][1.13766e-05 0.000310745 8.02569e-05][2.7971e-06 8.02569e-05 3.20368e-05]]
weight = 0.00166509 mean = [-2.81061 2.04544 -3.95966] covariance = [[0.0538261 -0.0202381 0.00690165][-0.0202381 0.00798615 -0.00299261][0.00690165 -0.00299261 0.00228216]]
weight = 0.113976 mean = [-2.86388 2.10553 -3.03695] covariance = [[0.234613 -0.0853184 0.107273][-0.0853184 0.267483 -0.180545][0.107273 -0.180545 0.344265]]
weight = 0.0137509 mean = [-2.21002 4.80589 -1.22315] covariance = [[0.000642774 0.00296366 0.00169034][0.00296366 0.126047 0.0560663][0.00169034 0.0560663 0.0254363]]
weight = 0.106455 mean = [-2.14967 1.11588 -2.29327] covariance = [[0.00915454 0.000538667 -0.00172842][0.000538667 0.0213345 -0.00517135][-0.00172842 -0.00517135 0.0727112]]
weight = 0.735607 mean = [-2.20037 3.20095 -1.93244] covariance = [[1.84303e-05 1.96642e-05 3.06463e-06][1.96642e-05 4.25596e-05 2.46291e-05][3.06463e-06 2.46291e-05 2.46735e-05]]
]
2025-05-29 09:41:59 INFO  ren0 [gaussian_mixture_model.h:218] Before merging
2025-05-29 09:41:59 INFO  ren0 [gaussian_mixture_model.h:219] GMM[
weight = 0.00428916 mean = [-2.22397 5.01402 -1.14561] covariance = [[0.00106907 0.000723967 0.000676416][0.000723967 0.00799583 0.00276482][0.000676416 0.00276482 0.00241058]]
weight = 0.00010185 mean = [-2.19614 4.70466 -1.23939] covariance = [[0.00067172 -0.00107708 0.000162328][-0.00107708 0.00364161 0.000510157][0.000162328 0.000510157 0.000804267]]
weight = 0.00110486 mean = [-2.26703 4.8993 -1.21977] covariance = [[0.000145923 -0.00127766 -0.000473494][-0.00127766 0.0511263 0.0204139][-0.000473494 0.0204139 0.00869795]]
weight = 0.018761 mean = [-2.20724 5.00248 -1.13766] covariance = [[3.09831e-05 1.13766e-05 2.7971e-06][1.13766e-05 0.000310745 8.02569e-05][2.7971e-06 8.02569e-05 3.20368e-05]]
weight = 0.00166509 mean = [-2.81061 2.04544 -3.95966] covariance = [[0.0538261 -0.0202381 0.00690165][-0.0202381 0.00798615 -0.00299261][0.00690165 -0.00299261 0.00228216]]
weight = 0.113976 mean = [-2.86388 2.10553 -3.03695] covariance = [[0.234613 -0.0853184 0.107273][-0.0853184 0.267483 -0.180545][0.107273 -0.180545 0.344265]]
weight = 0.00428916 mean = [-2.23931 4.88943 -1.19757] covariance = [[0.00106907 0.000723967 0.000676416][0.000723967 0.00799583 0.00276482][0.000676416 0.00276482 0.00241058]]
weight = 0.0137509 mean = [-2.21002 4.80589 -1.22315] covariance = [[0.000642774 0.00296366 0.00169034][0.00296366 0.126047 0.0560663][0.00169034 0.0560663 0.0254363]]
weight = 0.106455 mean = [-2.14967 1.11588 -2.29327] covariance = [[0.00915454 0.000538667 -0.00172842][0.000538667 0.0213345 -0.00517135][-0.00172842 -0.00517135 0.0727112]]
weight = 0.735607 mean = [-2.20037 3.20095 -1.93244] covariance = [[1.84303e-05 1.96642e-05 3.06463e-06][1.96642e-05 4.25596e-05 2.46291e-05][3.06463e-06 2.46291e-05 2.46735e-05]]
]
2025-05-29 09:42:00 INFO  ren0 [gaussian_mixture_model.h:215] Before splitting
2025-05-29 09:42:00 INFO  ren0 [gaussian_mixture_model.h:216] GMM[
weight = 0.00199799 mean = [-2.2316 4.95423 -1.17074] covariance = [[0.00126916 0.00159489 0.00108269][0.00159489 0.0159592 0.00595418][0.00108269 0.00595418 0.00377557]]
weight = 0.00321413 mean = [-2.25794 4.07557 -1.52504] covariance = [[2.81682e-05 -0.000780193 -0.000354419][-0.000780193 0.220774 0.0604421][-0.000354419 0.0604421 0.0189074]]
weight = 0.00427327 mean = [-2.20723 5.00248 -1.13767] covariance = [[3.10613e-05 1.11984e-05 2.77863e-06][1.11984e-05 0.00031106 8.02561e-05][2.77863e-06 8.02561e-05 3.21267e-05]]
weight = 0.000380103 mean = [-2.80994 2.04539 -3.95984] covariance = [[0.0538765 -0.0202042 0.00683644][-0.0202042 0.0079694 -0.00298378][0.00683644 -0.00298378 0.00229416]]
weight = 0.0738872 mean = [-2.33002 2.08701 -2.81363] covariance = [[0.686339 0.0277652 -0.196044][0.0277652 0.690173 0.0590332][-0.196044 0.0590332 0.682175]]
weight = 4.38388e-05 mean = [-2.2413 4.74482 -1.2931] covariance = [[0.00194715 0.00263025 0.00282802][0.00263025 0.0371637 0.0176458][0.00282802 0.0176458 0.0132762]]
weight = 0.046533 mean = [-2.20604 3.33915 -1.87199] covariance = [[0.000150387 -0.000645261 -0.000306558][-0.000645261 0.211236 0.0930518][-0.000306558 0.0930518 0.0411455]]
weight = 0.167473 mean = [-2.19798 1.08831 -2.31139] covariance = [[0.0127074 0.00165352 -0.00356354][0.00165352 0.016846 -0.00841185][-0.00356354 -0.00841185 0.0382612]]
weight = 0.702197 mean = [-2.20014 3.20092 -1.93246] covariance = [[1.60533e-05 1.37094e-05 3.45199e-07][1.37094e-05 2.34637e-05 1.26341e-05][3.45199e-07 1.26341e-05 1.62186e-05]]
]
2025-05-29 09:42:00 INFO  ren0 [gaussian_mixture_model.h:218] Before merging
2025-05-29 09:42:00 INFO  ren0 [gaussian_mixture_model.h:219] GMM[
weight = 0.000998997 mean = [-2.22422 5.01693 -1.14501] covariance = [[0.00117019 0.000669308 0.000702748][0.000669308 0.00810736 0.00272697][0.000702748 0.00272697 0.00246083]]
weight = 0.000998997 mean = [-2.23898 4.89153 -1.19648] covariance = [[0.00117019 0.000669308 0.000702748][0.000669308 0.00810736 0.00272697][0.000702748 0.00272697 0.00246083]]
weight = 0.00321413 mean = [-2.25794 4.07557 -1.52504] covariance = [[2.81682e-05 -0.000780193 -0.000354419][-0.000780193 0.220774 0.0604421][-0.000354419 0.0604421 0.0189074]]
weight = 0.00427327 mean = [-2.20723 5.00248 -1.13767] covariance = [[3.10613e-05 1.11984e-05 2.77863e-06][1.11984e-05 0.00031106 8.02561e-05][2.77863e-06 8.02561e-05 3.21267e-05]]
weight = 0.000380103 mean = [-2.80994 2.04539 -3.95984] covariance = [[0.0538765 -0.0202042 0.00683644][-0.0202042 0.0079694 -0.00298378][0.00683644 -0.00298378 0.00229416]]
weight = 0.0738872 mean = [-2.33002 2.08701 -2.81363] covariance = [[0.686339 0.0277652 -0.196044][0.0277652 0.690173 0.0590332][-0.196044 0.0590332 0.682175]]
weight = 4.38388e-05 mean = [-2.2413 4.74482 -1.2931] covariance = [[0.00194715 0.00263025 0.00282802][0.00263025 0.0371637 0.0176458][0.00282802 0.0176458 0.0132762]]
weight = 0.046533 mean = [-2.20604 3.33915 -1.87199] covariance = [[0.000150387 -0.000645261 -0.000306558][-0.000645261 0.211236 0.0930518][-0.000306558 0.0930518 0.0411455]]
weight = 0.167473 mean = [-2.19798 1.08831 -2.31139] covariance = [[0.0127074 0.00165352 -0.00356354][0.00165352 0.016846 -0.00841185][-0.00356354 -0.00841185 0.0382612]]
weight = 0.702197 mean = [-2.20014 3.20092 -1.93246] covariance = [[1.60533e-05 1.37094e-05 3.45199e-07][1.37094e-05 2.34637e-05 1.26341e-05][3.45199e-07 1.26341e-05 1.62186e-05]]
]
2025-05-29 09:42:00 INFO  ren0 [gaussian_mixture_model.h:215] Before splitting
2025-05-29 09:42:00 INFO  ren0 [gaussian_mixture_model.h:216] GMM[
weight = 0.00849187 mean = [-2.24545 4.88016 -1.21672] covariance = [[0.000307215 0.000717552 0.000330449][0.000717552 0.00281956 0.00118602][0.000330449 0.00118602 0.00062344]]
weight = 0.0357894 mean = [-2.25185 4.86071 -1.22563] covariance = [[6.69005e-05 0.000158652 6.14619e-05][0.000158652 0.000412484 0.000167249][6.14619e-05 0.000167249 7.6152e-05]]
weight = 0.0029348 mean = [-2.25287 4.05307 -1.55142] covariance = [[2.7095e-05 -0.000348798 -0.000183537][-0.000348798 0.11221 0.0347634][-0.000183537 0.0347634 0.0120943]]
weight = 0.00113116 mean = [-2.20724 5.00248 -1.13767] covariance = [[3.09067e-05 1.15499e-05 2.69816e-06][1.15499e-05 0.000310271 8.04412e-05][2.69816e-06 8.04412e-05 3.20868e-05]]
weight = 0.000100637 mean = [-2.80998 2.04539 -3.95984] covariance = [[0.0538801 -0.0202054 0.00683813][-0.0202054 0.00797027 -0.00298499][0.00683813 -0.00298499 0.00229763]]
weight = 0.0719155 mean = [-2.76972 1.93844 -2.4381] covariance = [[1.07352 0.101547 0.184639][0.101547 1.07461 -0.0552824][0.184639 -0.0552824 0.809676]]
weight = 0.000332304 mean = [-2.25747 4.85989 -1.24199] covariance = [[0.000737004 -0.00049585 0.00124218][-0.00049585 0.00482126 0.000708135][0.00124218 0.000708135 0.00328663]]
weight = 0.146159 mean = [-2.15298 1.10236 -2.2587] covariance = [[0.0151779 -0.000326005 0.00149525][-0.000326005 0.0164419 -0.00232414][0.00149525 -0.00232414 0.0517898]]
weight = 0.733145 mean = [-2.20024 3.20119 -1.93224] covariance = [[1.99925e-05 2.16549e-05 3.79808e-06][2.16549e-05 4.31667e-05 2.37937e-05][3.79808e-06 2.37937e-05 2.34357e-05]]
]
2025-05-29 09:42:00 INFO  ren0 [gaussian_mixture_model.h:218] Before merging
2025-05-29 09:42:00 INFO  ren0 [gaussian_mixture_model.h:219] GMM[
weight = 0.00424593 mean = [-2.23838 4.90659 -1.20513] covariance = [[0.000217245 0.000343805 0.000166648][0.000343805 0.00143227 0.000573635][0.000166648 0.000573635 0.000365054]]
weight = 0.0357894 mean = [-2.25185 4.86071 -1.22563] covariance = [[6.69005e-05 0.000158652 6.14619e-05][0.000158652 0.000412484 0.000167249][6.14619e-05 0.000167249 7.6152e-05]]
weight = 0.0029348 mean = [-2.25287 4.05307 -1.55142] covariance = [[2.7095e-05 -0.000348798 -0.000183537][-0.000348798 0.11221 0.0347634][-0.000183537 0.0347634 0.0120943]]
weight = 0.00113116 mean = [-2.20724 5.00248 -1.13767] covariance = [[3.09067e-05 1.15499e-05 2.69816e-06][1.15499e-05 0.000310271 8.04412e-05][2.69816e-06 8.04412e-05 3.20868e-05]]
weight = 0.000100637 mean = [-2.80998 2.04539 -3.95984] covariance = [[0.0538801 -0.0202054 0.00683813][-0.0202054 0.00797027 -0.00298499][0.00683813 -0.00298499 0.00229763]]
weight = 0.0719155 mean = [-2.76972 1.93844 -2.4381] covariance = [[1.07352 0.101547 0.184639][0.101547 1.07461 -0.0552824][0.184639 -0.0552824 0.809676]]
weight = 0.000332304 mean = [-2.25747 4.85989 -1.24199] covariance = [[0.000737004 -0.00049585 0.00124218][-0.00049585 0.00482126 0.000708135][0.00124218 0.000708135 0.00328663]]
weight = 0.00424593 mean = [-2.25252 4.85372 -1.2283] covariance = [[0.000217245 0.000343805 0.000166648][0.000343805 0.00143227 0.000573635][0.000166648 0.000573635 0.000365054]]
weight = 0.146159 mean = [-2.15298 1.10236 -2.2587] covariance = [[0.0151779 -0.000326005 0.00149525][-0.000326005 0.0164419 -0.00232414][0.00149525 -0.00232414 0.0517898]]
weight = 0.733145 mean = [-2.20024 3.20119 -1.93224] covariance = [[1.99925e-05 2.16549e-05 3.79808e-06][2.16549e-05 4.31667e-05 2.37937e-05][3.79808e-06 2.37937e-05 2.34357e-05]]
]
2025-05-29 09:42:00 INFO  ren0 [gaussian_mixture_model.h:215] Before splitting
2025-05-29 09:42:00 INFO  ren0 [gaussian_mixture_model.h:216] GMM[
weight = 0.00216173 mean = [-2.24543 4.88018 -1.21671] covariance = [[0.000307974 0.000717454 0.00033061][0.000717454 0.00282058 0.0011856][0.00033061 0.0011856 0.000623783]]
weight = 0.00111023 mean = [-2.24905 3.91866 -1.61294] covariance = [[5.57425e-05 -0.0013991 -0.000637161][-0.0013991 0.116287 0.0413548][-0.000637161 0.0413548 0.0162554]]
weight = 0.000287904 mean = [-2.20724 5.00247 -1.13767] covariance = [[3.11315e-05 1.1228e-05 2.79016e-06][1.1228e-05 0.000311184 8.02649e-05][2.79016e-06 8.02649e-05 3.21338e-05]]
weight = 3.70559e-05 mean = [-2.93037 2.07513 -3.93786] covariance = [[0.0698864 -0.0221331 -0.000996426][-0.0221331 0.00761535 -0.000758978][-0.000996426 -0.000758978 0.00287114]]
weight = 0.138733 mean = [-2.33036 2.68185 -2.16774] covariance = [[0.352629 0.0710212 0.180021][0.0710212 1.1708 0.345631][0.180021 0.345631 0.628527]]
weight = 1.2885e-07 mean = [-2.25449 4.85548 -1.21521] covariance = [[0.000192708 -0.000204726 5.68181e-05][-0.000204726 0.000854559 5.4227e-05][5.68181e-05 5.4227e-05 0.00022526]]
weight = 0.132538 mean = [-2.21723 1.1165 -2.27096] covariance = [[0.0149691 -0.000423442 -0.00576586][-0.000423442 0.0215642 -0.00413392][-0.00576586 -0.00413392 0.0521062]]
weight = 0.725133 mean = [-2.20031 3.20035 -1.93197] covariance = [[1.78572e-05 1.55068e-05 7.40384e-07][1.55068e-05 2.46727e-05 1.27784e-05][7.40384e-07 1.27784e-05 1.65877e-05]]
]
2025-05-29 09:42:00 INFO  ren0 [gaussian_mixture_model.h:218] Before merging
2025-05-29 09:42:00 INFO  ren0 [gaussian_mixture_model.h:219] GMM[
weight = 0.00108086 mean = [-2.23836 4.90661 -1.20513] covariance = [[0.000217984 0.000343615 0.000166833][0.000343615 0.00143288 0.000573276][0.000166833 0.000573276 0.000365526]]
weight = 0.00108086 mean = [-2.2525 4.85374 -1.22829] covariance = [[0.000217984 0.000343615 0.000166833][0.000343615 0.00143288 0.000573276][0.000166833 0.000573276 0.000365526]]
weight = 0.00111023 mean = [-2.24905 3.91866 -1.61294] covariance = [[5.57425e-05 -0.0013991 -0.000637161][-0.0013991 0.116287 0.0413548][-0.000637161 0.0413548 0.0162554]]
weight = 0.000143952 mean = [-2.20689 5.01128 -1.13531] covariance = [[4.08874e-05 5.07288e-06 1.14621e-06][5.07288e-06 0.000165967 3.88084e-05][1.14621e-06 3.88084e-05 3.10613e-05]]
weight = 3.70559e-05 mean = [-2.93037 2.07513 -3.93786] covariance = [[0.0698864 -0.0221331 -0.000996426][-0.0221331 0.00761535 -0.000758978][-0.000996426 -0.000758978 0.00287114]]
weight = 0.138733 mean = [-2.33036 2.68185 -2.16774] covariance = [[0.352629 0.0710212 0.180021][0.0710212 1.1708 0.345631][0.180021 0.345631 0.628527]]
weight = 0.000143952 mean = [-2.20759 4.99366 -1.14002] covariance = [[4.08874e-05 5.07288e-06 1.14621e-06][5.07288e-06 0.000165967 3.88084e-05][1.14621e-06 3.88084e-05 3.10613e-05]]
weight = 1.2885e-07 mean = [-2.25449 4.85548 -1.21521] covariance = [[0.000192708 -0.000204726 5.68181e-05][-0.000204726 0.000854559 5.4227e-05][5.68181e-05 5.4227e-05 0.00022526]]
weight = 0.132538 mean = [-2.21723 1.1165 -2.27096] covariance = [[0.0149691 -0.000423442 -0.00576586][-0.000423442 0.0215642 -0.00413392][-0.00576586 -0.00413392 0.0521062]]
weight = 0.725133 mean = [-2.20031 3.20035 -1.93197] covariance = [[1.78572e-05 1.55068e-05 7.40384e-07][1.55068e-05 2.46727e-05 1.27784e-05][7.40384e-07 1.27784e-05 1.65877e-05]]
]
2025-05-29 09:42:00 INFO  ren0 [gaussian_mixture_model.h:215] Before splitting
2025-05-29 09:42:00 INFO  ren0 [gaussian_mixture_model.h:216] GMM[
weight = 0.000687047 mean = [-2.24416 4.88208 -1.21592] covariance = [[0.000365558 0.000797123 0.000362697][0.000797123 0.00289718 0.00121766][0.000362697 0.00121766 0.000634184]]
weight = 7.3793e-07 mean = [-2.19423 4.95506 -1.18554] covariance = [[7.36717e-05 0.000152319 5.56403e-05][0.000152319 0.000382169 0.00013452][5.56403e-05 0.00013452 7.00242e-05]]
weight = 0.00071596 mean = [-2.24802 3.91759 -1.61602] covariance = [[0.000116013 -0.00318252 -0.0014669][-0.00318252 0.131371 0.0542412][-0.0014669 0.0542412 0.0235348]]
weight = 0.000357068 mean = [-2.20689 5.01128 -1.13531] covariance = [[4.08874e-05 5.07288e-06 1.14621e-06][5.07288e-06 0.000165967 3.88084e-05][1.14621e-06 3.88084e-05 3.10613e-05]]
weight = 1.1507e-05 mean = [-2.93005 2.07492 -3.9377] covariance = [[0.0698565 -0.0221471 -0.000962855][-0.0221471 0.00763746 -0.000781699][-0.000962855 -0.000781699 0.00288541]]
weight = 0.000143952 mean = [-2.20759 4.99366 -1.14002] covariance = [[4.08874e-05 5.07288e-06 1.14621e-06][5.07288e-06 0.000165967 3.88084e-05][1.14621e-06 3.88084e-05 3.10613e-05]]
weight = 0.107631 mean = [-2.23009 1.71092 -2.23586] covariance = [[0.0232662 -0.000768248 0.0059579][-0.000768248 0.852081 0.149123][0.0059579 0.149123 0.082201]]
weight = 0.890597 mean = [-2.2004 3.20033 -1.9321] covariance = [[1.47178e-05 1.09664e-05 -3.55016e-07][1.09664e-05 1.66799e-05 9.28658e-06][-3.55016e-07 9.28658e-06 1.42584e-05]]
]
2025-05-29 09:42:00 INFO  ren0 [gaussian_mixture_model.h:218] Before merging
2025-05-29 09:42:00 INFO  ren0 [gaussian_mixture_model.h:219] GMM[
weight = 0.000343523 mean = [-2.23639 4.90887 -1.20421] covariance = [[0.000254822 0.000380835 0.000180737][0.000380835 0.00147184 0.000590274][0.000180737 0.000590274 0.000369953]]
weight = 3.68965e-07 mean = [-2.19023 4.96479 -1.18194] covariance = [[5.17125e-05 7.45317e-05 2.6807e-05][7.45317e-05 0.000202836 6.43408e-05][2.6807e-05 6.43408e-05 5.40111e-05]]
weight = 0.00071596 mean = [-2.24802 3.91759 -1.61602] covariance = [[0.000116013 -0.00318252 -0.0014669][-0.00318252 0.131371 0.0542412][-0.0014669 0.0542412 0.0235348]]
weight = 0.000357068 mean = [-2.20689 5.01128 -1.13531] covariance = [[4.08874e-05 5.07288e-06 1.14621e-06][5.07288e-06 0.000165967 3.88084e-05][1.14621e-06 3.88084e-05 3.10613e-05]]
weight = 1.1507e-05 mean = [-2.93005 2.07492 -3.9377] covariance = [[0.0698565 -0.0221471 -0.000962855][-0.0221471 0.00763746 -0.000781699][-0.000962855 -0.000781699 0.00288541]]
weight = 0.000343523 mean = [-2.25193 4.85529 -1.22763] covariance = [[0.000254822 0.000380835 0.000180737][0.000380835 0.00147184 0.000590274][0.000180737 0.000590274 0.000369953]]
weight = 0.000143952 mean = [-2.20759 4.99366 -1.14002] covariance = [[4.08874e-05 5.07288e-06 1.14621e-06][5.07288e-06 0.000165967 3.88084e-05][1.14621e-06 3.88084e-05 3.10613e-05]]
weight = 3.68965e-07 mean = [-2.19823 4.94533 -1.18915] covariance = [[5.17125e-05 7.45317e-05 2.6807e-05][7.45317e-05 0.000202836 6.43408e-05][2.6807e-05 6.43408e-05 5.40111e-05]]
weight = 0.107631 mean = [-2.23009 1.71092 -2.23586] covariance = [[0.0232662 -0.000768248 0.0059579][-0.000768248 0.852081 0.149123][0.0059579 0.149123 0.082201]]
weight = 0.890597 mean = [-2.2004 3.20033 -1.9321] covariance = [[1.47178e-05 1.09664e-05 -3.55016e-07][1.09664e-05 1.66799e-05 9.28658e-06][-3.55016e-07 9.28658e-06 1.42584e-05]]
]
2025-05-29 09:42:00 INFO  ren0 [gaussian_mixture_model.h:215] Before splitting
2025-05-29 09:42:00 INFO  ren0 [gaussian_mixture_model.h:216] GMM[
weight = 0.000165111 mean = [-2.24262 4.88442 -1.21138] covariance = [[0.000370052 0.000783147 0.000421759][0.000783147 0.00275924 0.00125533][0.000421759 0.00125533 0.000839422]]
weight = 0.00066429 mean = [-2.23067 3.45409 -1.8288] covariance = [[0.00016298 -0.00431524 -0.00195463][-0.00431524 0.13105 0.0570591][-0.00195463 0.0570591 0.0253119]]
weight = 0.000507908 mean = [-3.11562 2.1826 -4.12794] covariance = [[0.0139225 0.000224348 -0.00760176][0.000224348 0.00197862 -0.00384121][-0.00760176 -0.00384121 0.0116036]]
weight = 2.42362e-06 mean = [-2.22788 4.90368 -1.16436] covariance = [[0.000229997 0.00019736 0.000277201][0.00019736 0.000490375 0.000418113][0.000277201 0.000418113 0.000590371]]
weight = 1.25372e-06 mean = [-2.18395 5.03 -1.13443] covariance = [[0.000127882 0.000112964 -6.36379e-06][0.000112964 0.000302842 8.28278e-05][-6.36379e-06 8.28278e-05 5.78265e-05]]
weight = 0.232992 mean = [-2.26579 2.22843 -2.14914] covariance = [[0.0677156 0.049642 0.0252593][0.049642 1.24698 0.289654][0.0252593 0.289654 0.220856]]
weight = 0.765667 mean = [-2.20012 3.20011 -1.93229] covariance = [[1.47606e-05 1.0334e-05 -5.2144e-07][1.0334e-05 1.44394e-05 7.98802e-06][-5.2144e-07 7.98802e-06 1.3385e-05]]
]
2025-05-29 09:42:00 INFO  ren0 [gaussian_mixture_model.h:218] Before merging
2025-05-29 09:42:00 INFO  ren0 [gaussian_mixture_model.h:219] GMM[
weight = 8.25556e-05 mean = [-2.23468 4.91041 -1.19846] covariance = [[0.000254137 0.000370668 0.000216632][0.000370668 0.00141803 0.000583366][0.000216632 0.000583366 0.000515254]]
weight = 8.25556e-05 mean = [-2.25055 4.85843 -1.22431] covariance = [[0.000254137 0.000370668 0.000216632][0.000370668 0.00141803 0.000583366][0.000216632 0.000583366 0.000515254]]
weight = 0.00066429 mean = [-2.23067 3.45409 -1.8288] covariance = [[0.00016298 -0.00431524 -0.00195463][-0.00431524 0.13105 0.0570591][-0.00195463 0.0570591 0.0253119]]
weight = 0.000253954 mean = [-3.1686 2.17221 -4.08002] covariance = [[0.00831904 -0.000876255 -0.00252491][-0.000876255 0.00177282 -0.00284581][-0.00252491 -0.00284581 0.00702208]]
weight = 0.000253954 mean = [-3.06265 2.19299 -4.17585] covariance = [[0.00831904 -0.000876255 -0.00252491][-0.000876255 0.00177282 -0.00284581][-0.00252491 -0.00284581 0.00702208]]
weight = 1.21181e-06 mean = [-2.22184 4.91373 -1.15269] covariance = [[0.000167099 7.59952e-05 0.000136358][7.59952e-05 0.00029832 0.00018363][0.000136358 0.00018363 0.000328256]]
weight = 1.25372e-06 mean = [-2.18395 5.03 -1.13443] covariance = [[0.000127882 0.000112964 -6.36379e-06][0.000112964 0.000302842 8.28278e-05][-6.36379e-06 8.28278e-05 5.78265e-05]]
weight = 1.21181e-06 mean = [-2.23392 4.89363 -1.17602] covariance = [[0.000167099 7.59952e-05 0.000136358][7.59952e-05 0.00029832 0.00018363][0.000136358 0.00018363 0.000328256]]
weight = 0.232992 mean = [-2.26579 2.22843 -2.14914] covariance = [[0.0677156 0.049642 0.0252593][0.049642 1.24698 0.289654][0.0252593 0.289654 0.220856]]
weight = 0.765667 mean = [-2.20012 3.20011 -1.93229] covariance = [[1.47606e-05 1.0334e-05 -5.2144e-07][1.0334e-05 1.44394e-05 7.98802e-06][-5.2144e-07 7.98802e-06 1.3385e-05]]
]
2025-05-29 09:42:00 INFO  ren0 [gaussian_mixture_model.h:215] Before splitting
2025-05-29 09:42:00 INFO  ren0 [gaussian_mixture_model.h:216] GMM[
weight = 3.52781e-05 mean = [-2.24261 4.88451 -1.21137] covariance = [[0.000370318 0.00078079 0.000421626][0.00078079 0.00275595 0.00125244][0.000421626 0.00125244 0.000840837]]
weight = 9.33454e-08 mean = [-2.24656 4.87451 -1.22339] covariance = [[0.000342722 2.87369e-06 -0.000137708][2.87369e-06 0.00236299 3.92129e-05][-0.000137708 3.92129e-05 0.00065321]]
weight = 0.00025488 mean = [-3.35727 2.21861 -4.08152] covariance = [[0.000157422 -6.71504e-05 -0.000183065][-6.71504e-05 4.33896e-05 7.92754e-05][-0.000183065 7.92754e-05 0.000301243]]
weight = 0.000123939 mean = [-3.14586 2.18706 -4.12236] covariance = [[0.0185703 -0.000747386 -0.00781145][-0.000747386 0.00186733 -0.00317768][-0.00781145 -0.00317768 0.0103511]]
weight = 0.288046 mean = [-2.25219 2.29546 -2.10943] covariance = [[0.0618086 0.0234651 0.0279988][0.0234651 1.17822 0.246043][0.0279988 0.246043 0.191701]]
weight = 0.71154 mean = [-2.20019 3.19999 -1.93195] covariance = [[1.35277e-05 9.00354e-06 -1.1541e-06][9.00354e-06 1.27775e-05 7.06045e-06][-1.1541e-06 7.06045e-06 1.28368e-05]]
]
2025-05-29 09:42:00 INFO  ren0 [gaussian_mixture_model.h:218] Before merging
2025-05-29 09:42:00 INFO  ren0 [gaussian_mixture_model.h:219] GMM[
weight = 1.7639e-05 mean = [-2.23469 4.91049 -1.19845] covariance = [[0.000254752 0.000369196 0.000216882][0.000369196 0.00141678 0.000581303][0.000216882 0.000581303 0.000516987]]
weight = 9.33454e-08 mean = [-2.24656 4.87451 -1.22339] covariance = [[0.000342722 2.87369e-06 -0.000137708][2.87369e-06 0.00236299 3.92129e-05][-0.000137708 3.92129e-05 0.00065321]]
weight = 1.7639e-05 mean = [-2.25054 4.85854 -1.22429] covariance = [[0.000254752 0.000369196 0.000216882][0.000369196 0.00141678 0.000581303][0.000216882 0.000581303 0.000516987]]
weight = 0.00012744 mean = [-3.35141 2.216 -4.09] covariance = [[9.8729e-05 -3.65911e-05 -8.3681e-05][-3.65911e-05 3.97947e-05 3.50626e-05][-8.3681e-05 3.50626e-05 0.000167455]]
weight = 6.19697e-05 mean = [-3.08089 2.19072 -4.16234] covariance = [[0.0101369 -0.00122254 -0.0026155][-0.00122254 0.00185059 -0.00288528][-0.0026155 -0.00288528 0.00716362]]
weight = 0.00012744 mean = [-3.36313 2.22121 -4.07304] covariance = [[9.8729e-05 -3.65911e-05 -8.3681e-05][-3.65911e-05 3.97947e-05 3.50626e-05][-8.3681e-05 3.50626e-05 0.000167455]]
weight = 6.19697e-05 mean = [-3.21084 2.1834 -4.08237] covariance = [[0.0101369 -0.00122254 -0.0026155][-0.00122254 0.00185059 -0.00288528][-0.0026155 -0.00288528 0.00716362]]
weight = 0.144023 mean = [-2.26604 1.75443 -2.23716] covariance = [[0.0614351 0.00848147 0.0244613][0.00848147 0.592791 0.107828][0.0244613 0.107828 0.15908]]
weight = 0.144023 mean = [-2.23834 2.8365 -1.9817] covariance = [[0.0614351 0.00848147 0.0244613][0.00848147 0.592791 0.107828][0.0244613 0.107828 0.15908]]
weight = 0.71154 mean = [-2.20019 3.19999 -1.93195] covariance = [[1.35277e-05 9.00354e-06 -1.1541e-06][9.00354e-06 1.27775e-05 7.06045e-06][-1.1541e-06 7.06045e-06 1.28368e-05]]
]
2025-05-29 09:42:01 INFO  ren0 [gaussian_mixture_model.h:215] Before splitting
2025-05-29 09:42:01 INFO  ren0 [gaussian_mixture_model.h:216] GMM[
weight = 0.000132986 mean = [-2.21662 4.91749 -1.19939] covariance = [[9.94732e-05 0.000132283 5.56039e-05][0.000132283 0.000304113 0.000123306][5.56039e-05 0.000123306 8.2762e-05]]
weight = 2.93024e-05 mean = [-2.21525 4.91955 -1.19844] covariance = [[5.11207e-05 3.39265e-05 -4.56612e-07][3.39265e-05 3.38285e-05 7.63367e-07][-4.56612e-07 7.63367e-07 1.02453e-05]]
weight = 0.000282242 mean = [-3.35141 2.216 -4.09] covariance = [[9.8729e-05 -3.65911e-05 -8.3681e-05][-3.65911e-05 3.97947e-05 3.50626e-05][-8.3681e-05 3.50626e-05 0.000167455]]
weight = 3.94614e-05 mean = [-3.15327 2.18201 -4.09563] covariance = [[0.0168295 -0.000324945 -0.00845485][-0.000324945 0.00182655 -0.00376746][-0.00845485 -0.00376746 0.0141748]]
weight = 0.00012744 mean = [-3.36313 2.22121 -4.07304] covariance = [[9.8729e-05 -3.65911e-05 -8.3681e-05][-3.65911e-05 3.97947e-05 3.50626e-05][-8.3681e-05 3.50626e-05 0.000167455]]
weight = 4.40463e-05 mean = [-3.20826 2.14731 -3.91201] covariance = [[0.000126661 -6.28275e-05 5.68089e-05][-6.28275e-05 4.70683e-05 -3.54905e-05][5.68089e-05 -3.54905e-05 4.58118e-05]]
weight = 0.0949222 mean = [-2.24899 1.25812 -2.18988] covariance = [[0.152817 -0.0168176 -0.0234037][-0.0168176 0.217902 0.0122589][-0.0234037 0.0122589 0.181546]]
weight = 0.115924 mean = [-2.25537 2.38931 -2.06762] covariance = [[0.0815995 0.0182801 0.0133784][0.0182801 1.2547 0.248273][0.0133784 0.248273 0.191236]]
weight = 0.788626 mean = [-2.20063 3.20167 -1.93224] covariance = [[1.44796e-05 1.27009e-05 -1.71132e-07][1.27009e-05 2.26788e-05 1.11213e-05][-1.71132e-07 1.11213e-05 1.41098e-05]]
]
2025-05-29 09:42:01 INFO  ren0 [gaussian_mixture_model.h:218] Before merging
2025-05-29 09:42:01 INFO  ren0 [gaussian_mixture_model.h:219] GMM[
weight = 6.6493e-05 mean = [-2.21245 4.92609 -1.19559] covariance = [[7.46952e-05 6.05995e-05 2.39215e-05][6.05995e-05 0.000166359 5.80028e-05][2.39215e-05 5.80028e-05 6.38997e-05]]
weight = 6.6493e-05 mean = [-2.22079 4.9089 -1.20319] covariance = [[7.46952e-05 6.05995e-05 2.39215e-05][6.05995e-05 0.000166359 5.80028e-05][2.39215e-05 5.80028e-05 6.38997e-05]]
weight = 2.93024e-05 mean = [-2.21525 4.91955 -1.19844] covariance = [[5.11207e-05 3.39265e-05 -4.56612e-07][3.39265e-05 3.38285e-05 7.63367e-07][-4.56612e-07 7.63367e-07 1.02453e-05]]
weight = 0.000282242 mean = [-3.35141 2.216 -4.09] covariance = [[9.8729e-05 -3.65911e-05 -8.3681e-05][-3.65911e-05 3.97947e-05 3.50626e-05][-8.3681e-05 3.50626e-05 0.000167455]]
weight = 3.94614e-05 mean = [-3.15327 2.18201 -4.09563] covariance = [[0.0168295 -0.000324945 -0.00845485][-0.000324945 0.00182655 -0.00376746][-0.00845485 -0.00376746 0.0141748]]
weight = 0.00012744 mean = [-3.36313 2.22121 -4.07304] covariance = [[9.8729e-05 -3.65911e-05 -8.3681e-05][-3.65911e-05 3.97947e-05 3.50626e-05][-8.3681e-05 3.50626e-05 0.000167455]]
weight = 4.40463e-05 mean = [-3.20826 2.14731 -3.91201] covariance = [[0.000126661 -6.28275e-05 5.68089e-05][-6.28275e-05 4.70683e-05 -3.54905e-05][5.68089e-05 -3.54905e-05 4.58118e-05]]
weight = 0.0949222 mean = [-2.24899 1.25812 -2.18988] covariance = [[0.152817 -0.0168176 -0.0234037][-0.0168176 0.217902 0.0122589][-0.0234037 0.0122589 0.181546]]
weight = 0.115924 mean = [-2.25537 2.38931 -2.06762] covariance = [[0.0815995 0.0182801 0.0133784][0.0182801 1.2547 0.248273][0.0133784 0.248273 0.191236]]
weight = 0.788626 mean = [-2.20063 3.20167 -1.93224] covariance = [[1.44796e-05 1.27009e-05 -1.71132e-07][1.27009e-05 2.26788e-05 1.11213e-05][-1.71132e-07 1.11213e-05 1.41098e-05]]
]
2025-05-29 09:42:01 INFO  ren0 [MIFocalGuidingPathTracer] GMM[
weight = 6.64845e-05 mean = [-2.21245 4.92609 -1.19559] covariance = [[7.46952e-05 6.05995e-05 2.39215e-05][6.05995e-05 0.000166359 5.80028e-05][2.39215e-05 5.80028e-05 6.38997e-05]]
weight = 6.64845e-05 mean = [-2.22079 4.9089 -1.20319] covariance = [[7.46952e-05 6.05995e-05 2.39215e-05][6.05995e-05 0.000166359 5.80028e-05][2.39215e-05 5.80028e-05 6.38997e-05]]
weight = 2.92986e-05 mean = [-2.21525 4.91955 -1.19844] covariance = [[5.11207e-05 3.39265e-05 -4.56612e-07][3.39265e-05 3.38285e-05 7.63367e-07][-4.56612e-07 7.63367e-07 1.02453e-05]]
weight = 3.94564e-05 mean = [-3.15327 2.18201 -4.09563] covariance = [[0.0168295 -0.000324945 -0.00845485][-0.000324945 0.00182655 -0.00376746][-0.00845485 -0.00376746 0.0141748]]
weight = 0.00040963 mean = [-3.35505 2.21762 -4.08472] covariance = [[0.000138172 -4.96891e-05 -0.000126278][-4.96891e-05 5.56217e-05 5.40127e-05][-0.000126278 5.40127e-05 0.000239085]]
weight = 4.40407e-05 mean = [-3.20826 2.14731 -3.91201] covariance = [[0.000126661 -6.28275e-05 5.68089e-05][-6.28275e-05 4.70683e-05 -3.54905e-05][5.68089e-05 -3.54905e-05 4.58118e-05]]
weight = 0.0949101 mean = [-2.24899 1.25812 -2.18988] covariance = [[0.152817 -0.0168176 -0.0234037][-0.0168176 0.217902 0.0122589][-0.0234037 0.0122589 0.181546]]
weight = 0.115909 mean = [-2.25537 2.38931 -2.06762] covariance = [[0.0815995 0.0182801 0.0133784][0.0182801 1.2547 0.248273][0.0133784 0.248273 0.191236]]
weight = 0.788525 mean = [-2.20063 3.20167 -1.93224] covariance = [[1.44796e-05 1.27009e-05 -1.71132e-07][1.27009e-05 2.26788e-05 1.11213e-05][-1.71132e-07 1.11213e-05 1.41098e-05]]
]
2025-05-29 09:42:01 INFO  ren0 [octree.h:534] root weight: 1.976e+05 (197570.703125)
2025-05-29 09:42:01 INFO  ren0 [octree.h:535] splitting threshold: 1.976e+02 (197.570709)
2025-05-29 09:42:01 INFO  ren0 [octree.h:534] root weight: 1.309e+02 (130.914276)
2025-05-29 09:42:01 INFO  ren0 [octree.h:535] splitting threshold: 1.309e-01 (0.130914)
2025-05-29 09:42:01 INFO  ren0 [octree.h:550] node count: 1602 -> 1602 -> 1405

2025-05-29 09:42:01 INFO  ren0 [octree.h:550] node count: 704 -> 704 -> 704

2025-05-29 09:42:01 INFO  ren0 [MIFocalGuidingPathTracer] ITERATION 15, until 1800.0 seconds
